-- phpMyAdmin SQL Dump
-- version 4.8.5
-- https://www.phpmyadmin.net/
--
-- Servidor: 127.0.0.1
-- Tiempo de generación: 28-03-2019 a las 13:14:10
-- Versión del servidor: 10.1.38-MariaDB
-- Versión de PHP: 7.2.16

SET SQL_MODE = "NO_AUTO_VALUE_ON_ZERO";
SET AUTOCOMMIT = 0;
START TRANSACTION;
SET time_zone = "+00:00";


/*!40101 SET @OLD_CHARACTER_SET_CLIENT=@@CHARACTER_SET_CLIENT */;
/*!40101 SET @OLD_CHARACTER_SET_RESULTS=@@CHARACTER_SET_RESULTS */;
/*!40101 SET @OLD_COLLATION_CONNECTION=@@COLLATION_CONNECTION */;
/*!40101 SET NAMES utf8mb4 */;

--
-- Base de datos: `qualificajocs`
--

-- --------------------------------------------------------

--
-- Estructura de tabla para la tabla `compañia`
--

CREATE TABLE `compañia` (
  `ID_COMPAÑIA` int(11) NOT NULL,
  `NOMBRE_COMPAÑIA` varchar(40) NOT NULL
) ENGINE=InnoDB DEFAULT CHARSET=utf8;

--
-- Volcado de datos para la tabla `compañia`
--

INSERT INTO `compañia` (`ID_COMPAÑIA`, `NOMBRE_COMPAÑIA`) VALUES
(1, 'Nombre_Compañia_1'),
(2, 'Nombre_Compañia_2'),
(3, 'Nombre_Compañia_3'),
(4, 'Nombre_Compañia_4'),
(5, 'Nombre_Compañia_5'),
(6, 'Nombre_Compañia_6'),
(7, 'Nombre_Compañia_7'),
(8, 'Nombre_Compañia_8'),
(9, 'Nombre_Compañia_9'),
(10, 'Nombre_Compañia_10'),
(11, 'Nombre_Compañia_11'),
(12, 'Nombre_Compañia_12'),
(13, 'Nombre_Compañia_13'),
(14, 'Nombre_Compañia_14'),
(15, 'Nombre_Compañia_15'),
(16, 'Nombre_Compañia_16'),
(17, 'Nombre_Compañia_17'),
(18, 'Nombre_Compañia_18'),
(19, 'Nombre_Compañia_19'),
(20, 'Nombre_Compañia_20'),
(21, 'Nombre_Compañia_21'),
(22, 'Nombre_Compañia_22'),
(23, 'Nombre_Compañia_23'),
(24, 'Nombre_Compañia_24'),
(25, 'Nombre_Compañia_25'),
(26, 'Nombre_Compañia_26'),
(27, 'Nombre_Compañia_27'),
(28, 'Nombre_Compañia_28'),
(29, 'Nombre_Compañia_29'),
(30, 'Nombre_Compañia_30'),
(31, 'Nombre_Compañia_31'),
(32, 'Nombre_Compañia_32'),
(33, 'Nombre_Compañia_33'),
(34, 'Nombre_Compañia_34'),
(35, 'Nombre_Compañia_35'),
(36, 'Nombre_Compañia_36'),
(37, 'Nombre_Compañia_37'),
(38, 'Nombre_Compañia_38'),
(39, 'Nombre_Compañia_39'),
(40, 'Nombre_Compañia_40'),
(41, 'Nombre_Compañia_41'),
(42, 'Nombre_Compañia_42'),
(43, 'Nombre_Compañia_43'),
(44, 'Nombre_Compañia_44'),
(45, 'Nombre_Compañia_45'),
(46, 'Nombre_Compañia_46'),
(47, 'Nombre_Compañia_47'),
(48, 'Nombre_Compañia_48'),
(49, 'Nombre_Compañia_49'),
(50, 'Nombre_Compañia_50');

-- --------------------------------------------------------

--
-- Estructura de tabla para la tabla `genero`
--

CREATE TABLE `genero` (
  `ID_GENERO` int(11) NOT NULL,
  `NOMBRE_GENERO_ES` varchar(20) NOT NULL,
  `NOMBRE_GENERO_EN` varchar(20) NOT NULL,
  `NOMBRE_GENERO_PT` varchar(20) NOT NULL
) ENGINE=InnoDB DEFAULT CHARSET=utf8;

--
-- Volcado de datos para la tabla `genero`
--

INSERT INTO `genero` (`ID_GENERO`, `NOMBRE_GENERO_ES`, `NOMBRE_GENERO_EN`, `NOMBRE_GENERO_PT`) VALUES
(1, 'Aventura gráfica', 'Graphic adventure', 'Aventura gráfica'),
(2, 'Estrategia', 'Strategy', 'Estratégia'),
(3, 'Musical', 'Musical', 'Musical'),
(4, 'Plataformas', 'Plataformer', 'Plataforma'),
(5, 'Rol', 'Role', 'Rol'),
(6, 'Automovilismo', 'Racing', 'Automobilismo'),
(7, 'Acción', 'Action', 'Ação'),
(8, 'Estrategia en tiempo', 'Realtime strategy', 'Estratégia em tempo '),
(9, 'Lucha', 'Fighting', 'Luta'),
(10, 'Otros', 'Others', 'Outros'),
(11, 'Puzle', 'Puzzle', 'Quebra-cabeças'),
(12, 'Juego de guerra', 'Wargames', 'jogos de guerra'),
(13, 'Disparos en tercera ', 'Third person shooter', 'Atirador em terceira'),
(14, 'Deportes', 'Sports', 'Desporto'),
(15, 'Realidad Virtual', 'Virtual reality', 'Realidade virtual'),
(16, 'Simulación', 'Simulation', 'Simulação'),
(17, 'Disparos en primera ', 'First-Person shooter', 'Atirador em primeira'),
(18, 'Vuelo', 'Flight', 'Voo'),
(19, 'Fiesta', 'Party', 'Festa'),
(20, 'Estrategia por turno', 'Turn-based strategy', 'Estratégia por turno');

-- --------------------------------------------------------

--
-- Estructura de tabla para la tabla `genero_videojuego`
--

CREATE TABLE `genero_videojuego` (
  `ID_VIDEOJUEGO` int(11) NOT NULL,
  `ID_GENERO` int(11) NOT NULL
) ENGINE=InnoDB DEFAULT CHARSET=utf8;

--
-- Volcado de datos para la tabla `genero_videojuego`
--

INSERT INTO `genero_videojuego` (`ID_VIDEOJUEGO`, `ID_GENERO`) VALUES
(1, 3),
(1, 4),
(1, 9),
(2, 14),
(2, 19),
(2, 20),
(3, 1),
(4, 4),
(4, 15),
(4, 19),
(5, 2),
(5, 19),
(6, 19),
(7, 7),
(7, 16),
(8, 13),
(8, 17),
(9, 8),
(9, 18),
(10, 2),
(10, 4),
(10, 16),
(11, 2),
(11, 5),
(11, 17),
(12, 2),
(12, 3),
(12, 9),
(13, 6),
(13, 13),
(13, 18),
(14, 2),
(15, 13),
(15, 14),
(15, 16),
(16, 4),
(16, 17),
(17, 11),
(18, 6),
(18, 16),
(19, 3),
(19, 7),
(20, 10),
(20, 17),
(20, 20),
(21, 3),
(21, 7),
(22, 20),
(23, 3),
(23, 9),
(24, 10),
(24, 15),
(24, 16),
(25, 13),
(26, 1),
(27, 12),
(27, 15),
(28, 15),
(28, 16),
(29, 2),
(29, 14),
(29, 16),
(30, 7),
(30, 12),
(31, 2),
(31, 13),
(32, 4),
(33, 10),
(33, 15),
(34, 2),
(34, 5),
(34, 10),
(35, 16),
(36, 7),
(36, 19),
(37, 2),
(37, 16),
(38, 14),
(38, 15),
(39, 8),
(39, 11),
(40, 15),
(41, 4),
(41, 5),
(41, 14),
(42, 9),
(42, 12),
(43, 1),
(43, 9),
(44, 1),
(44, 9),
(44, 16),
(45, 6),
(45, 16),
(45, 18),
(46, 9),
(46, 20),
(47, 13),
(47, 14),
(47, 16),
(48, 7),
(49, 10),
(49, 18),
(50, 14),
(50, 16),
(50, 20),
(51, 8),
(51, 11),
(51, 13),
(52, 4),
(52, 9),
(53, 4),
(53, 16),
(53, 20),
(54, 5),
(54, 8),
(55, 20),
(56, 19),
(57, 4),
(57, 9),
(57, 14),
(58, 6),
(58, 13),
(58, 16),
(59, 1),
(59, 5),
(59, 6),
(60, 7),
(60, 18),
(61, 14),
(62, 19),
(62, 20),
(63, 14),
(63, 15),
(64, 1),
(64, 6),
(64, 11),
(65, 8),
(65, 14),
(65, 16),
(66, 2),
(66, 3),
(66, 8),
(67, 2),
(68, 8),
(68, 11),
(68, 12),
(69, 1),
(69, 11),
(69, 17),
(70, 1),
(70, 7),
(70, 20),
(71, 11),
(71, 12),
(72, 1),
(72, 5),
(72, 19),
(73, 5),
(73, 16),
(73, 18),
(74, 16),
(74, 17),
(74, 19),
(75, 9),
(75, 10),
(75, 20),
(76, 1),
(76, 6),
(77, 2),
(77, 5),
(77, 11),
(78, 3),
(78, 11),
(78, 15),
(79, 9),
(80, 3),
(80, 12),
(80, 14),
(81, 19),
(82, 13),
(82, 14),
(82, 19),
(83, 7),
(84, 8),
(85, 4),
(85, 7),
(85, 13),
(86, 3),
(86, 17),
(87, 15),
(88, 16),
(89, 10),
(90, 18),
(91, 12),
(91, 14),
(91, 19),
(92, 9),
(92, 10),
(92, 11),
(93, 16),
(93, 18),
(94, 4),
(94, 11),
(94, 18),
(95, 11),
(95, 19),
(96, 6),
(97, 10),
(97, 12),
(97, 16),
(98, 3),
(98, 5),
(99, 16),
(99, 17),
(100, 4),
(101, 2),
(101, 3),
(101, 20),
(102, 10),
(102, 11),
(102, 16),
(103, 2),
(103, 3),
(103, 17),
(104, 1),
(104, 7),
(104, 20),
(105, 11),
(105, 15),
(106, 8),
(106, 9),
(106, 11),
(107, 7),
(107, 10),
(107, 17),
(108, 6),
(108, 10),
(108, 13),
(109, 20),
(110, 5),
(110, 13),
(111, 6),
(111, 17),
(111, 18),
(112, 6),
(113, 7),
(113, 12),
(113, 13),
(114, 20),
(115, 13),
(115, 14),
(115, 15),
(116, 19),
(116, 20),
(117, 1),
(117, 12),
(118, 2),
(118, 3),
(119, 4),
(119, 7),
(119, 8),
(120, 6),
(120, 7),
(120, 9),
(121, 7),
(121, 11),
(122, 1),
(122, 16),
(123, 3),
(123, 6),
(123, 11),
(124, 7),
(125, 16),
(126, 14),
(127, 1),
(127, 8),
(127, 10),
(128, 4),
(128, 9),
(128, 15),
(129, 1),
(130, 12),
(131, 1),
(132, 5),
(132, 15),
(132, 16),
(133, 4),
(133, 16),
(133, 18),
(134, 6),
(134, 12),
(135, 1),
(135, 6),
(135, 10),
(136, 3),
(136, 9),
(136, 10),
(137, 4),
(138, 14),
(139, 9),
(140, 19),
(141, 13),
(142, 4),
(143, 4),
(143, 18),
(144, 14),
(144, 16),
(144, 19),
(145, 7),
(145, 8),
(145, 16),
(146, 5),
(146, 17),
(146, 18),
(147, 8),
(147, 9),
(147, 19),
(148, 2),
(148, 10),
(148, 11),
(149, 3),
(149, 19),
(150, 6),
(150, 11),
(151, 4),
(151, 8),
(151, 17),
(152, 6),
(153, 11),
(154, 1),
(154, 4),
(154, 19),
(155, 12),
(155, 15),
(156, 1),
(156, 8),
(156, 9),
(157, 9),
(157, 10),
(158, 14),
(159, 18),
(160, 10),
(161, 5),
(162, 11),
(162, 20),
(163, 5),
(163, 8),
(163, 20),
(164, 2),
(164, 4),
(164, 9),
(165, 7),
(165, 10),
(165, 17),
(166, 8),
(166, 15),
(166, 16),
(167, 13),
(167, 15),
(168, 5),
(168, 6),
(168, 11),
(169, 4),
(169, 8),
(169, 10),
(170, 1),
(170, 2),
(170, 10),
(171, 7),
(171, 8),
(171, 10),
(172, 7),
(172, 10),
(173, 5),
(174, 2),
(174, 14),
(174, 17),
(175, 10),
(176, 2),
(176, 16),
(177, 12),
(177, 14),
(177, 18),
(178, 13),
(178, 20),
(179, 1),
(179, 14),
(179, 17),
(180, 1),
(181, 13),
(181, 17),
(182, 2),
(182, 11),
(183, 8),
(183, 20),
(184, 10),
(184, 16),
(185, 19),
(186, 5),
(186, 11),
(186, 18),
(187, 11),
(187, 16),
(188, 13),
(189, 2),
(189, 6),
(189, 15),
(190, 2),
(190, 17),
(191, 9),
(192, 1),
(192, 2),
(193, 10),
(194, 12),
(194, 13),
(194, 19),
(195, 16),
(196, 11),
(197, 9),
(197, 10),
(197, 11),
(198, 10),
(198, 11),
(199, 14),
(200, 6),
(201, 3),
(202, 5),
(202, 10),
(203, 7),
(204, 2),
(205, 9),
(206, 4),
(206, 11),
(206, 17),
(207, 15),
(208, 3),
(208, 18),
(209, 3),
(209, 16),
(210, 3),
(210, 16),
(211, 11),
(211, 14),
(212, 1),
(212, 6),
(212, 13),
(213, 7),
(213, 16),
(214, 12),
(215, 11),
(215, 12),
(216, 17),
(217, 17),
(218, 2),
(218, 6),
(218, 15),
(219, 5),
(220, 11),
(221, 11),
(221, 16),
(222, 19),
(223, 4),
(223, 7),
(223, 11),
(224, 6),
(224, 11),
(224, 17),
(225, 5),
(225, 8),
(225, 19),
(226, 6),
(226, 11),
(226, 12),
(227, 2),
(227, 6),
(228, 1),
(228, 20),
(229, 9),
(229, 14),
(229, 20),
(230, 7),
(231, 9),
(231, 13),
(232, 1),
(232, 2),
(232, 8),
(233, 3),
(233, 5),
(233, 6),
(234, 2),
(235, 2),
(235, 14),
(236, 12),
(236, 15),
(236, 18),
(237, 7),
(237, 8),
(238, 3),
(238, 5),
(238, 9),
(239, 8),
(239, 12),
(240, 6),
(240, 10),
(240, 14),
(241, 1),
(241, 17),
(242, 7),
(243, 6),
(244, 11),
(245, 6),
(245, 18),
(245, 20),
(246, 1),
(247, 15),
(248, 3),
(248, 10),
(248, 13),
(249, 4),
(249, 11),
(249, 14),
(250, 4),
(251, 11),
(251, 17),
(251, 20),
(252, 9),
(252, 12),
(253, 20),
(254, 11),
(254, 12),
(255, 8),
(255, 10),
(256, 2),
(256, 6),
(257, 7),
(257, 18),
(258, 2),
(258, 16),
(258, 20),
(259, 4),
(259, 5),
(260, 6),
(261, 14),
(262, 3),
(262, 10),
(262, 18),
(263, 10),
(263, 13),
(264, 4),
(265, 7),
(266, 15),
(267, 8),
(268, 20),
(269, 14),
(270, 8),
(270, 10),
(270, 16),
(271, 10),
(271, 15),
(272, 8),
(272, 9),
(272, 15),
(273, 20),
(274, 3),
(274, 4),
(274, 13),
(275, 8),
(276, 6),
(276, 10),
(277, 3),
(277, 6),
(277, 7),
(278, 11),
(279, 3),
(279, 4),
(279, 8),
(280, 5),
(280, 20),
(280, 21),
(281, 2),
(281, 8),
(281, 16),
(282, 13),
(282, 14),
(283, 1),
(283, 11),
(284, 2),
(285, 14),
(286, 4),
(286, 8),
(286, 20),
(287, 3),
(287, 12),
(288, 3),
(288, 17),
(289, 19),
(290, 9),
(290, 14),
(291, 4),
(291, 7),
(291, 9),
(292, 5),
(292, 10),
(292, 20),
(293, 12),
(294, 4),
(294, 11),
(294, 13),
(295, 3),
(295, 13),
(296, 1),
(296, 4),
(296, 13),
(297, 9),
(297, 14),
(297, 15),
(298, 19),
(299, 6),
(299, 15),
(299, 20),
(300, 11),
(300, 15),
(300, 17),
(301, 14),
(302, 6),
(302, 9),
(302, 19),
(303, 5),
(303, 16),
(304, 5),
(304, 7),
(304, 15),
(305, 10),
(305, 13),
(306, 2),
(306, 7),
(306, 8),
(307, 14),
(307, 20),
(308, 3),
(308, 17),
(309, 4),
(309, 12),
(310, 3),
(310, 9),
(310, 16),
(311, 7),
(311, 14),
(311, 17),
(312, 4),
(312, 11),
(312, 19),
(313, 13),
(314, 2),
(314, 5),
(314, 10),
(315, 12),
(315, 16),
(316, 18),
(317, 9),
(318, 10),
(318, 15),
(319, 3),
(319, 15),
(319, 17),
(320, 2),
(320, 3),
(320, 16),
(321, 4),
(321, 8),
(321, 13),
(322, 8),
(323, 17),
(323, 20),
(324, 11),
(324, 19),
(325, 4),
(325, 7),
(325, 14),
(326, 7),
(326, 8),
(326, 18),
(327, 7),
(327, 16),
(327, 17),
(328, 2),
(328, 8),
(328, 15),
(329, 10),
(329, 18),
(330, 10),
(330, 19),
(331, 9),
(331, 10),
(331, 11),
(332, 4),
(332, 10),
(333, 13),
(333, 18),
(334, 9),
(335, 4),
(335, 12),
(335, 19),
(336, 3),
(336, 4),
(336, 11),
(337, 11),
(337, 18),
(338, 4),
(338, 11),
(338, 18),
(339, 3),
(339, 15),
(339, 16),
(340, 3),
(340, 4),
(340, 17),
(341, 13),
(342, 5),
(342, 7),
(342, 18),
(343, 16),
(344, 7),
(345, 10),
(346, 3),
(346, 13),
(346, 14),
(347, 7),
(347, 9),
(348, 16),
(349, 12),
(350, 9),
(350, 14),
(351, 6),
(352, 9),
(352, 20),
(353, 2),
(353, 4),
(354, 19),
(355, 4),
(355, 5),
(355, 7),
(356, 10),
(356, 11),
(356, 20),
(357, 4),
(357, 12),
(357, 13),
(358, 17),
(358, 19),
(358, 20),
(359, 3),
(360, 7),
(360, 11),
(361, 8),
(362, 20),
(363, 8),
(364, 3),
(364, 4),
(364, 20),
(365, 6),
(365, 10),
(365, 18),
(366, 9),
(367, 6),
(367, 10),
(368, 4),
(368, 12),
(369, 17),
(370, 9),
(370, 11),
(371, 5),
(371, 6),
(371, 7),
(372, 5),
(372, 15),
(373, 4),
(373, 9),
(373, 17),
(374, 5),
(374, 12),
(375, 10),
(376, 10),
(377, 6),
(377, 14),
(377, 15),
(378, 5),
(378, 10),
(378, 14),
(379, 15),
(379, 18),
(380, 11),
(380, 19),
(381, 11),
(381, 16),
(381, 20),
(382, 5),
(382, 18),
(382, 19),
(383, 5),
(383, 12),
(384, 6),
(385, 8),
(385, 20),
(386, 15),
(387, 7),
(388, 2),
(388, 8),
(388, 16),
(389, 4),
(389, 6),
(390, 4),
(390, 6),
(391, 16),
(392, 14),
(392, 16),
(392, 17),
(393, 6),
(394, 1),
(395, 2),
(396, 8),
(397, 10),
(397, 19),
(398, 17),
(399, 14),
(399, 15),
(400, 5),
(401, 14),
(401, 15),
(401, 20),
(402, 17),
(402, 19),
(402, 20),
(403, 13),
(404, 3),
(404, 8),
(404, 15),
(405, 1),
(405, 2),
(405, 18),
(406, 9),
(406, 15),
(407, 8),
(407, 11),
(407, 16),
(408, 2),
(408, 5),
(409, 11),
(409, 15),
(409, 16),
(410, 13),
(410, 15),
(410, 17),
(411, 5),
(411, 11),
(411, 19),
(412, 18),
(413, 10),
(413, 19),
(413, 20),
(414, 13),
(414, 20),
(415, 4),
(416, 6),
(417, 15),
(418, 14),
(418, 18),
(418, 20),
(419, 2),
(419, 16),
(420, 2),
(420, 18),
(420, 20),
(421, 3),
(421, 9),
(422, 4),
(422, 18),
(423, 3),
(423, 5),
(424, 1),
(424, 6),
(424, 7),
(425, 5),
(425, 17),
(425, 18),
(426, 6),
(426, 8),
(426, 9),
(427, 3),
(427, 11),
(427, 12),
(428, 2),
(429, 1),
(429, 19),
(429, 20),
(430, 1),
(430, 7),
(430, 18),
(431, 6),
(431, 10),
(432, 11),
(432, 19),
(432, 20),
(433, 7),
(433, 20),
(434, 13),
(435, 16),
(435, 17),
(436, 6),
(436, 20),
(437, 5),
(437, 9),
(438, 17),
(439, 7),
(440, 5),
(440, 10),
(440, 15),
(441, 5),
(441, 6),
(442, 10),
(442, 11),
(442, 12),
(443, 2),
(443, 15),
(443, 17),
(444, 3),
(445, 11),
(445, 12),
(445, 13),
(446, 4),
(446, 9),
(447, 7),
(447, 9),
(448, 3),
(449, 3),
(449, 4),
(449, 9),
(450, 8),
(451, 2),
(451, 12),
(452, 4),
(452, 11),
(452, 18),
(453, 1),
(453, 9),
(454, 3),
(454, 15),
(454, 18),
(455, 12),
(456, 18),
(456, 20),
(457, 8),
(457, 14),
(458, 6),
(459, 7),
(460, 16),
(460, 20),
(461, 8),
(461, 11),
(462, 19),
(463, 2),
(464, 10),
(465, 15),
(466, 6),
(466, 7),
(467, 1),
(467, 16),
(468, 3),
(468, 5),
(468, 13),
(469, 7),
(469, 8),
(469, 17),
(470, 4),
(470, 6),
(470, 18),
(471, 1),
(471, 6),
(471, 14),
(472, 10),
(472, 20),
(473, 8),
(474, 11),
(475, 15),
(475, 19),
(476, 11),
(476, 13),
(476, 16),
(477, 15),
(478, 12),
(478, 15),
(478, 19),
(479, 7),
(480, 9),
(480, 10),
(480, 20),
(481, 8),
(481, 20),
(482, 2),
(482, 6),
(482, 20),
(483, 7),
(483, 14),
(483, 15),
(484, 4),
(484, 5),
(485, 5),
(485, 15),
(485, 19),
(486, 4),
(486, 6),
(486, 13),
(487, 17),
(488, 7),
(488, 8),
(489, 4),
(490, 8),
(490, 14),
(490, 19),
(491, 11),
(491, 13),
(492, 3),
(492, 12),
(493, 7),
(493, 10),
(493, 20),
(494, 12),
(494, 18),
(495, 6),
(495, 17),
(496, 4),
(496, 13),
(497, 13),
(497, 14),
(497, 15),
(498, 18),
(499, 1),
(499, 19),
(500, 12),
(500, 14),
(501, 10),
(502, 5),
(503, 10),
(503, 16),
(503, 17),
(504, 4),
(504, 12),
(504, 13),
(505, 18),
(506, 9),
(506, 17),
(507, 2),
(507, 6),
(507, 14),
(508, 13),
(508, 16),
(509, 7),
(509, 12),
(510, 13),
(511, 1),
(511, 10),
(512, 7),
(512, 9),
(512, 13),
(513, 7),
(513, 14),
(514, 1),
(514, 4),
(514, 14),
(515, 1),
(515, 10),
(515, 13),
(516, 1),
(516, 11),
(516, 12),
(517, 20),
(518, 11),
(518, 13),
(519, 14),
(520, 2),
(520, 5),
(521, 6),
(521, 13),
(522, 5),
(522, 8),
(522, 19),
(523, 2),
(523, 12),
(524, 7),
(524, 15),
(524, 16),
(525, 8),
(526, 6),
(526, 18),
(526, 19),
(527, 7),
(527, 9),
(527, 19),
(528, 9),
(528, 15),
(528, 20),
(529, 3),
(529, 8),
(530, 18),
(531, 11),
(532, 8),
(532, 11),
(532, 19),
(533, 1),
(533, 9),
(533, 10),
(534, 10),
(534, 12),
(534, 13),
(535, 9),
(535, 16),
(536, 1),
(536, 6),
(537, 4),
(537, 20),
(538, 19),
(539, 13),
(540, 3),
(540, 18),
(541, 1),
(542, 7),
(542, 13),
(542, 16),
(543, 7),
(543, 16),
(544, 11),
(544, 12),
(544, 18),
(545, 12),
(545, 13),
(546, 9),
(546, 10),
(546, 13),
(547, 4),
(547, 8),
(547, 20),
(548, 15),
(548, 16),
(548, 20),
(549, 17),
(549, 18),
(550, 18),
(551, 3),
(551, 8),
(551, 12),
(552, 16),
(553, 7),
(553, 11),
(554, 20),
(555, 14),
(555, 18),
(556, 4),
(556, 17),
(556, 18),
(557, 2),
(558, 12),
(559, 4),
(559, 17),
(560, 1),
(560, 10),
(561, 8),
(561, 10),
(561, 12),
(562, 7),
(562, 15),
(563, 2),
(563, 16),
(563, 19),
(564, 3),
(564, 9),
(564, 14),
(565, 11),
(565, 13),
(566, 12),
(566, 15),
(567, 2),
(568, 1),
(568, 5),
(568, 7),
(569, 8),
(569, 17),
(570, 3),
(570, 5),
(570, 13),
(571, 7),
(571, 9),
(571, 10),
(572, 12),
(572, 17),
(573, 10),
(574, 4),
(574, 18),
(574, 19),
(575, 11),
(575, 20),
(576, 17),
(577, 16),
(577, 20),
(578, 7),
(579, 4),
(580, 7),
(580, 14),
(581, 4),
(581, 5),
(581, 9),
(582, 4),
(582, 17),
(583, 9),
(584, 10),
(584, 18),
(585, 1),
(585, 3),
(585, 12),
(586, 1),
(586, 2),
(586, 17),
(587, 4),
(587, 5),
(588, 20),
(589, 3),
(590, 2),
(590, 3),
(590, 4),
(591, 8),
(591, 11),
(592, 9),
(592, 10),
(592, 16),
(593, 3),
(594, 1),
(594, 15),
(595, 11),
(595, 12),
(596, 13),
(597, 1),
(598, 1),
(598, 4),
(598, 11),
(599, 2),
(599, 9),
(600, 19),
(601, 2),
(601, 20),
(602, 1),
(603, 2),
(603, 7),
(603, 18),
(604, 10),
(604, 14),
(604, 18),
(605, 2),
(606, 7),
(606, 9),
(607, 12),
(607, 13),
(607, 17),
(608, 2),
(608, 15),
(609, 18),
(609, 20),
(610, 7),
(610, 11),
(610, 17),
(611, 2),
(611, 15),
(611, 20),
(612, 5),
(612, 17),
(613, 17),
(614, 7),
(614, 13),
(614, 14),
(615, 8),
(615, 11),
(615, 17),
(616, 8),
(616, 16),
(617, 20),
(618, 1),
(618, 15),
(618, 16),
(619, 5),
(619, 7),
(619, 8),
(620, 6),
(621, 18),
(622, 10),
(623, 12),
(623, 16),
(623, 17),
(624, 5),
(624, 15),
(625, 4),
(625, 15),
(626, 8),
(626, 11),
(626, 20),
(627, 9),
(628, 7),
(628, 15),
(629, 8),
(629, 14),
(630, 6),
(630, 19),
(630, 20),
(631, 3),
(631, 8),
(632, 1),
(633, 12),
(634, 1),
(634, 18),
(634, 20),
(635, 2),
(635, 3),
(636, 3),
(637, 1),
(637, 18),
(638, 6),
(638, 13),
(639, 6),
(640, 19),
(641, 20),
(642, 2),
(642, 8),
(643, 4),
(644, 6),
(644, 16),
(644, 17),
(645, 4),
(646, 9),
(646, 10),
(646, 11),
(647, 18),
(648, 17),
(649, 3),
(649, 10),
(649, 15),
(650, 11),
(651, 17),
(652, 6),
(652, 12),
(652, 18),
(653, 15),
(653, 20),
(654, 6),
(654, 10),
(654, 17),
(655, 14),
(655, 18),
(656, 12),
(656, 14),
(656, 16),
(657, 4),
(657, 7),
(658, 15),
(659, 16),
(660, 1),
(661, 8),
(661, 19),
(662, 2),
(662, 11),
(662, 20),
(663, 9),
(663, 18),
(664, 5),
(664, 9),
(665, 6),
(665, 9),
(665, 11),
(666, 5),
(666, 9),
(666, 20),
(667, 16),
(668, 18),
(669, 2),
(669, 12),
(669, 17),
(670, 10),
(670, 17),
(671, 4),
(671, 13),
(672, 1),
(673, 5),
(674, 12),
(675, 15),
(675, 17),
(676, 4),
(676, 17),
(676, 18),
(677, 1),
(677, 16),
(677, 17),
(678, 1),
(678, 13),
(678, 14),
(679, 10),
(680, 1),
(680, 12),
(681, 6),
(681, 17),
(682, 2),
(682, 3),
(682, 19),
(683, 4),
(684, 5),
(684, 18),
(684, 19),
(685, 13),
(685, 15),
(686, 5),
(687, 10),
(688, 4),
(688, 5),
(688, 8),
(689, 5),
(689, 7),
(689, 9),
(690, 4),
(690, 6),
(690, 19),
(691, 6),
(691, 7),
(692, 7),
(692, 13),
(693, 18),
(694, 5),
(695, 18),
(696, 17),
(697, 6),
(697, 7),
(698, 6),
(698, 7),
(698, 14),
(699, 7),
(699, 17),
(700, 2),
(700, 15),
(701, 1),
(701, 16),
(702, 7),
(703, 3),
(704, 6),
(704, 7),
(704, 8),
(705, 8),
(705, 18),
(705, 20),
(706, 6),
(706, 7),
(707, 2),
(708, 3),
(708, 17),
(709, 7),
(709, 13),
(709, 16),
(710, 3),
(710, 19),
(711, 1),
(711, 3),
(712, 8),
(713, 2),
(713, 14),
(713, 18),
(714, 8),
(715, 12),
(715, 14),
(716, 14),
(716, 20),
(717, 6),
(717, 18),
(718, 11),
(718, 12),
(719, 15),
(719, 18),
(720, 12),
(721, 10),
(721, 17),
(722, 17),
(723, 13),
(723, 16),
(723, 17),
(724, 12),
(724, 13),
(724, 16),
(725, 10),
(725, 11),
(726, 1),
(727, 10),
(727, 19),
(728, 9),
(728, 16),
(729, 8),
(729, 17),
(730, 1),
(731, 1),
(731, 2),
(731, 13),
(732, 2),
(732, 14),
(733, 6),
(733, 14),
(734, 2),
(734, 4),
(735, 6),
(736, 17),
(737, 5),
(737, 6),
(738, 9),
(738, 17),
(739, 5),
(740, 1),
(740, 9),
(741, 11),
(741, 20),
(742, 8),
(742, 9),
(743, 1),
(744, 1),
(744, 7),
(744, 12),
(745, 8),
(745, 13),
(745, 15),
(746, 14),
(746, 20),
(747, 8),
(747, 14),
(748, 7),
(748, 11),
(748, 15),
(749, 4),
(750, 2),
(750, 3),
(750, 7),
(751, 17),
(752, 1),
(752, 13),
(753, 3),
(754, 13),
(755, 6),
(755, 10),
(755, 18),
(756, 8),
(757, 18),
(758, 18),
(759, 18),
(760, 3),
(760, 9),
(761, 5),
(761, 7),
(761, 12),
(762, 11),
(762, 13),
(763, 19),
(764, 20),
(765, 7),
(765, 12),
(765, 19),
(766, 19),
(767, 15),
(767, 17),
(768, 16),
(769, 9),
(769, 11),
(769, 16),
(770, 6),
(771, 2),
(771, 3),
(771, 16),
(772, 1),
(772, 2),
(772, 6),
(773, 7),
(773, 15),
(773, 20),
(774, 19),
(775, 10),
(776, 4),
(776, 18),
(777, 13),
(777, 14),
(777, 20),
(778, 7),
(778, 15),
(778, 17),
(779, 5),
(779, 17),
(780, 8),
(780, 9),
(780, 19),
(781, 2),
(781, 5),
(781, 9),
(782, 6),
(782, 14),
(783, 7),
(783, 11),
(784, 9),
(784, 12),
(785, 1),
(785, 6),
(786, 4),
(787, 17),
(788, 20),
(789, 5),
(789, 17),
(790, 1),
(790, 4),
(790, 13),
(791, 9),
(791, 15),
(792, 9),
(792, 15),
(792, 18),
(793, 4),
(793, 6),
(793, 9),
(794, 8),
(795, 11),
(796, 5),
(796, 6),
(796, 16),
(797, 3),
(797, 20),
(798, 1),
(798, 19),
(799, 9),
(799, 16),
(800, 7),
(800, 10),
(800, 11),
(801, 3),
(801, 14),
(801, 17),
(802, 12),
(802, 16),
(803, 13),
(803, 17),
(804, 11),
(805, 9),
(805, 18),
(806, 10),
(806, 19),
(807, 1),
(807, 8),
(808, 7),
(809, 3),
(809, 14),
(810, 17),
(811, 8),
(811, 12),
(811, 13),
(812, 3),
(813, 5),
(814, 1),
(815, 5),
(815, 13),
(815, 17),
(816, 6),
(816, 15),
(816, 19),
(817, 7),
(817, 14),
(818, 7),
(818, 9),
(818, 11),
(819, 6),
(819, 8),
(819, 9),
(820, 2),
(820, 20),
(821, 4),
(821, 12),
(822, 2),
(822, 13),
(822, 18),
(823, 5),
(824, 11),
(825, 8),
(825, 10),
(826, 2),
(826, 3),
(826, 19),
(827, 9),
(827, 19),
(828, 7),
(828, 17),
(829, 1),
(829, 2),
(830, 9),
(831, 18),
(831, 20),
(832, 1),
(832, 5),
(832, 16),
(833, 13),
(833, 14),
(833, 15),
(834, 9),
(835, 4),
(835, 13),
(836, 1),
(836, 7),
(836, 9),
(837, 5),
(838, 6),
(838, 20),
(839, 1),
(839, 4),
(839, 7),
(840, 15),
(840, 20),
(841, 20),
(842, 16),
(843, 14),
(844, 12),
(844, 14),
(845, 8),
(846, 6),
(846, 17),
(847, 5),
(847, 17),
(847, 19),
(848, 9),
(848, 19),
(849, 10),
(849, 11),
(849, 15),
(850, 11),
(850, 12),
(851, 11),
(851, 19),
(852, 16),
(852, 17),
(853, 14),
(854, 15),
(854, 16),
(854, 17),
(855, 11),
(855, 17),
(856, 4),
(856, 15),
(856, 16),
(857, 2),
(857, 5),
(857, 12),
(858, 8),
(859, 4),
(859, 19),
(860, 3),
(860, 7),
(860, 8),
(861, 2),
(861, 12),
(861, 18),
(862, 2),
(863, 2),
(863, 3),
(863, 12),
(864, 3),
(864, 10),
(865, 1),
(865, 12),
(866, 2),
(866, 14),
(867, 17),
(868, 13),
(869, 20),
(870, 2),
(871, 1),
(871, 4),
(872, 10),
(873, 8),
(874, 13),
(874, 17),
(875, 4),
(875, 6),
(875, 14),
(876, 10),
(876, 19),
(877, 12),
(877, 17),
(878, 18),
(879, 19),
(880, 9),
(880, 11),
(880, 20),
(881, 2),
(881, 7),
(882, 10),
(882, 11),
(883, 6),
(883, 13),
(884, 20),
(885, 5),
(885, 14),
(885, 18),
(886, 12),
(887, 10),
(887, 16),
(888, 12),
(889, 8),
(890, 20),
(891, 1),
(891, 6),
(891, 7),
(892, 11),
(892, 13),
(892, 15),
(893, 10),
(893, 16),
(894, 6),
(895, 14),
(896, 4),
(896, 11),
(897, 13),
(898, 7),
(898, 11),
(898, 12),
(899, 17),
(900, 5),
(901, 4),
(901, 18),
(901, 19),
(902, 12),
(903, 12),
(903, 13),
(904, 12),
(905, 3),
(905, 7),
(906, 5),
(906, 18),
(906, 19),
(907, 13),
(908, 15),
(909, 20),
(909, 21),
(910, 2),
(910, 16),
(911, 1),
(911, 3),
(911, 9),
(912, 14),
(913, 13),
(914, 10),
(914, 11),
(914, 17),
(915, 2),
(916, 2),
(916, 5),
(917, 3),
(917, 4),
(917, 14),
(918, 17),
(918, 18),
(919, 12),
(919, 13),
(919, 19),
(920, 6),
(920, 11),
(921, 7),
(921, 12),
(921, 19),
(922, 19),
(923, 10),
(923, 18),
(924, 1),
(924, 14),
(925, 17),
(925, 18),
(925, 19),
(926, 8),
(927, 9),
(927, 10),
(928, 8),
(928, 14),
(928, 20),
(929, 3),
(929, 16),
(929, 19),
(930, 12),
(930, 15),
(931, 4),
(931, 5),
(931, 12),
(932, 14),
(933, 6),
(933, 12),
(934, 14),
(934, 18),
(935, 6),
(935, 13),
(936, 17),
(937, 14),
(938, 9),
(938, 10),
(938, 20),
(939, 2),
(939, 7),
(939, 11),
(940, 5),
(940, 19),
(941, 9),
(941, 19),
(942, 6),
(942, 9),
(942, 12),
(943, 3),
(943, 4),
(943, 6),
(944, 6),
(944, 7),
(944, 10),
(945, 3),
(945, 4),
(946, 12),
(946, 19),
(947, 8),
(947, 17),
(948, 6),
(948, 13),
(949, 4),
(949, 5),
(950, 6),
(950, 7),
(951, 7),
(951, 11),
(951, 20),
(952, 12),
(953, 2),
(953, 14),
(954, 1),
(954, 6),
(954, 9),
(955, 1),
(955, 2),
(955, 19),
(956, 10),
(956, 11),
(956, 20),
(957, 10),
(957, 14),
(958, 11),
(959, 10),
(959, 13),
(959, 20),
(960, 13),
(960, 14),
(960, 16),
(961, 6),
(961, 8),
(961, 9),
(962, 11),
(962, 15),
(963, 17),
(964, 9),
(964, 10),
(964, 11),
(965, 2),
(965, 7),
(965, 18),
(966, 9),
(967, 19),
(968, 1),
(968, 2),
(968, 8),
(969, 12),
(969, 16),
(970, 5),
(970, 17),
(970, 20),
(971, 5),
(971, 17),
(971, 20),
(972, 9),
(972, 10),
(972, 15),
(973, 5),
(973, 12),
(973, 14),
(974, 3),
(974, 17),
(975, 11),
(975, 17),
(975, 18),
(976, 11),
(977, 7),
(977, 20),
(978, 5),
(979, 1),
(979, 14),
(980, 3),
(980, 5),
(980, 18),
(981, 5),
(982, 20),
(983, 3),
(983, 18),
(984, 3),
(984, 6),
(984, 9),
(985, 17),
(985, 19),
(986, 10),
(986, 12),
(986, 18),
(987, 1),
(987, 6),
(988, 18),
(989, 9),
(989, 10),
(990, 10),
(991, 18),
(992, 7),
(992, 10),
(993, 2),
(993, 16),
(993, 19),
(994, 1),
(994, 19),
(995, 3),
(995, 7),
(996, 3),
(996, 5),
(996, 14),
(997, 3),
(997, 6),
(998, 4),
(999, 6),
(1000, 4),
(1000, 11),
(1000, 12),
(1001, 7),
(1001, 8),
(1001, 20),
(1002, 10),
(1003, 1),
(1003, 13),
(1004, 14),
(1004, 17),
(1005, 19),
(1006, 3),
(1006, 10),
(1007, 18),
(1007, 19),
(1008, 14),
(1008, 15),
(1008, 16),
(1009, 6),
(1009, 18),
(1010, 11),
(1010, 17),
(1010, 18),
(1011, 6),
(1012, 4),
(1012, 13),
(1013, 7),
(1013, 11),
(1013, 19),
(1014, 1),
(1014, 3),
(1014, 11),
(1015, 1),
(1015, 13),
(1015, 16),
(1016, 6),
(1017, 10),
(1018, 1),
(1018, 12),
(1018, 18),
(1019, 7),
(1019, 20),
(1020, 6),
(1020, 8),
(1021, 13),
(1022, 9),
(1023, 3),
(1023, 7),
(1023, 13),
(1024, 5),
(1024, 16),
(1024, 20),
(1025, 3),
(1026, 8),
(1026, 15),
(1027, 4),
(1027, 12),
(1028, 6),
(1028, 12),
(1028, 15),
(1029, 11),
(1030, 17),
(1031, 19),
(1032, 14),
(1033, 1),
(1033, 16),
(1033, 19),
(1034, 10),
(1035, 6),
(1035, 9),
(1035, 14),
(1036, 17),
(1037, 2),
(1037, 12),
(1038, 10),
(1038, 13),
(1038, 18),
(1039, 2),
(1039, 7),
(1039, 11),
(1040, 19),
(1041, 15),
(1042, 5),
(1042, 16),
(1043, 6),
(1043, 10),
(1043, 13),
(1044, 7),
(1044, 17),
(1045, 15),
(1045, 16),
(1045, 18),
(1046, 19),
(1047, 4),
(1048, 5),
(1048, 9),
(1048, 16),
(1049, 1),
(1049, 11),
(1049, 15),
(1050, 3),
(1051, 16),
(1052, 1),
(1052, 3),
(1052, 10),
(1053, 4),
(1053, 5),
(1053, 19),
(1054, 12),
(1055, 3),
(1055, 9),
(1056, 4),
(1056, 5),
(1057, 5),
(1057, 10),
(1057, 15),
(1058, 2),
(1058, 10),
(1058, 18),
(1059, 11),
(1059, 12),
(1060, 3),
(1060, 14),
(1061, 10),
(1061, 16),
(1062, 12),
(1062, 18),
(1063, 5),
(1063, 17),
(1064, 12),
(1065, 5),
(1066, 6),
(1066, 20),
(1067, 6),
(1067, 20),
(1068, 2),
(1068, 18),
(1069, 1),
(1070, 17),
(1070, 18),
(1071, 11),
(1071, 12),
(1071, 18),
(1072, 12),
(1072, 15),
(1073, 19),
(1074, 1),
(1074, 9),
(1074, 10),
(1075, 20),
(1076, 12),
(1077, 4),
(1077, 10),
(1077, 13),
(1078, 13),
(1079, 8),
(1079, 13),
(1080, 9),
(1080, 12),
(1080, 15),
(1081, 2),
(1081, 9),
(1081, 10),
(1082, 3),
(1082, 8),
(1082, 18),
(1083, 1),
(1084, 2),
(1084, 14),
(1085, 4),
(1085, 6),
(1086, 5),
(1086, 7),
(1086, 10),
(1087, 15),
(1088, 2),
(1088, 9),
(1088, 12),
(1089, 9),
(1090, 3),
(1090, 10),
(1090, 15),
(1091, 5),
(1091, 7),
(1092, 5),
(1092, 18),
(1093, 3),
(1093, 4),
(1094, 3),
(1094, 4),
(1094, 17),
(1095, 4),
(1095, 13),
(1095, 19),
(1096, 1),
(1097, 7),
(1097, 8),
(1097, 13),
(1098, 9),
(1099, 4),
(1099, 18),
(1100, 19),
(1101, 3),
(1101, 13),
(1102, 2),
(1102, 7),
(1103, 9),
(1104, 9),
(1104, 10),
(1104, 11),
(1105, 4),
(1105, 9),
(1105, 17),
(1106, 13),
(1107, 2),
(1108, 3),
(1108, 15),
(1108, 17),
(1109, 4),
(1109, 8),
(1109, 10),
(1110, 1),
(1110, 8),
(1110, 13),
(1111, 1),
(1112, 13),
(1112, 18),
(1113, 12),
(1113, 20),
(1114, 4),
(1114, 8),
(1115, 3),
(1115, 11),
(1115, 12),
(1116, 18),
(1117, 5),
(1117, 7),
(1118, 1),
(1118, 7),
(1118, 19),
(1119, 2),
(1119, 19),
(1120, 6),
(1120, 10),
(1120, 11),
(1121, 6),
(1121, 18),
(1122, 11),
(1122, 20),
(1123, 10),
(1123, 15),
(1123, 17),
(1124, 4),
(1124, 12),
(1125, 4),
(1125, 9),
(1126, 14),
(1126, 18),
(1126, 20),
(1127, 8),
(1127, 17),
(1127, 18),
(1128, 2),
(1129, 6),
(1130, 12),
(1130, 13),
(1130, 18),
(1131, 19),
(1132, 3),
(1132, 14),
(1133, 2),
(1133, 6),
(1133, 20),
(1134, 18),
(1134, 19),
(1135, 6),
(1135, 19),
(1136, 5),
(1136, 15),
(1136, 18),
(1137, 2),
(1137, 8),
(1138, 6),
(1139, 17),
(1139, 18),
(1140, 5),
(1140, 11),
(1140, 13),
(1141, 17),
(1142, 1),
(1142, 10),
(1143, 19),
(1144, 7),
(1145, 7),
(1145, 20),
(1146, 2),
(1146, 9),
(1147, 6),
(1147, 16),
(1147, 18),
(1148, 3),
(1148, 8),
(1148, 20),
(1149, 2),
(1149, 8),
(1150, 3),
(1150, 8),
(1150, 16),
(1151, 2),
(1151, 12),
(1151, 17),
(1152, 4),
(1152, 12),
(1152, 15),
(1153, 2),
(1153, 13),
(1153, 19),
(1154, 11),
(1154, 16),
(1155, 4),
(1156, 9),
(1156, 18),
(1156, 19),
(1157, 7),
(1157, 20),
(1158, 5),
(1158, 6),
(1158, 12),
(1159, 10),
(1159, 11),
(1159, 15),
(1160, 17),
(1160, 19),
(1161, 1),
(1161, 17),
(1162, 4),
(1162, 16),
(1162, 17),
(1163, 1),
(1163, 16),
(1164, 4),
(1164, 16),
(1164, 17),
(1165, 7),
(1166, 6),
(1166, 17),
(1166, 20),
(1167, 12),
(1167, 20),
(1168, 6),
(1168, 13),
(1169, 10),
(1170, 17),
(1170, 20),
(1171, 5),
(1171, 19),
(1172, 6),
(1172, 11),
(1173, 5),
(1173, 10),
(1173, 19),
(1174, 14),
(1174, 16),
(1175, 12),
(1176, 19),
(1177, 6),
(1177, 7),
(1177, 13),
(1178, 10),
(1178, 11),
(1179, 9),
(1180, 2),
(1180, 19),
(1181, 5),
(1182, 4),
(1182, 10),
(1182, 14),
(1183, 17),
(1183, 20),
(1184, 12),
(1185, 16),
(1186, 9),
(1186, 18),
(1187, 8),
(1187, 18),
(1188, 18),
(1188, 19),
(1188, 20),
(1189, 1),
(1189, 2),
(1189, 10),
(1190, 10),
(1191, 4),
(1192, 2),
(1192, 8),
(1193, 5),
(1193, 6),
(1193, 7),
(1194, 14),
(1195, 17),
(1195, 20),
(1196, 7),
(1196, 12),
(1196, 15),
(1197, 3),
(1197, 11),
(1197, 17),
(1198, 10),
(1198, 12),
(1199, 10),
(1199, 19),
(1200, 18),
(1201, 2),
(1201, 3),
(1201, 11),
(1202, 9),
(1202, 13),
(1202, 20),
(1203, 3),
(1203, 6),
(1204, 14),
(1205, 17),
(1206, 16),
(1206, 17),
(1207, 10),
(1208, 3),
(1209, 8),
(1209, 14),
(1209, 19),
(1210, 3),
(1210, 12),
(1211, 6),
(1211, 16),
(1212, 1),
(1212, 9),
(1213, 4),
(1213, 17),
(1214, 11),
(1214, 13),
(1215, 8),
(1215, 10),
(1215, 18),
(1216, 5),
(1216, 12),
(1217, 20),
(1218, 10),
(1218, 18),
(1219, 7),
(1219, 12),
(1220, 10),
(1220, 15),
(1221, 10),
(1222, 2),
(1223, 4),
(1223, 13),
(1223, 14),
(1224, 9),
(1224, 10),
(1224, 17),
(1225, 1),
(1225, 5),
(1226, 5),
(1227, 12),
(1227, 13),
(1227, 18),
(1228, 6),
(1228, 7),
(1229, 4),
(1229, 16),
(1230, 1),
(1231, 10),
(1231, 14),
(1232, 6),
(1232, 8),
(1233, 8),
(1233, 20),
(1234, 6),
(1235, 7),
(1235, 17),
(1235, 18),
(1236, 1),
(1236, 5),
(1237, 3),
(1237, 11),
(1238, 5),
(1238, 6),
(1238, 14),
(1239, 2),
(1239, 3),
(1239, 13),
(1240, 12),
(1241, 2),
(1241, 14),
(1241, 19),
(1242, 1),
(1242, 11),
(1242, 13),
(1243, 19),
(1244, 17),
(1245, 3),
(1245, 8),
(1245, 10),
(1246, 6),
(1246, 9),
(1246, 20),
(1247, 5),
(1247, 6),
(1247, 15),
(1248, 3),
(1248, 20),
(1249, 11),
(1250, 13),
(1250, 14),
(1251, 3),
(1251, 4),
(1251, 20),
(1252, 9),
(1253, 12),
(1254, 2),
(1254, 4),
(1255, 5),
(1255, 10),
(1256, 9),
(1256, 10),
(1256, 20),
(1257, 14),
(1257, 18),
(1258, 2),
(1258, 16),
(1259, 1),
(1259, 10),
(1259, 20),
(1260, 1),
(1260, 20),
(1261, 7),
(1261, 9),
(1261, 18),
(1262, 5),
(1262, 6),
(1262, 7),
(1263, 8),
(1264, 10),
(1265, 9),
(1265, 10),
(1265, 18),
(1266, 11),
(1266, 17),
(1267, 16),
(1267, 18),
(1267, 19),
(1268, 16),
(1268, 20),
(1268, 21),
(1269, 3),
(1269, 13),
(1270, 3),
(1271, 4),
(1271, 9),
(1271, 15),
(1272, 10),
(1272, 17),
(1272, 19),
(1273, 14),
(1273, 15),
(1274, 12),
(1275, 2),
(1275, 17),
(1276, 4),
(1276, 15),
(1277, 14),
(1278, 5),
(1278, 18),
(1279, 2),
(1279, 12),
(1279, 19),
(1280, 1),
(1280, 12),
(1281, 11),
(1281, 20),
(1282, 8),
(1283, 9),
(1283, 11),
(1284, 6),
(1285, 4),
(1285, 18),
(1285, 20),
(1286, 5),
(1286, 8),
(1287, 7),
(1287, 16),
(1287, 17),
(1288, 1),
(1289, 10),
(1289, 11),
(1289, 18),
(1290, 20),
(1291, 3),
(1291, 6),
(1292, 2),
(1292, 7),
(1292, 18),
(1293, 18),
(1294, 4),
(1294, 17),
(1295, 9),
(1295, 13),
(1295, 14),
(1296, 1),
(1296, 19),
(1297, 13),
(1298, 1),
(1298, 10),
(1298, 13),
(1299, 6),
(1299, 12),
(1299, 14),
(1300, 9),
(1301, 4),
(1301, 18),
(1302, 4),
(1303, 16),
(1304, 4),
(1304, 14),
(1304, 18),
(1305, 1),
(1306, 7),
(1307, 11),
(1307, 18),
(1308, 2),
(1308, 3),
(1308, 15),
(1309, 2),
(1309, 4),
(1309, 15),
(1310, 11),
(1311, 17),
(1312, 3),
(1312, 9),
(1313, 4),
(1313, 19),
(1314, 11),
(1314, 16),
(1315, 4),
(1316, 2),
(1316, 5),
(1317, 2),
(1317, 6),
(1318, 10),
(1318, 13),
(1319, 5),
(1319, 6),
(1319, 14),
(1320, 13),
(1320, 19),
(1321, 3),
(1321, 14),
(1321, 18),
(1322, 1),
(1322, 15),
(1323, 19),
(1324, 3),
(1324, 13),
(1325, 9),
(1325, 13),
(1325, 19),
(1326, 1),
(1327, 3),
(1328, 6),
(1328, 13),
(1329, 15),
(1330, 15),
(1331, 4),
(1332, 20),
(1333, 16),
(1334, 14),
(1335, 11),
(1336, 7),
(1336, 10),
(1336, 18),
(1337, 9),
(1337, 14),
(1338, 12),
(1338, 15),
(1339, 1),
(1339, 8),
(1339, 13),
(1340, 11),
(1341, 8),
(1341, 15),
(1341, 16),
(1342, 19),
(1343, 9),
(1343, 13),
(1343, 15),
(1344, 8),
(1344, 19),
(1344, 20),
(1345, 14),
(1345, 17),
(1346, 14),
(1346, 18),
(1347, 7),
(1347, 20),
(1348, 15),
(1349, 11),
(1349, 16),
(1349, 19),
(1350, 12),
(1351, 1),
(1351, 3),
(1351, 13),
(1352, 8),
(1353, 9),
(1354, 16),
(1355, 17),
(1356, 8),
(1357, 7),
(1357, 9),
(1357, 10),
(1358, 7),
(1358, 9),
(1358, 18),
(1359, 9),
(1359, 13),
(1360, 13),
(1361, 6),
(1361, 7),
(1362, 7),
(1363, 16),
(1364, 4),
(1364, 9),
(1364, 10),
(1365, 4),
(1365, 19),
(1365, 20),
(1366, 11),
(1367, 6),
(1367, 11),
(1368, 13),
(1369, 2),
(1369, 15),
(1370, 3),
(1370, 11),
(1370, 12),
(1371, 4),
(1371, 5),
(1371, 20),
(1372, 1),
(1373, 19),
(1374, 5),
(1374, 8),
(1375, 9),
(1376, 4),
(1377, 11),
(1377, 15),
(1377, 17),
(1378, 13),
(1378, 16),
(1378, 19),
(1379, 11),
(1379, 14),
(1379, 18),
(1380, 2),
(1380, 13),
(1381, 4),
(1381, 14),
(1381, 16),
(1382, 13),
(1383, 10),
(1384, 5),
(1384, 20),
(1385, 6),
(1385, 8),
(1386, 6),
(1386, 14),
(1386, 20),
(1387, 3),
(1387, 8),
(1387, 13),
(1388, 6),
(1389, 8),
(1389, 11),
(1389, 12),
(1390, 11),
(1390, 12),
(1391, 2),
(1391, 12),
(1391, 16),
(1392, 12),
(1392, 13),
(1393, 14),
(1394, 11),
(1394, 16),
(1395, 12),
(1396, 4),
(1397, 5),
(1397, 16),
(1398, 6),
(1399, 18),
(1399, 19),
(1400, 18),
(1401, 4),
(1401, 14),
(1401, 15),
(1402, 20),
(1403, 12),
(1404, 5),
(1404, 19),
(1405, 18),
(1406, 9),
(1406, 19),
(1407, 3),
(1407, 13),
(1408, 6),
(1409, 18),
(1410, 1),
(1410, 4),
(1411, 11),
(1411, 13),
(1411, 16),
(1412, 1),
(1412, 2),
(1413, 4),
(1413, 14),
(1414, 9),
(1414, 20),
(1415, 6),
(1415, 10),
(1416, 18),
(1417, 10),
(1417, 11),
(1418, 5),
(1419, 2),
(1420, 10),
(1420, 11),
(1420, 20),
(1421, 17),
(1422, 6),
(1422, 7),
(1423, 3),
(1423, 10),
(1424, 9),
(1424, 13),
(1424, 16),
(1425, 19),
(1426, 8),
(1426, 11),
(1426, 17),
(1427, 2),
(1427, 4),
(1428, 20),
(1429, 3),
(1429, 9),
(1429, 19),
(1430, 8),
(1430, 14),
(1431, 7),
(1432, 3),
(1432, 4),
(1433, 14),
(1433, 15),
(1433, 18),
(1434, 6),
(1434, 7),
(1434, 19),
(1435, 19),
(1436, 4),
(1436, 10),
(1436, 15),
(1437, 17),
(1438, 7),
(1439, 15),
(1439, 16),
(1440, 2),
(1440, 12),
(1441, 9),
(1441, 18),
(1442, 9),
(1443, 2),
(1444, 17),
(1444, 18),
(1445, 18),
(1445, 19),
(1446, 6),
(1447, 8),
(1448, 1),
(1448, 17),
(1449, 20),
(1450, 1),
(1450, 3),
(1451, 12),
(1452, 1),
(1452, 11),
(1452, 13),
(1453, 5),
(1454, 3),
(1454, 8),
(1454, 18),
(1455, 10),
(1455, 13),
(1455, 15),
(1456, 4),
(1456, 5),
(1457, 2),
(1457, 5),
(1457, 16),
(1458, 2),
(1459, 5),
(1459, 6),
(1460, 8),
(1460, 18),
(1461, 15),
(1461, 20),
(1462, 10),
(1463, 17),
(1464, 5),
(1464, 16),
(1465, 5),
(1465, 13),
(1465, 17),
(1466, 7),
(1467, 1),
(1467, 2),
(1467, 12),
(1468, 6),
(1468, 9),
(1468, 20),
(1469, 17),
(1470, 20),
(1471, 17),
(1472, 2),
(1472, 9),
(1473, 9),
(1473, 14),
(1474, 2),
(1474, 5),
(1475, 4),
(1475, 20),
(1476, 7),
(1476, 12),
(1476, 13),
(1477, 15),
(1478, 19),
(1479, 16),
(1479, 19),
(1480, 4),
(1480, 12),
(1480, 20),
(1481, 16),
(1482, 1),
(1482, 14),
(1483, 2),
(1484, 13),
(1484, 15),
(1485, 2),
(1485, 7),
(1485, 19),
(1486, 1),
(1486, 8),
(1487, 6),
(1487, 10),
(1488, 6),
(1488, 13),
(1489, 2),
(1489, 6),
(1489, 14),
(1490, 5),
(1490, 18),
(1491, 10),
(1491, 17),
(1491, 19),
(1492, 10),
(1492, 14),
(1493, 3),
(1493, 11),
(1494, 7),
(1494, 14),
(1494, 18),
(1495, 7),
(1495, 9),
(1496, 2),
(1496, 12),
(1496, 20),
(1497, 12),
(1498, 15),
(1499, 6),
(1500, 2),
(1501, 4),
(1501, 11),
(1501, 14),
(1502, 7),
(1502, 10),
(1503, 3),
(1504, 14),
(1504, 18),
(1504, 19),
(1505, 8),
(1505, 18),
(1505, 19),
(1506, 7),
(1506, 14),
(1506, 20),
(1507, 11),
(1507, 12),
(1507, 17),
(1508, 3),
(1509, 15),
(1510, 7),
(1511, 2),
(1511, 15),
(1512, 1),
(1512, 2),
(1513, 2),
(1513, 5),
(1513, 8),
(1514, 16),
(1514, 20),
(1515, 6),
(1516, 4),
(1516, 14),
(1517, 12),
(1517, 20),
(1518, 2),
(1519, 6),
(1519, 11),
(1520, 19),
(1521, 3),
(1521, 11),
(1521, 20),
(1522, 10),
(1522, 15),
(1522, 18),
(1523, 2),
(1523, 14),
(1524, 14),
(1524, 15),
(1525, 7),
(1526, 6),
(1526, 13),
(1527, 4),
(1528, 16),
(1529, 3),
(1530, 15),
(1530, 16),
(1531, 5),
(1531, 9),
(1531, 15),
(1532, 3),
(1532, 10),
(1532, 13),
(1533, 4),
(1534, 6),
(1534, 7),
(1534, 11),
(1535, 6),
(1535, 20),
(1536, 16),
(1537, 12),
(1537, 20),
(1538, 2),
(1538, 11),
(1539, 10),
(1540, 8),
(1541, 13),
(1542, 8),
(1542, 16),
(1542, 19),
(1543, 15),
(1543, 19),
(1543, 20),
(1544, 7),
(1545, 13),
(1546, 10),
(1546, 15),
(1546, 17),
(1547, 18),
(1547, 19),
(1548, 2),
(1548, 4),
(1549, 8),
(1549, 11),
(1549, 12),
(1550, 3),
(1550, 6),
(1551, 3),
(1551, 10),
(1552, 11),
(1553, 3),
(1553, 4),
(1553, 16),
(1554, 10),
(1555, 2),
(1555, 8),
(1555, 14),
(1556, 11),
(1556, 12),
(1557, 1),
(1557, 15),
(1557, 17),
(1558, 4),
(1558, 8),
(1558, 18),
(1559, 1),
(1559, 3),
(1560, 12),
(1561, 13),
(1561, 16),
(1562, 4),
(1562, 10),
(1562, 12),
(1563, 13),
(1563, 15),
(1564, 4),
(1564, 12),
(1565, 1),
(1565, 12),
(1565, 15),
(1566, 16),
(1567, 15),
(1568, 2),
(1568, 8),
(1568, 16),
(1569, 2),
(1570, 19),
(1571, 16),
(1571, 17),
(1572, 1),
(1573, 5),
(1574, 11),
(1574, 16),
(1575, 1),
(1575, 6),
(1575, 15),
(1576, 12),
(1577, 2),
(1577, 3),
(1577, 19),
(1578, 12),
(1578, 19),
(1578, 20),
(1579, 19),
(1580, 9),
(1581, 14),
(1581, 15),
(1581, 19),
(1582, 3),
(1583, 15),
(1584, 15),
(1585, 20),
(1586, 1),
(1586, 8),
(1586, 10),
(1587, 13),
(1588, 12),
(1588, 18),
(1588, 19),
(1589, 6),
(1589, 9),
(1589, 20),
(1590, 4),
(1590, 11),
(1591, 18),
(1592, 7),
(1592, 18),
(1592, 19),
(1593, 10),
(1593, 14),
(1593, 17),
(1594, 15),
(1595, 9),
(1595, 15),
(1596, 1),
(1596, 3),
(1597, 8),
(1598, 17),
(1599, 4),
(1599, 14),
(1600, 8),
(1600, 14),
(1600, 19),
(1601, 2),
(1601, 19),
(1602, 6),
(1602, 10),
(1602, 15),
(1603, 8),
(1603, 9),
(1603, 10),
(1604, 1),
(1604, 6),
(1604, 19),
(1605, 4),
(1606, 4),
(1606, 8),
(1606, 10),
(1607, 16),
(1607, 17),
(1608, 15),
(1608, 17),
(1609, 5),
(1609, 17),
(1610, 1),
(1611, 19),
(1612, 7),
(1612, 20),
(1613, 3),
(1613, 8),
(1613, 20),
(1614, 5),
(1614, 8),
(1614, 14),
(1615, 6),
(1615, 18),
(1616, 19),
(1617, 13),
(1617, 16),
(1618, 6),
(1618, 15),
(1618, 18),
(1619, 4),
(1619, 9),
(1619, 12),
(1620, 13),
(1621, 7),
(1621, 18),
(1621, 19),
(1622, 1),
(1622, 15),
(1623, 1),
(1623, 8),
(1623, 17),
(1624, 4),
(1625, 2),
(1625, 4),
(1625, 15),
(1626, 3),
(1626, 11),
(1626, 13),
(1627, 6),
(1627, 11),
(1627, 19),
(1628, 4),
(1628, 5),
(1628, 12),
(1629, 1),
(1629, 10),
(1630, 12),
(1631, 10),
(1631, 13),
(1631, 14),
(1632, 11),
(1632, 18),
(1633, 12),
(1633, 13),
(1634, 3),
(1635, 1),
(1635, 2),
(1635, 20),
(1636, 6),
(1636, 19),
(1637, 14),
(1638, 1),
(1639, 13),
(1639, 16),
(1640, 20),
(1641, 2),
(1642, 3),
(1642, 7),
(1642, 17),
(1643, 7),
(1643, 12),
(1643, 13),
(1644, 11),
(1644, 15),
(1644, 16),
(1645, 2),
(1646, 16),
(1647, 11),
(1647, 17),
(1647, 19),
(1648, 10),
(1648, 18),
(1648, 19),
(1649, 18),
(1650, 1),
(1650, 10),
(1650, 18),
(1651, 6),
(1651, 9),
(1652, 1),
(1652, 9),
(1653, 7),
(1653, 15),
(1654, 4),
(1655, 14),
(1656, 3),
(1656, 8),
(1657, 2),
(1657, 7),
(1657, 9),
(1658, 3),
(1659, 1),
(1659, 4),
(1659, 18),
(1660, 2),
(1660, 4),
(1660, 7),
(1661, 2),
(1661, 8),
(1661, 9),
(1662, 20),
(1663, 11),
(1663, 20),
(1664, 3),
(1664, 11),
(1665, 4),
(1665, 10),
(1666, 11),
(1667, 1),
(1667, 17),
(1668, 8),
(1668, 9),
(1668, 10),
(1669, 7),
(1670, 16),
(1670, 17),
(1671, 12),
(1671, 13),
(1672, 7),
(1672, 14),
(1672, 15),
(1673, 2),
(1673, 5),
(1673, 20),
(1674, 1),
(1674, 5),
(1674, 9),
(1675, 15),
(1676, 2),
(1676, 3),
(1677, 5),
(1677, 20),
(1678, 7),
(1678, 8),
(1678, 10),
(1679, 6),
(1679, 9),
(1679, 11),
(1680, 8),
(1680, 18),
(1680, 20),
(1681, 19),
(1682, 12),
(1682, 14),
(1682, 19),
(1683, 6),
(1683, 17),
(1683, 19),
(1684, 4),
(1684, 8),
(1684, 19),
(1685, 8),
(1685, 14),
(1686, 13),
(1687, 2),
(1687, 5),
(1687, 16),
(1688, 5),
(1688, 10),
(1689, 12),
(1690, 4),
(1690, 9),
(1691, 14),
(1692, 13),
(1693, 5),
(1693, 14),
(1693, 19),
(1694, 13),
(1694, 19),
(1695, 5),
(1696, 10),
(1696, 11),
(1696, 18),
(1697, 14),
(1697, 18),
(1698, 6),
(1698, 11),
(1698, 13),
(1699, 2),
(1699, 17),
(1700, 9),
(1701, 10),
(1701, 13),
(1701, 19),
(1702, 11),
(1703, 12),
(1703, 17),
(1704, 9),
(1704, 15),
(1705, 2),
(1705, 14),
(1705, 16),
(1706, 4),
(1706, 9),
(1707, 2),
(1708, 4),
(1708, 5),
(1708, 18),
(1709, 1),
(1709, 6),
(1710, 5),
(1710, 10),
(1710, 12),
(1711, 1),
(1711, 11),
(1711, 20),
(1712, 7),
(1712, 9),
(1713, 10),
(1714, 10),
(1714, 19),
(1715, 4),
(1715, 7),
(1715, 16),
(1716, 11),
(1716, 19),
(1717, 19),
(1718, 1),
(1718, 2),
(1718, 14),
(1719, 8),
(1719, 14),
(1720, 2),
(1721, 20),
(1722, 7),
(1722, 15),
(1722, 16),
(1723, 19),
(1724, 15),
(1725, 10),
(1725, 12),
(1726, 2),
(1726, 7),
(1726, 18),
(1727, 8),
(1727, 9),
(1727, 10),
(1728, 3),
(1728, 9),
(1729, 13),
(1730, 15),
(1730, 16),
(1731, 14),
(1731, 19),
(1732, 6),
(1733, 1),
(1733, 7),
(1734, 1),
(1734, 12),
(1734, 14),
(1735, 2),
(1735, 17),
(1735, 19),
(1736, 16),
(1737, 12),
(1737, 19),
(1738, 13),
(1738, 15),
(1739, 4),
(1739, 5),
(1739, 8),
(1740, 11),
(1740, 17),
(1741, 2),
(1741, 8),
(1742, 7),
(1743, 20),
(1744, 20),
(1745, 5),
(1745, 13),
(1746, 12),
(1747, 5),
(1747, 7),
(1747, 15),
(1748, 7),
(1748, 13),
(1748, 15),
(1749, 5),
(1749, 11),
(1749, 20),
(1750, 6),
(1750, 19),
(1751, 2),
(1752, 1),
(1752, 7),
(1752, 8),
(1753, 11),
(1753, 17),
(1754, 8),
(1754, 10),
(1754, 14),
(1755, 12),
(1755, 19),
(1756, 11),
(1756, 12),
(1756, 16),
(1757, 8),
(1757, 12),
(1758, 4),
(1758, 5),
(1758, 8),
(1759, 3),
(1759, 9),
(1760, 3),
(1760, 6),
(1760, 9),
(1761, 4),
(1762, 6),
(1763, 10),
(1764, 9),
(1764, 19),
(1765, 14),
(1765, 15),
(1765, 19),
(1766, 13),
(1767, 12),
(1767, 18),
(1768, 6),
(1768, 11),
(1768, 14),
(1769, 4),
(1769, 13),
(1770, 5),
(1771, 2),
(1771, 8),
(1771, 13),
(1772, 2),
(1772, 3),
(1772, 4),
(1773, 1),
(1773, 19),
(1774, 5),
(1774, 15),
(1775, 2),
(1775, 3),
(1775, 11),
(1776, 11),
(1776, 19),
(1776, 20),
(1777, 14),
(1777, 15),
(1778, 8),
(1779, 2),
(1779, 17),
(1780, 3),
(1780, 13),
(1781, 10),
(1781, 18),
(1782, 19),
(1782, 20),
(1782, 21),
(1783, 4),
(1783, 12),
(1784, 1),
(1785, 8),
(1785, 17),
(1786, 12),
(1787, 18),
(1788, 20),
(1789, 12),
(1790, 3),
(1790, 6),
(1790, 9),
(1791, 5),
(1792, 11),
(1792, 19),
(1793, 18),
(1794, 4),
(1795, 6),
(1795, 9),
(1796, 6),
(1796, 12),
(1796, 20),
(1797, 11),
(1798, 11),
(1799, 1),
(1799, 4),
(1799, 6),
(1800, 19),
(1801, 9),
(1801, 10),
(1801, 11),
(1802, 2),
(1802, 4),
(1802, 5),
(1803, 8),
(1803, 20),
(1804, 10),
(1805, 7),
(1805, 8),
(1805, 19),
(1806, 7),
(1806, 20),
(1807, 11),
(1808, 12),
(1808, 13),
(1808, 17),
(1809, 16),
(1809, 17),
(1809, 20),
(1810, 9),
(1810, 14),
(1810, 17),
(1811, 12),
(1812, 10),
(1812, 18),
(1813, 1),
(1813, 8),
(1814, 12),
(1814, 15),
(1815, 2),
(1816, 11),
(1816, 14),
(1817, 8),
(1817, 17),
(1817, 19),
(1818, 12),
(1818, 13),
(1818, 15),
(1819, 16),
(1820, 16),
(1821, 2),
(1821, 13),
(1821, 18),
(1822, 10),
(1822, 15),
(1823, 3),
(1823, 4),
(1824, 8),
(1825, 18),
(1825, 20),
(1826, 1),
(1826, 14),
(1827, 5),
(1827, 14),
(1828, 20),
(1829, 4),
(1830, 1),
(1830, 16),
(1830, 17),
(1831, 6),
(1831, 8),
(1831, 11),
(1832, 11),
(1832, 14),
(1833, 1),
(1833, 5),
(1833, 14),
(1834, 1),
(1834, 6),
(1834, 18),
(1835, 9),
(1835, 19),
(1836, 14),
(1836, 15),
(1836, 19),
(1837, 4),
(1837, 7),
(1837, 14),
(1838, 7),
(1838, 10),
(1838, 14),
(1839, 18),
(1840, 5),
(1840, 20),
(1841, 10),
(1842, 2),
(1842, 3),
(1843, 5),
(1843, 12),
(1843, 18),
(1844, 6),
(1844, 8),
(1844, 15),
(1845, 16),
(1845, 20),
(1846, 19),
(1847, 14),
(1847, 18),
(1847, 20),
(1848, 8),
(1848, 9),
(1848, 11),
(1849, 2),
(1849, 8),
(1849, 17),
(1850, 1),
(1850, 6),
(1851, 7),
(1851, 10),
(1852, 20),
(1853, 14),
(1853, 16),
(1853, 19),
(1854, 14),
(1854, 15),
(1854, 17),
(1855, 1),
(1855, 18),
(1856, 16),
(1857, 12),
(1857, 16),
(1858, 5),
(1858, 8),
(1858, 19),
(1859, 1),
(1860, 18),
(1861, 2),
(1861, 3),
(1862, 2),
(1862, 4),
(1862, 12),
(1863, 4),
(1863, 14),
(1863, 20),
(1864, 1),
(1864, 4),
(1865, 9),
(1865, 13),
(1865, 16),
(1866, 8),
(1866, 15),
(1867, 14),
(1868, 2),
(1869, 5),
(1870, 20),
(1871, 5),
(1871, 7),
(1871, 19),
(1872, 1),
(1872, 14),
(1873, 4),
(1873, 5),
(1873, 18),
(1874, 4),
(1874, 8),
(1874, 12),
(1875, 8),
(1875, 12),
(1876, 1),
(1876, 12),
(1877, 11),
(1877, 17),
(1877, 19),
(1878, 17),
(1879, 7),
(1879, 17),
(1879, 19),
(1880, 1),
(1880, 7),
(1880, 11),
(1881, 16),
(1881, 18),
(1882, 2),
(1882, 9),
(1883, 15),
(1884, 5),
(1885, 1),
(1886, 12),
(1886, 13),
(1887, 18),
(1887, 19),
(1888, 8),
(1889, 5),
(1890, 5),
(1890, 10),
(1891, 3),
(1891, 13),
(1892, 7),
(1892, 16),
(1893, 15),
(1893, 19),
(1894, 19),
(1895, 7),
(1895, 8),
(1895, 13),
(1896, 12),
(1897, 8),
(1898, 4),
(1898, 11),
(1898, 19),
(1899, 5),
(1899, 8),
(1899, 15),
(1900, 2),
(1901, 13),
(1901, 15),
(1902, 9),
(1902, 18),
(1903, 10),
(1903, 11),
(1904, 3),
(1904, 5),
(1904, 19),
(1905, 5),
(1905, 7),
(1906, 8),
(1906, 15),
(1907, 5),
(1907, 16),
(1908, 2),
(1908, 20),
(1909, 12),
(1909, 14),
(1910, 6),
(1910, 12),
(1910, 20),
(1911, 16),
(1912, 1),
(1912, 10),
(1913, 7),
(1913, 17),
(1914, 14),
(1914, 15),
(1914, 17),
(1915, 3),
(1916, 13),
(1917, 15),
(1918, 9),
(1919, 12),
(1919, 16),
(1920, 13),
(1920, 15),
(1921, 20),
(1922, 10),
(1922, 11),
(1922, 20),
(1923, 16),
(1924, 5),
(1924, 7),
(1924, 12),
(1925, 6),
(1925, 20),
(1926, 17),
(1927, 2),
(1927, 12),
(1927, 19),
(1928, 2),
(1928, 4),
(1928, 9),
(1929, 12),
(1929, 17),
(1930, 6),
(1930, 15),
(1930, 17),
(1931, 17),
(1932, 4),
(1932, 8),
(1932, 18),
(1933, 12),
(1933, 16),
(1934, 3),
(1934, 6),
(1934, 10),
(1935, 6),
(1935, 9),
(1935, 12),
(1936, 13),
(1937, 12),
(1937, 19),
(1938, 17),
(1939, 3),
(1940, 8),
(1940, 14),
(1940, 20),
(1941, 1),
(1941, 7),
(1941, 8),
(1942, 9),
(1942, 19),
(1942, 20),
(1943, 10),
(1943, 12),
(1943, 15),
(1944, 2),
(1944, 8),
(1945, 17),
(1946, 4),
(1946, 18),
(1947, 6),
(1947, 7),
(1947, 16),
(1948, 6),
(1948, 9),
(1948, 10),
(1949, 2),
(1949, 5),
(1949, 13),
(1950, 9),
(1951, 3),
(1951, 5),
(1951, 20),
(1952, 9),
(1952, 20),
(1952, 21),
(1953, 10),
(1954, 1),
(1954, 5),
(1954, 18),
(1955, 2),
(1956, 8),
(1956, 11),
(1957, 7),
(1957, 19),
(1958, 18),
(1959, 10),
(1959, 15),
(1960, 11),
(1960, 13),
(1961, 5),
(1961, 15),
(1962, 1),
(1962, 13),
(1963, 4),
(1963, 5),
(1964, 10),
(1964, 20),
(1965, 13),
(1966, 1),
(1966, 3),
(1966, 7),
(1967, 15),
(1967, 16),
(1968, 10),
(1968, 13),
(1968, 20),
(1969, 13),
(1970, 3),
(1970, 4),
(1971, 19),
(1972, 12),
(1973, 5),
(1973, 7),
(1973, 13),
(1974, 13),
(1974, 15),
(1974, 16),
(1975, 4),
(1975, 14),
(1975, 18),
(1976, 14),
(1976, 17),
(1977, 8),
(1977, 9),
(1977, 12),
(1978, 14),
(1979, 1),
(1979, 2),
(1980, 2),
(1980, 15),
(1980, 17),
(1981, 14),
(1982, 6),
(1982, 14),
(1983, 11),
(1984, 7),
(1984, 11),
(1985, 12),
(1985, 16),
(1985, 17),
(1986, 9),
(1986, 13),
(1987, 13),
(1987, 14),
(1988, 8),
(1988, 11),
(1989, 5),
(1989, 14),
(1989, 16),
(1990, 6),
(1990, 9),
(1990, 16),
(1991, 11),
(1992, 11),
(1993, 19),
(1994, 12),
(1995, 12),
(1995, 19),
(1995, 20),
(1996, 2),
(1996, 4),
(1997, 10),
(1998, 6),
(1999, 3),
(1999, 11),
(1999, 19),
(2000, 2);

-- --------------------------------------------------------

--
-- Estructura de tabla para la tabla `lista_jugados`
--

CREATE TABLE `lista_jugados` (
  `ID_VIDEOJUEGO` int(11) NOT NULL,
  `ID_USUARIO` int(11) NOT NULL,
  `VALORACION` int(11) DEFAULT NULL
) ENGINE=InnoDB DEFAULT CHARSET=utf8;

-- --------------------------------------------------------

--
-- Estructura de tabla para la tabla `lista_pendientes`
--

CREATE TABLE `lista_pendientes` (
  `ID_VIDEOJUEGO` int(11) NOT NULL,
  `ID_USUARIO` int(11) NOT NULL
) ENGINE=InnoDB DEFAULT CHARSET=utf8;

-- --------------------------------------------------------

--
-- Estructura de tabla para la tabla `plataforma`
--

CREATE TABLE `plataforma` (
  `ID_PLATAFORMA` int(11) NOT NULL,
  `PLATAFORMA` varchar(20) NOT NULL
) ENGINE=InnoDB DEFAULT CHARSET=utf8;

--
-- Volcado de datos para la tabla `plataforma`
--

INSERT INTO `plataforma` (`ID_PLATAFORMA`, `PLATAFORMA`) VALUES
(1, 'Playstation 4'),
(2, 'Xbox One'),
(3, 'Nintendo DS'),
(4, 'Android'),
(5, 'WiiU'),
(6, 'Playstation 2'),
(7, 'DC'),
(8, 'Nintendo 64'),
(9, 'PC'),
(10, 'Switch'),
(11, 'Playstation 3'),
(12, 'iPhone'),
(13, 'Playstation VITA'),
(14, 'XBOX'),
(15, 'Game Boy Advance'),
(16, 'Nintendo Gamecube'),
(17, 'Nintendo 3DS'),
(18, 'XBOX 360'),
(19, 'Wii'),
(20, 'PSP'),
(21, 'Playstation X'),
(22, 'Super Nintendo'),
(23, 'NES'),
(24, 'Game Boy'),
(25, 'Sega Dreamcast'),
(26, 'Sega Mega Drive'),
(27, 'Game Boy Color'),
(28, 'Sega Saturn'),
(29, 'Atari 2600'),
(30, 'Sega Master System'),
(31, 'Atari 5200'),
(32, 'Oculus Go'),
(33, 'HTC VIVE'),
(34, 'Playstation VR');

-- --------------------------------------------------------

--
-- Estructura de tabla para la tabla `plataforma_videojuego`
--

CREATE TABLE `plataforma_videojuego` (
  `ID_VIDEOJUEGO` int(11) NOT NULL,
  `ID_PLATAFORMA` int(11) NOT NULL
) ENGINE=InnoDB DEFAULT CHARSET=utf8;

-- --------------------------------------------------------

--
-- Estructura de tabla para la tabla `textos`
--

CREATE TABLE `textos` (
  `ID_TEXTO` int(11) NOT NULL,
  `TEXTO_ES` varchar(200) NOT NULL,
  `TEXTO_EN` varchar(200) NOT NULL,
  `TEXTO_PT` varchar(200) NOT NULL
) ENGINE=InnoDB DEFAULT CHARSET=utf8;

-- --------------------------------------------------------

--
-- Estructura de tabla para la tabla `usuario`
--

CREATE TABLE `usuario` (
  `ID_USUARIO` int(11) NOT NULL,
  `CONSTRASEÑA` varchar(20) NOT NULL,
  `NOMBRE_USUARIO` varchar(20) NOT NULL,
  `APELLIDOS_USUARIO` varchar(40) NOT NULL,
  `EMAIL` varchar(30) NOT NULL
) ENGINE=InnoDB DEFAULT CHARSET=utf8;

-- --------------------------------------------------------

--
-- Estructura de tabla para la tabla `videojuegos`
--

CREATE TABLE `videojuegos` (
  `ID_VIDEOJUEGO` int(11) NOT NULL,
  `NOMBRE` varchar(40) DEFAULT NULL,
  `COMPAÑIA` int(11) DEFAULT NULL,
  `FECHA_LANZAMIENTO` date DEFAULT NULL,
  `N_JUGADORES` int(11) DEFAULT NULL,
  `RATING` varchar(5) DEFAULT NULL
) ENGINE=InnoDB DEFAULT CHARSET=utf8;

--
-- Volcado de datos para la tabla `videojuegos`
--

INSERT INTO `videojuegos` (`ID_VIDEOJUEGO`, `NOMBRE`, `COMPAÑIA`, `FECHA_LANZAMIENTO`, `N_JUGADORES`, `RATING`) VALUES
(1, 'Nombre_Videojuego_1', 50, '1983-06-19', 1, '3'),
(2, 'Nombre_Videojuego_2', 37, '1997-01-15', 2, '7'),
(3, 'Nombre_Videojuego_3', 17, '1990-04-07', 3, '12'),
(4, 'Nombre_Videojuego_4', 31, '2018-05-24', 4, '16'),
(5, 'Nombre_Videojuego_5', 48, '1980-10-15', 5, '18'),
(6, 'Nombre_Videojuego_6', 2, '1984-01-21', 0, 'TODOS'),
(7, 'Nombre_Videojuego_7', 4, '2005-05-03', 1, '3'),
(8, 'Nombre_Videojuego_8', 1, '2016-08-19', 2, '7'),
(9, 'Nombre_Videojuego_9', 13, '2003-07-07', 3, '12'),
(10, 'Nombre_Videojuego_10', 3, '2017-03-24', 4, '16'),
(11, 'Nombre_Videojuego_11', 9, '1981-06-18', 5, '18'),
(12, 'Nombre_Videojuego_12', 39, '2016-09-17', 0, 'TODOS'),
(13, 'Nombre_Videojuego_13', 24, '2009-11-13', 1, '3'),
(14, 'Nombre_Videojuego_14', 13, '1978-04-12', 2, '7'),
(15, 'Nombre_Videojuego_15', 28, '2017-12-19', 3, '12'),
(16, 'Nombre_Videojuego_16', 25, '2003-01-24', 4, '16'),
(17, 'Nombre_Videojuego_17', 44, '1985-04-15', 5, '18'),
(18, 'Nombre_Videojuego_18', 42, '1994-04-04', 0, 'TODOS'),
(19, 'Nombre_Videojuego_19', 50, '1984-01-15', 1, '3'),
(20, 'Nombre_Videojuego_20', 39, '1984-07-02', 2, '7'),
(21, 'Nombre_Videojuego_21', 20, '1993-05-13', 3, '12'),
(22, 'Nombre_Videojuego_22', 17, '2005-04-16', 4, '16'),
(23, 'Nombre_Videojuego_23', 41, '2006-02-28', 5, '18'),
(24, 'Nombre_Videojuego_24', 41, '1999-04-02', 0, 'TODOS'),
(25, 'Nombre_Videojuego_25', 42, '1981-11-06', 1, '3'),
(26, 'Nombre_Videojuego_26', 33, '1998-07-22', 2, '7'),
(27, 'Nombre_Videojuego_27', 38, '1997-02-26', 3, '12'),
(28, 'Nombre_Videojuego_28', 43, '2002-08-27', 4, '16'),
(29, 'Nombre_Videojuego_29', 44, '1987-11-18', 5, '18'),
(30, 'Nombre_Videojuego_30', 46, '2009-10-06', 0, 'TODOS'),
(31, 'Nombre_Videojuego_31', 6, '1979-11-18', 1, '3'),
(32, 'Nombre_Videojuego_32', 30, '2015-02-13', 2, '7'),
(33, 'Nombre_Videojuego_33', 13, '1987-04-16', 3, '12'),
(34, 'Nombre_Videojuego_34', 35, '1978-06-19', 4, '16'),
(35, 'Nombre_Videojuego_35', 15, '1980-09-02', 5, '18'),
(36, 'Nombre_Videojuego_36', 24, '1995-09-26', 0, 'TODOS'),
(37, 'Nombre_Videojuego_37', 42, '2007-06-25', 1, '3'),
(38, 'Nombre_Videojuego_38', 8, '2005-07-07', 2, '7'),
(39, 'Nombre_Videojuego_39', 16, '1978-11-14', 3, '12'),
(40, 'Nombre_Videojuego_40', 37, '2016-01-08', 4, '16'),
(41, 'Nombre_Videojuego_41', 38, '2005-05-15', 5, '18'),
(42, 'Nombre_Videojuego_42', 29, '1993-04-18', 0, 'TODOS'),
(43, 'Nombre_Videojuego_43', 46, '1982-07-06', 1, '3'),
(44, 'Nombre_Videojuego_44', 23, '1980-12-19', 2, '7'),
(45, 'Nombre_Videojuego_45', 25, '2015-09-11', 3, '12'),
(46, 'Nombre_Videojuego_46', 38, '1999-02-03', 4, '16'),
(47, 'Nombre_Videojuego_47', 27, '1996-08-20', 5, '18'),
(48, 'Nombre_Videojuego_48', 24, '2002-08-06', 0, 'TODOS'),
(49, 'Nombre_Videojuego_49', 4, '1983-12-09', 1, '3'),
(50, 'Nombre_Videojuego_50', 36, '2009-01-05', 2, '7'),
(51, 'Nombre_Videojuego_51', 49, '1980-10-20', 3, '12'),
(52, 'Nombre_Videojuego_52', 5, '2019-09-08', 4, '16'),
(53, 'Nombre_Videojuego_53', 7, '1991-07-28', 5, '18'),
(54, 'Nombre_Videojuego_54', 18, '1982-11-17', 0, 'TODOS'),
(55, 'Nombre_Videojuego_55', 45, '2000-10-23', 1, '3'),
(56, 'Nombre_Videojuego_56', 41, '2019-04-24', 2, '7'),
(57, 'Nombre_Videojuego_57', 4, '1991-07-26', 3, '12'),
(58, 'Nombre_Videojuego_58', 28, '1978-08-12', 4, '16'),
(59, 'Nombre_Videojuego_59', 46, '1988-01-02', 5, '18'),
(60, 'Nombre_Videojuego_60', 36, '1981-10-19', 0, 'TODOS'),
(61, 'Nombre_Videojuego_61', 8, '1985-06-05', 1, '3'),
(62, 'Nombre_Videojuego_62', 49, '1996-10-03', 2, '7'),
(63, 'Nombre_Videojuego_63', 35, '1993-11-01', 3, '12'),
(64, 'Nombre_Videojuego_64', 5, '2000-06-06', 4, '16'),
(65, 'Nombre_Videojuego_65', 39, '2007-01-08', 5, '18'),
(66, 'Nombre_Videojuego_66', 21, '2010-10-15', 0, 'TODOS'),
(67, 'Nombre_Videojuego_67', 25, '2000-03-20', 1, '3'),
(68, 'Nombre_Videojuego_68', 23, '1991-12-14', 2, '7'),
(69, 'Nombre_Videojuego_69', 18, '1997-10-01', 3, '12'),
(70, 'Nombre_Videojuego_70', 46, '1980-06-21', 4, '16'),
(71, 'Nombre_Videojuego_71', 38, '2016-08-03', 5, '18'),
(72, 'Nombre_Videojuego_72', 46, '2011-03-22', 0, 'TODOS'),
(73, 'Nombre_Videojuego_73', 41, '1985-02-08', 1, '3'),
(74, 'Nombre_Videojuego_74', 16, '1988-02-26', 2, '7'),
(75, 'Nombre_Videojuego_75', 10, '1994-03-16', 3, '12'),
(76, 'Nombre_Videojuego_76', 7, '1989-04-03', 4, '16'),
(77, 'Nombre_Videojuego_77', 20, '2003-06-19', 5, '18'),
(78, 'Nombre_Videojuego_78', 36, '1988-05-06', 0, 'TODOS'),
(79, 'Nombre_Videojuego_79', 45, '2019-08-28', 1, '3'),
(80, 'Nombre_Videojuego_80', 12, '1986-11-18', 2, '7'),
(81, 'Nombre_Videojuego_81', 5, '2007-09-11', 3, '12'),
(82, 'Nombre_Videojuego_82', 11, '1985-07-04', 4, '16'),
(83, 'Nombre_Videojuego_83', 47, '1983-09-07', 5, '18'),
(84, 'Nombre_Videojuego_84', 31, '1993-05-25', 0, 'TODOS'),
(85, 'Nombre_Videojuego_85', 31, '1990-01-22', 1, '3'),
(86, 'Nombre_Videojuego_86', 29, '2008-01-15', 2, '7'),
(87, 'Nombre_Videojuego_87', 45, '2007-05-03', 3, '12'),
(88, 'Nombre_Videojuego_88', 34, '1998-06-24', 4, '16'),
(89, 'Nombre_Videojuego_89', 34, '1986-07-06', 5, '18'),
(90, 'Nombre_Videojuego_90', 19, '1987-09-26', 0, 'TODOS'),
(91, 'Nombre_Videojuego_91', 4, '1996-10-03', 1, '3'),
(92, 'Nombre_Videojuego_92', 13, '1980-02-24', 2, '7'),
(93, 'Nombre_Videojuego_93', 3, '2002-07-14', 3, '12'),
(94, 'Nombre_Videojuego_94', 42, '1991-01-02', 4, '16'),
(95, 'Nombre_Videojuego_95', 25, '1986-08-21', 5, '18'),
(96, 'Nombre_Videojuego_96', 12, '2009-04-08', 0, 'TODOS'),
(97, 'Nombre_Videojuego_97', 46, '2015-02-17', 1, '3'),
(98, 'Nombre_Videojuego_98', 9, '1979-12-08', 2, '7'),
(99, 'Nombre_Videojuego_99', 30, '1977-03-27', 3, '12'),
(100, 'Nombre_Videojuego_100', 33, '1996-06-09', 4, '16'),
(101, 'Nombre_Videojuego_101', 38, '1980-04-08', 5, '18'),
(102, 'Nombre_Videojuego_102', 39, '1992-10-04', 0, 'TODOS'),
(103, 'Nombre_Videojuego_103', 39, '1991-06-18', 1, '3'),
(104, 'Nombre_Videojuego_104', 6, '1994-01-08', 2, '7'),
(105, 'Nombre_Videojuego_105', 43, '1997-03-19', 3, '12'),
(106, 'Nombre_Videojuego_106', 42, '1999-02-03', 4, '16'),
(107, 'Nombre_Videojuego_107', 29, '2004-04-19', 5, '18'),
(108, 'Nombre_Videojuego_108', 32, '2016-07-01', 0, 'TODOS'),
(109, 'Nombre_Videojuego_109', 11, '2003-03-17', 1, '3'),
(110, 'Nombre_Videojuego_110', 36, '2006-11-10', 2, '7'),
(111, 'Nombre_Videojuego_111', 37, '2017-07-25', 3, '12'),
(112, 'Nombre_Videojuego_112', 41, '2016-03-03', 4, '16'),
(113, 'Nombre_Videojuego_113', 47, '1978-12-11', 5, '18'),
(114, 'Nombre_Videojuego_114', 41, '1987-05-21', 0, 'TODOS'),
(115, 'Nombre_Videojuego_115', 45, '2000-09-11', 1, '3'),
(116, 'Nombre_Videojuego_116', 24, '1990-03-17', 2, '7'),
(117, 'Nombre_Videojuego_117', 12, '1977-11-04', 3, '12'),
(118, 'Nombre_Videojuego_118', 14, '1999-03-19', 4, '16'),
(119, 'Nombre_Videojuego_119', 8, '1982-09-03', 5, '18'),
(120, 'Nombre_Videojuego_120', 27, '1978-03-05', 0, 'TODOS'),
(121, 'Nombre_Videojuego_121', 40, '2018-07-08', 1, '3'),
(122, 'Nombre_Videojuego_122', 5, '1985-02-06', 2, '7'),
(123, 'Nombre_Videojuego_123', 12, '2007-04-16', 3, '12'),
(124, 'Nombre_Videojuego_124', 22, '1982-08-19', 4, '16'),
(125, 'Nombre_Videojuego_125', 44, '1984-10-26', 5, '18'),
(126, 'Nombre_Videojuego_126', 50, '1981-12-10', 0, 'TODOS'),
(127, 'Nombre_Videojuego_127', 31, '2019-04-23', 1, '3'),
(128, 'Nombre_Videojuego_128', 39, '1986-09-22', 2, '7'),
(129, 'Nombre_Videojuego_129', 27, '1977-10-09', 3, '12'),
(130, 'Nombre_Videojuego_130', 46, '2007-07-07', 4, '16'),
(131, 'Nombre_Videojuego_131', 10, '2007-11-19', 5, '18'),
(132, 'Nombre_Videojuego_132', 25, '1983-12-05', 0, 'TODOS'),
(133, 'Nombre_Videojuego_133', 41, '1992-09-05', 1, '3'),
(134, 'Nombre_Videojuego_134', 3, '2016-07-15', 2, '7'),
(135, 'Nombre_Videojuego_135', 45, '1992-11-02', 3, '12'),
(136, 'Nombre_Videojuego_136', 12, '1984-12-02', 4, '16'),
(137, 'Nombre_Videojuego_137', 50, '2012-06-04', 5, '18'),
(138, 'Nombre_Videojuego_138', 35, '2008-10-25', 0, 'TODOS'),
(139, 'Nombre_Videojuego_139', 42, '2009-06-23', 1, '3'),
(140, 'Nombre_Videojuego_140', 17, '1980-10-01', 2, '7'),
(141, 'Nombre_Videojuego_141', 39, '2013-03-24', 3, '12'),
(142, 'Nombre_Videojuego_142', 21, '1978-10-16', 4, '16'),
(143, 'Nombre_Videojuego_143', 26, '1980-08-10', 5, '18'),
(144, 'Nombre_Videojuego_144', 45, '2015-10-05', 0, 'TODOS'),
(145, 'Nombre_Videojuego_145', 26, '2006-03-15', 1, '3'),
(146, 'Nombre_Videojuego_146', 11, '1989-05-04', 2, '7'),
(147, 'Nombre_Videojuego_147', 20, '2013-04-25', 3, '12'),
(148, 'Nombre_Videojuego_148', 29, '2006-04-18', 4, '16'),
(149, 'Nombre_Videojuego_149', 20, '2001-09-28', 5, '18'),
(150, 'Nombre_Videojuego_150', 3, '2002-01-04', 0, 'TODOS'),
(151, 'Nombre_Videojuego_151', 32, '1988-03-21', 1, '3'),
(152, 'Nombre_Videojuego_152', 19, '2010-03-16', 2, '7'),
(153, 'Nombre_Videojuego_153', 38, '1991-07-03', 3, '12'),
(154, 'Nombre_Videojuego_154', 4, '1985-10-01', 4, '16'),
(155, 'Nombre_Videojuego_155', 10, '1994-12-22', 5, '18'),
(156, 'Nombre_Videojuego_156', 13, '1980-01-09', 0, 'TODOS'),
(157, 'Nombre_Videojuego_157', 10, '1992-09-21', 1, '3'),
(158, 'Nombre_Videojuego_158', 28, '2009-07-04', 2, '7'),
(159, 'Nombre_Videojuego_159', 4, '2019-08-07', 3, '12'),
(160, 'Nombre_Videojuego_160', 31, '2019-03-25', 4, '16'),
(161, 'Nombre_Videojuego_161', 45, '1984-04-08', 5, '18'),
(162, 'Nombre_Videojuego_162', 15, '2018-10-22', 0, 'TODOS'),
(163, 'Nombre_Videojuego_163', 46, '2014-09-23', 1, '3'),
(164, 'Nombre_Videojuego_164', 32, '1985-07-04', 2, '7'),
(165, 'Nombre_Videojuego_165', 42, '1982-11-11', 3, '12'),
(166, 'Nombre_Videojuego_166', 45, '2010-07-07', 4, '16'),
(167, 'Nombre_Videojuego_167', 36, '1982-02-16', 5, '18'),
(168, 'Nombre_Videojuego_168', 33, '1984-12-21', 0, 'TODOS'),
(169, 'Nombre_Videojuego_169', 50, '2011-08-13', 1, '3'),
(170, 'Nombre_Videojuego_170', 18, '1983-07-09', 2, '7'),
(171, 'Nombre_Videojuego_171', 50, '2012-12-18', 3, '12'),
(172, 'Nombre_Videojuego_172', 7, '2002-12-01', 4, '16'),
(173, 'Nombre_Videojuego_173', 34, '1999-04-16', 5, '18'),
(174, 'Nombre_Videojuego_174', 29, '1990-04-12', 0, 'TODOS'),
(175, 'Nombre_Videojuego_175', 1, '1997-01-22', 1, '3'),
(176, 'Nombre_Videojuego_176', 42, '1990-05-24', 2, '7'),
(177, 'Nombre_Videojuego_177', 35, '2003-08-15', 3, '12'),
(178, 'Nombre_Videojuego_178', 15, '2007-08-03', 4, '16'),
(179, 'Nombre_Videojuego_179', 20, '1984-04-06', 5, '18'),
(180, 'Nombre_Videojuego_180', 29, '1997-10-28', 0, 'TODOS'),
(181, 'Nombre_Videojuego_181', 30, '2007-09-28', 1, '3'),
(182, 'Nombre_Videojuego_182', 41, '1980-10-20', 2, '7'),
(183, 'Nombre_Videojuego_183', 44, '1985-11-19', 3, '12'),
(184, 'Nombre_Videojuego_184', 7, '2018-10-19', 4, '16'),
(185, 'Nombre_Videojuego_185', 2, '2011-08-13', 5, '18'),
(186, 'Nombre_Videojuego_186', 8, '2009-10-26', 0, 'TODOS'),
(187, 'Nombre_Videojuego_187', 25, '2005-06-27', 1, '3'),
(188, 'Nombre_Videojuego_188', 37, '1979-04-20', 2, '7'),
(189, 'Nombre_Videojuego_189', 45, '1994-04-06', 3, '12'),
(190, 'Nombre_Videojuego_190', 7, '2004-04-14', 4, '16'),
(191, 'Nombre_Videojuego_191', 38, '1992-08-03', 5, '18'),
(192, 'Nombre_Videojuego_192', 38, '2000-04-22', 0, 'TODOS'),
(193, 'Nombre_Videojuego_193', 35, '1995-10-11', 1, '3'),
(194, 'Nombre_Videojuego_194', 35, '2000-11-07', 2, '7'),
(195, 'Nombre_Videojuego_195', 20, '2006-10-14', 3, '12'),
(196, 'Nombre_Videojuego_196', 49, '2017-07-08', 4, '16'),
(197, 'Nombre_Videojuego_197', 35, '1985-07-21', 5, '18'),
(198, 'Nombre_Videojuego_198', 13, '1997-04-22', 0, 'TODOS'),
(199, 'Nombre_Videojuego_199', 1, '2014-11-15', 1, '3'),
(200, 'Nombre_Videojuego_200', 2, '1981-01-02', 2, '7'),
(201, 'Nombre_Videojuego_201', 16, '1978-12-21', 3, '12'),
(202, 'Nombre_Videojuego_202', 15, '2008-08-22', 4, '16'),
(203, 'Nombre_Videojuego_203', 17, '1985-11-05', 5, '18'),
(204, 'Nombre_Videojuego_204', 20, '1979-03-09', 0, 'TODOS'),
(205, 'Nombre_Videojuego_205', 18, '1984-05-08', 1, '3'),
(206, 'Nombre_Videojuego_206', 1, '1995-06-23', 2, '7'),
(207, 'Nombre_Videojuego_207', 21, '2001-11-01', 3, '12'),
(208, 'Nombre_Videojuego_208', 29, '1984-08-21', 4, '16'),
(209, 'Nombre_Videojuego_209', 12, '1985-09-20', 5, '18'),
(210, 'Nombre_Videojuego_210', 8, '2008-04-27', 0, 'TODOS'),
(211, 'Nombre_Videojuego_211', 18, '1977-03-08', 1, '3'),
(212, 'Nombre_Videojuego_212', 47, '2002-07-06', 2, '7'),
(213, 'Nombre_Videojuego_213', 17, '2005-08-12', 3, '12'),
(214, 'Nombre_Videojuego_214', 41, '1987-10-25', 4, '16'),
(215, 'Nombre_Videojuego_215', 2, '2002-08-10', 5, '18'),
(216, 'Nombre_Videojuego_216', 28, '2018-03-22', 0, 'TODOS'),
(217, 'Nombre_Videojuego_217', 15, '1997-02-26', 1, '3'),
(218, 'Nombre_Videojuego_218', 34, '1998-11-08', 2, '7'),
(219, 'Nombre_Videojuego_219', 17, '1989-06-05', 3, '12'),
(220, 'Nombre_Videojuego_220', 45, '1991-04-21', 4, '16'),
(221, 'Nombre_Videojuego_221', 10, '1990-09-12', 5, '18'),
(222, 'Nombre_Videojuego_222', 1, '1993-06-15', 0, 'TODOS'),
(223, 'Nombre_Videojuego_223', 19, '1981-07-10', 1, '3'),
(224, 'Nombre_Videojuego_224', 19, '2005-07-19', 2, '7'),
(225, 'Nombre_Videojuego_225', 1, '2007-08-16', 3, '12'),
(226, 'Nombre_Videojuego_226', 10, '2000-06-06', 4, '16'),
(227, 'Nombre_Videojuego_227', 10, '1989-09-24', 5, '18'),
(228, 'Nombre_Videojuego_228', 38, '1983-06-24', 0, 'TODOS'),
(229, 'Nombre_Videojuego_229', 41, '1995-08-06', 1, '3'),
(230, 'Nombre_Videojuego_230', 46, '1982-04-25', 2, '7'),
(231, 'Nombre_Videojuego_231', 30, '2018-06-18', 3, '12'),
(232, 'Nombre_Videojuego_232', 27, '1988-12-06', 4, '16'),
(233, 'Nombre_Videojuego_233', 4, '1991-08-07', 5, '18'),
(234, 'Nombre_Videojuego_234', 47, '1981-06-24', 0, 'TODOS'),
(235, 'Nombre_Videojuego_235', 16, '1995-02-22', 1, '3'),
(236, 'Nombre_Videojuego_236', 5, '2011-05-16', 2, '7'),
(237, 'Nombre_Videojuego_237', 50, '2000-09-26', 3, '12'),
(238, 'Nombre_Videojuego_238', 33, '1977-11-05', 4, '16'),
(239, 'Nombre_Videojuego_239', 12, '1981-03-13', 5, '18'),
(240, 'Nombre_Videojuego_240', 39, '1991-08-25', 0, 'TODOS'),
(241, 'Nombre_Videojuego_241', 42, '1982-07-24', 1, '3'),
(242, 'Nombre_Videojuego_242', 4, '2001-12-18', 2, '7'),
(243, 'Nombre_Videojuego_243', 13, '1993-12-21', 3, '12'),
(244, 'Nombre_Videojuego_244', 42, '2018-01-14', 4, '16'),
(245, 'Nombre_Videojuego_245', 10, '1983-09-07', 5, '18'),
(246, 'Nombre_Videojuego_246', 32, '1990-11-23', 0, 'TODOS'),
(247, 'Nombre_Videojuego_247', 46, '2008-06-24', 1, '3'),
(248, 'Nombre_Videojuego_248', 18, '1987-10-01', 2, '7'),
(249, 'Nombre_Videojuego_249', 18, '1982-06-25', 3, '12'),
(250, 'Nombre_Videojuego_250', 18, '1989-05-10', 4, '16'),
(251, 'Nombre_Videojuego_251', 37, '2010-03-09', 5, '18'),
(252, 'Nombre_Videojuego_252', 41, '1999-02-06', 0, 'TODOS'),
(253, 'Nombre_Videojuego_253', 28, '2015-10-10', 1, '3'),
(254, 'Nombre_Videojuego_254', 50, '2015-09-06', 2, '7'),
(255, 'Nombre_Videojuego_255', 25, '2018-03-26', 3, '12'),
(256, 'Nombre_Videojuego_256', 40, '1999-01-19', 4, '16'),
(257, 'Nombre_Videojuego_257', 21, '2013-08-21', 5, '18'),
(258, 'Nombre_Videojuego_258', 28, '1999-12-06', 0, 'TODOS'),
(259, 'Nombre_Videojuego_259', 46, '2011-06-06', 1, '3'),
(260, 'Nombre_Videojuego_260', 20, '1982-03-07', 2, '7'),
(261, 'Nombre_Videojuego_261', 8, '2008-01-01', 3, '12'),
(262, 'Nombre_Videojuego_262', 25, '1995-12-11', 4, '16'),
(263, 'Nombre_Videojuego_263', 23, '2012-12-21', 5, '18'),
(264, 'Nombre_Videojuego_264', 33, '2002-10-14', 0, 'TODOS'),
(265, 'Nombre_Videojuego_265', 3, '2006-03-19', 1, '3'),
(266, 'Nombre_Videojuego_266', 29, '2001-05-17', 2, '7'),
(267, 'Nombre_Videojuego_267', 34, '1987-04-04', 3, '12'),
(268, 'Nombre_Videojuego_268', 31, '2014-10-25', 4, '16'),
(269, 'Nombre_Videojuego_269', 31, '2006-01-25', 5, '18'),
(270, 'Nombre_Videojuego_270', 23, '2000-10-11', 0, 'TODOS'),
(271, 'Nombre_Videojuego_271', 19, '1985-08-26', 1, '3'),
(272, 'Nombre_Videojuego_272', 33, '2000-02-23', 2, '7'),
(273, 'Nombre_Videojuego_273', 7, '2003-06-09', 3, '12'),
(274, 'Nombre_Videojuego_274', 30, '1993-04-18', 4, '16'),
(275, 'Nombre_Videojuego_275', 26, '2010-01-23', 5, '18'),
(276, 'Nombre_Videojuego_276', 14, '1997-10-18', 0, 'TODOS'),
(277, 'Nombre_Videojuego_277', 39, '1997-11-02', 1, '3'),
(278, 'Nombre_Videojuego_278', 10, '2003-01-11', 2, '7'),
(279, 'Nombre_Videojuego_279', 44, '1994-08-01', 3, '12'),
(280, 'Nombre_Videojuego_280', 6, '1996-07-07', 4, '16'),
(281, 'Nombre_Videojuego_281', 11, '1984-06-13', 5, '18'),
(282, 'Nombre_Videojuego_282', 21, '1984-11-03', 0, 'TODOS'),
(283, 'Nombre_Videojuego_283', 21, '1994-12-04', 1, '3'),
(284, 'Nombre_Videojuego_284', 27, '1996-08-21', 2, '7'),
(285, 'Nombre_Videojuego_285', 38, '2005-03-28', 3, '12'),
(286, 'Nombre_Videojuego_286', 25, '1997-07-14', 4, '16'),
(287, 'Nombre_Videojuego_287', 30, '2003-09-23', 5, '18'),
(288, 'Nombre_Videojuego_288', 24, '2006-07-02', 0, 'TODOS'),
(289, 'Nombre_Videojuego_289', 42, '2001-01-27', 1, '3'),
(290, 'Nombre_Videojuego_290', 13, '1995-09-25', 2, '7'),
(291, 'Nombre_Videojuego_291', 4, '1988-09-26', 3, '12'),
(292, 'Nombre_Videojuego_292', 33, '2005-01-28', 4, '16'),
(293, 'Nombre_Videojuego_293', 13, '1977-11-13', 5, '18'),
(294, 'Nombre_Videojuego_294', 23, '2001-05-11', 0, 'TODOS'),
(295, 'Nombre_Videojuego_295', 32, '2016-12-25', 1, '3'),
(296, 'Nombre_Videojuego_296', 13, '2002-11-15', 2, '7'),
(297, 'Nombre_Videojuego_297', 37, '1984-03-25', 3, '12'),
(298, 'Nombre_Videojuego_298', 29, '1982-07-09', 4, '16'),
(299, 'Nombre_Videojuego_299', 19, '2003-09-10', 5, '18'),
(300, 'Nombre_Videojuego_300', 47, '1982-06-20', 0, 'TODOS'),
(301, 'Nombre_Videojuego_301', 3, '2017-03-26', 1, '3'),
(302, 'Nombre_Videojuego_302', 25, '1988-10-21', 2, '7'),
(303, 'Nombre_Videojuego_303', 5, '1989-12-20', 3, '12'),
(304, 'Nombre_Videojuego_304', 6, '1993-07-19', 4, '16'),
(305, 'Nombre_Videojuego_305', 32, '1985-04-01', 5, '18'),
(306, 'Nombre_Videojuego_306', 20, '1986-03-26', 0, 'TODOS'),
(307, 'Nombre_Videojuego_307', 4, '1979-03-08', 1, '3'),
(308, 'Nombre_Videojuego_308', 48, '1980-11-04', 2, '7'),
(309, 'Nombre_Videojuego_309', 38, '1994-06-06', 3, '12'),
(310, 'Nombre_Videojuego_310', 37, '1999-10-05', 4, '16'),
(311, 'Nombre_Videojuego_311', 46, '1979-05-14', 5, '18'),
(312, 'Nombre_Videojuego_312', 13, '1989-07-01', 0, 'TODOS'),
(313, 'Nombre_Videojuego_313', 5, '2005-10-17', 1, '3'),
(314, 'Nombre_Videojuego_314', 27, '1990-06-12', 2, '7'),
(315, 'Nombre_Videojuego_315', 41, '1980-04-09', 3, '12'),
(316, 'Nombre_Videojuego_316', 9, '1983-11-24', 4, '16'),
(317, 'Nombre_Videojuego_317', 46, '1977-05-06', 5, '18'),
(318, 'Nombre_Videojuego_318', 24, '2003-09-09', 0, 'TODOS'),
(319, 'Nombre_Videojuego_319', 47, '2000-08-25', 1, '3'),
(320, 'Nombre_Videojuego_320', 49, '1979-05-01', 2, '7'),
(321, 'Nombre_Videojuego_321', 33, '1997-08-07', 3, '12'),
(322, 'Nombre_Videojuego_322', 24, '2005-06-27', 4, '16'),
(323, 'Nombre_Videojuego_323', 13, '2008-05-14', 5, '18'),
(324, 'Nombre_Videojuego_324', 26, '1977-04-21', 0, 'TODOS'),
(325, 'Nombre_Videojuego_325', 8, '1984-02-01', 1, '3'),
(326, 'Nombre_Videojuego_326', 3, '1991-07-06', 2, '7'),
(327, 'Nombre_Videojuego_327', 16, '2014-09-13', 3, '12'),
(328, 'Nombre_Videojuego_328', 33, '1997-03-05', 4, '16'),
(329, 'Nombre_Videojuego_329', 12, '1979-07-03', 5, '18'),
(330, 'Nombre_Videojuego_330', 10, '1995-04-19', 0, 'TODOS'),
(331, 'Nombre_Videojuego_331', 31, '2008-05-24', 1, '3'),
(332, 'Nombre_Videojuego_332', 25, '1981-09-26', 2, '7'),
(333, 'Nombre_Videojuego_333', 44, '2014-07-07', 3, '12'),
(334, 'Nombre_Videojuego_334', 46, '1989-06-27', 4, '16'),
(335, 'Nombre_Videojuego_335', 50, '1982-10-16', 5, '18'),
(336, 'Nombre_Videojuego_336', 36, '1991-02-01', 0, 'TODOS'),
(337, 'Nombre_Videojuego_337', 41, '2012-06-12', 1, '3'),
(338, 'Nombre_Videojuego_338', 19, '1979-11-06', 2, '7'),
(339, 'Nombre_Videojuego_339', 18, '2005-02-16', 3, '12'),
(340, 'Nombre_Videojuego_340', 21, '2004-04-02', 4, '16'),
(341, 'Nombre_Videojuego_341', 42, '1989-07-18', 5, '18'),
(342, 'Nombre_Videojuego_342', 41, '1997-12-11', 0, 'TODOS'),
(343, 'Nombre_Videojuego_343', 33, '2008-03-15', 1, '3'),
(344, 'Nombre_Videojuego_344', 9, '2003-10-22', 2, '7'),
(345, 'Nombre_Videojuego_345', 15, '1988-11-02', 3, '12'),
(346, 'Nombre_Videojuego_346', 40, '1981-10-28', 4, '16'),
(347, 'Nombre_Videojuego_347', 7, '1996-03-08', 5, '18'),
(348, 'Nombre_Videojuego_348', 40, '2017-12-27', 0, 'TODOS'),
(349, 'Nombre_Videojuego_349', 18, '2019-08-22', 1, '3'),
(350, 'Nombre_Videojuego_350', 25, '1985-12-13', 2, '7'),
(351, 'Nombre_Videojuego_351', 37, '1980-10-03', 3, '12'),
(352, 'Nombre_Videojuego_352', 4, '2016-10-22', 4, '16'),
(353, 'Nombre_Videojuego_353', 33, '1982-05-20', 5, '18'),
(354, 'Nombre_Videojuego_354', 6, '1981-12-07', 0, 'TODOS'),
(355, 'Nombre_Videojuego_355', 49, '1984-02-14', 1, '3'),
(356, 'Nombre_Videojuego_356', 12, '2019-10-09', 2, '7'),
(357, 'Nombre_Videojuego_357', 24, '1986-12-11', 3, '12'),
(358, 'Nombre_Videojuego_358', 22, '1980-05-10', 4, '16'),
(359, 'Nombre_Videojuego_359', 39, '1993-02-28', 5, '18'),
(360, 'Nombre_Videojuego_360', 26, '2018-12-15', 0, 'TODOS'),
(361, 'Nombre_Videojuego_361', 19, '2008-05-25', 1, '3'),
(362, 'Nombre_Videojuego_362', 32, '2013-11-16', 2, '7'),
(363, 'Nombre_Videojuego_363', 42, '2018-03-10', 3, '12'),
(364, 'Nombre_Videojuego_364', 16, '1981-07-21', 4, '16'),
(365, 'Nombre_Videojuego_365', 25, '1993-08-13', 5, '18'),
(366, 'Nombre_Videojuego_366', 46, '1996-08-06', 0, 'TODOS'),
(367, 'Nombre_Videojuego_367', 2, '2013-07-23', 1, '3'),
(368, 'Nombre_Videojuego_368', 32, '2008-08-27', 2, '7'),
(369, 'Nombre_Videojuego_369', 3, '2012-08-13', 3, '12'),
(370, 'Nombre_Videojuego_370', 33, '2014-08-18', 4, '16'),
(371, 'Nombre_Videojuego_371', 13, '1994-07-20', 5, '18'),
(372, 'Nombre_Videojuego_372', 45, '1979-11-05', 0, 'TODOS'),
(373, 'Nombre_Videojuego_373', 40, '2018-07-25', 1, '3'),
(374, 'Nombre_Videojuego_374', 17, '2018-09-02', 2, '7'),
(375, 'Nombre_Videojuego_375', 15, '2019-10-06', 3, '12'),
(376, 'Nombre_Videojuego_376', 5, '1993-02-17', 4, '16'),
(377, 'Nombre_Videojuego_377', 18, '1994-07-09', 5, '18'),
(378, 'Nombre_Videojuego_378', 41, '1982-12-07', 0, 'TODOS'),
(379, 'Nombre_Videojuego_379', 14, '2016-07-11', 1, '3'),
(380, 'Nombre_Videojuego_380', 27, '1993-12-10', 2, '7'),
(381, 'Nombre_Videojuego_381', 41, '2000-01-11', 3, '12'),
(382, 'Nombre_Videojuego_382', 35, '1992-05-21', 4, '16'),
(383, 'Nombre_Videojuego_383', 49, '1990-07-09', 5, '18'),
(384, 'Nombre_Videojuego_384', 31, '2015-04-15', 0, 'TODOS'),
(385, 'Nombre_Videojuego_385', 4, '2017-01-13', 1, '3'),
(386, 'Nombre_Videojuego_386', 38, '2018-07-14', 2, '7'),
(387, 'Nombre_Videojuego_387', 38, '2000-12-18', 3, '12'),
(388, 'Nombre_Videojuego_388', 18, '2012-05-16', 4, '16'),
(389, 'Nombre_Videojuego_389', 18, '1981-08-11', 5, '18'),
(390, 'Nombre_Videojuego_390', 26, '2005-07-13', 0, 'TODOS'),
(391, 'Nombre_Videojuego_391', 22, '1984-10-07', 1, '3'),
(392, 'Nombre_Videojuego_392', 45, '1998-11-01', 2, '7'),
(393, 'Nombre_Videojuego_393', 33, '2011-09-27', 3, '12'),
(394, 'Nombre_Videojuego_394', 4, '1994-05-08', 4, '16'),
(395, 'Nombre_Videojuego_395', 36, '2016-11-01', 5, '18'),
(396, 'Nombre_Videojuego_396', 44, '1983-05-21', 0, 'TODOS'),
(397, 'Nombre_Videojuego_397', 6, '2002-03-16', 1, '3'),
(398, 'Nombre_Videojuego_398', 42, '1997-01-06', 2, '7'),
(399, 'Nombre_Videojuego_399', 29, '2014-06-04', 3, '12'),
(400, 'Nombre_Videojuego_400', 34, '2010-06-02', 4, '16'),
(401, 'Nombre_Videojuego_401', 35, '2019-12-19', 5, '18'),
(402, 'Nombre_Videojuego_402', 29, '1997-02-28', 0, 'TODOS'),
(403, 'Nombre_Videojuego_403', 8, '2003-02-09', 1, '3'),
(404, 'Nombre_Videojuego_404', 22, '1986-01-24', 2, '7'),
(405, 'Nombre_Videojuego_405', 20, '2010-10-09', 3, '12'),
(406, 'Nombre_Videojuego_406', 26, '1999-06-23', 4, '16'),
(407, 'Nombre_Videojuego_407', 35, '1978-08-08', 5, '18'),
(408, 'Nombre_Videojuego_408', 9, '2006-03-12', 0, 'TODOS'),
(409, 'Nombre_Videojuego_409', 49, '1979-07-21', 1, '3'),
(410, 'Nombre_Videojuego_410', 30, '1982-06-16', 2, '7'),
(411, 'Nombre_Videojuego_411', 47, '2000-11-21', 3, '12'),
(412, 'Nombre_Videojuego_412', 27, '1987-01-07', 4, '16'),
(413, 'Nombre_Videojuego_413', 11, '1988-07-17', 5, '18'),
(414, 'Nombre_Videojuego_414', 39, '2002-08-26', 0, 'TODOS'),
(415, 'Nombre_Videojuego_415', 29, '1989-05-09', 1, '3'),
(416, 'Nombre_Videojuego_416', 33, '1978-06-14', 2, '7'),
(417, 'Nombre_Videojuego_417', 29, '1986-07-19', 3, '12'),
(418, 'Nombre_Videojuego_418', 35, '2019-03-21', 4, '16'),
(419, 'Nombre_Videojuego_419', 4, '2009-06-21', 5, '18'),
(420, 'Nombre_Videojuego_420', 32, '1989-06-17', 0, 'TODOS'),
(421, 'Nombre_Videojuego_421', 27, '2012-05-28', 1, '3'),
(422, 'Nombre_Videojuego_422', 3, '2001-07-12', 2, '7'),
(423, 'Nombre_Videojuego_423', 39, '1982-09-06', 3, '12'),
(424, 'Nombre_Videojuego_424', 14, '1980-12-09', 4, '16'),
(425, 'Nombre_Videojuego_425', 10, '2016-02-13', 5, '18'),
(426, 'Nombre_Videojuego_426', 33, '2011-01-13', 0, 'TODOS'),
(427, 'Nombre_Videojuego_427', 6, '1994-08-10', 1, '3'),
(428, 'Nombre_Videojuego_428', 11, '1979-04-28', 2, '7'),
(429, 'Nombre_Videojuego_429', 37, '2017-08-01', 3, '12'),
(430, 'Nombre_Videojuego_430', 2, '2012-08-27', 4, '16'),
(431, 'Nombre_Videojuego_431', 14, '2019-11-23', 5, '18'),
(432, 'Nombre_Videojuego_432', 17, '2001-08-14', 0, 'TODOS'),
(433, 'Nombre_Videojuego_433', 46, '1996-02-04', 1, '3'),
(434, 'Nombre_Videojuego_434', 33, '2006-01-17', 2, '7'),
(435, 'Nombre_Videojuego_435', 45, '1979-06-16', 3, '12'),
(436, 'Nombre_Videojuego_436', 43, '1978-01-01', 4, '16'),
(437, 'Nombre_Videojuego_437', 27, '2005-09-24', 5, '18'),
(438, 'Nombre_Videojuego_438', 46, '2009-03-28', 0, 'TODOS'),
(439, 'Nombre_Videojuego_439', 13, '2003-08-06', 1, '3'),
(440, 'Nombre_Videojuego_440', 22, '2007-10-24', 2, '7'),
(441, 'Nombre_Videojuego_441', 2, '2013-04-11', 3, '12'),
(442, 'Nombre_Videojuego_442', 30, '1977-05-02', 4, '16'),
(443, 'Nombre_Videojuego_443', 25, '1983-09-13', 5, '18'),
(444, 'Nombre_Videojuego_444', 47, '2001-04-18', 0, 'TODOS'),
(445, 'Nombre_Videojuego_445', 44, '2004-10-28', 1, '3'),
(446, 'Nombre_Videojuego_446', 3, '2004-02-19', 2, '7'),
(447, 'Nombre_Videojuego_447', 13, '2012-06-01', 3, '12'),
(448, 'Nombre_Videojuego_448', 15, '2006-03-28', 4, '16'),
(449, 'Nombre_Videojuego_449', 10, '1985-06-15', 5, '18'),
(450, 'Nombre_Videojuego_450', 47, '1989-10-26', 0, 'TODOS'),
(451, 'Nombre_Videojuego_451', 23, '2007-10-18', 1, '3'),
(452, 'Nombre_Videojuego_452', 10, '2003-08-17', 2, '7'),
(453, 'Nombre_Videojuego_453', 12, '1996-07-10', 3, '12'),
(454, 'Nombre_Videojuego_454', 34, '2010-10-09', 4, '16'),
(455, 'Nombre_Videojuego_455', 22, '1985-09-04', 5, '18'),
(456, 'Nombre_Videojuego_456', 26, '1992-09-07', 0, 'TODOS'),
(457, 'Nombre_Videojuego_457', 44, '2018-02-20', 1, '3'),
(458, 'Nombre_Videojuego_458', 23, '1995-11-27', 2, '7'),
(459, 'Nombre_Videojuego_459', 12, '1996-08-04', 3, '12'),
(460, 'Nombre_Videojuego_460', 42, '1992-10-22', 4, '16'),
(461, 'Nombre_Videojuego_461', 9, '1982-04-19', 5, '18'),
(462, 'Nombre_Videojuego_462', 49, '2012-04-02', 0, 'TODOS'),
(463, 'Nombre_Videojuego_463', 10, '1990-10-14', 1, '3'),
(464, 'Nombre_Videojuego_464', 34, '1978-12-24', 2, '7'),
(465, 'Nombre_Videojuego_465', 46, '2008-02-12', 3, '12'),
(466, 'Nombre_Videojuego_466', 30, '1985-07-10', 4, '16'),
(467, 'Nombre_Videojuego_467', 44, '2018-05-10', 5, '18'),
(468, 'Nombre_Videojuego_468', 36, '1990-02-12', 0, 'TODOS'),
(469, 'Nombre_Videojuego_469', 6, '1978-10-04', 1, '3'),
(470, 'Nombre_Videojuego_470', 22, '1990-12-19', 2, '7'),
(471, 'Nombre_Videojuego_471', 2, '1983-10-07', 3, '12'),
(472, 'Nombre_Videojuego_472', 41, '2009-04-09', 4, '16'),
(473, 'Nombre_Videojuego_473', 28, '1982-11-04', 5, '18'),
(474, 'Nombre_Videojuego_474', 40, '2015-02-19', 0, 'TODOS'),
(475, 'Nombre_Videojuego_475', 5, '1985-11-10', 1, '3'),
(476, 'Nombre_Videojuego_476', 45, '2004-11-15', 2, '7'),
(477, 'Nombre_Videojuego_477', 17, '2014-05-27', 3, '12'),
(478, 'Nombre_Videojuego_478', 20, '2002-09-17', 4, '16'),
(479, 'Nombre_Videojuego_479', 32, '2001-01-06', 5, '18'),
(480, 'Nombre_Videojuego_480', 45, '2004-05-07', 0, 'TODOS'),
(481, 'Nombre_Videojuego_481', 23, '1978-06-08', 1, '3'),
(482, 'Nombre_Videojuego_482', 9, '1995-10-04', 2, '7'),
(483, 'Nombre_Videojuego_483', 18, '1986-05-11', 3, '12'),
(484, 'Nombre_Videojuego_484', 15, '2001-08-25', 4, '16'),
(485, 'Nombre_Videojuego_485', 13, '1977-06-23', 5, '18'),
(486, 'Nombre_Videojuego_486', 38, '2013-07-12', 0, 'TODOS'),
(487, 'Nombre_Videojuego_487', 6, '1993-02-14', 1, '3'),
(488, 'Nombre_Videojuego_488', 42, '2000-01-01', 2, '7'),
(489, 'Nombre_Videojuego_489', 8, '2018-06-11', 3, '12'),
(490, 'Nombre_Videojuego_490', 25, '1993-02-03', 4, '16'),
(491, 'Nombre_Videojuego_491', 20, '1990-08-16', 5, '18'),
(492, 'Nombre_Videojuego_492', 40, '1989-12-27', 0, 'TODOS'),
(493, 'Nombre_Videojuego_493', 50, '1981-01-23', 1, '3'),
(494, 'Nombre_Videojuego_494', 9, '2000-04-13', 2, '7'),
(495, 'Nombre_Videojuego_495', 38, '1991-02-10', 3, '12'),
(496, 'Nombre_Videojuego_496', 25, '2019-11-07', 4, '16'),
(497, 'Nombre_Videojuego_497', 38, '2012-05-20', 5, '18'),
(498, 'Nombre_Videojuego_498', 18, '2005-09-22', 0, 'TODOS'),
(499, 'Nombre_Videojuego_499', 46, '1978-07-02', 1, '3'),
(500, 'Nombre_Videojuego_500', 18, '2018-01-06', 2, '7'),
(501, 'Nombre_Videojuego_501', 3, '2011-08-11', 3, '12'),
(502, 'Nombre_Videojuego_502', 14, '2016-04-16', 4, '16'),
(503, 'Nombre_Videojuego_503', 36, '1999-02-09', 5, '18'),
(504, 'Nombre_Videojuego_504', 5, '1989-05-28', 0, 'TODOS'),
(505, 'Nombre_Videojuego_505', 38, '2013-12-20', 1, '3'),
(506, 'Nombre_Videojuego_506', 27, '1980-09-06', 2, '7'),
(507, 'Nombre_Videojuego_507', 30, '2016-06-06', 3, '12'),
(508, 'Nombre_Videojuego_508', 31, '2018-02-20', 4, '16'),
(509, 'Nombre_Videojuego_509', 24, '2015-09-25', 5, '18'),
(510, 'Nombre_Videojuego_510', 12, '2012-12-08', 0, 'TODOS'),
(511, 'Nombre_Videojuego_511', 9, '1978-12-18', 1, '3'),
(512, 'Nombre_Videojuego_512', 44, '2019-02-13', 2, '7'),
(513, 'Nombre_Videojuego_513', 12, '2007-03-06', 3, '12'),
(514, 'Nombre_Videojuego_514', 41, '1993-06-14', 4, '16'),
(515, 'Nombre_Videojuego_515', 12, '1981-04-01', 5, '18'),
(516, 'Nombre_Videojuego_516', 30, '1993-09-26', 0, 'TODOS'),
(517, 'Nombre_Videojuego_517', 49, '2003-09-23', 1, '3'),
(518, 'Nombre_Videojuego_518', 30, '2016-11-06', 2, '7'),
(519, 'Nombre_Videojuego_519', 35, '2012-01-26', 3, '12'),
(520, 'Nombre_Videojuego_520', 44, '1999-04-02', 4, '16'),
(521, 'Nombre_Videojuego_521', 12, '1978-04-13', 5, '18'),
(522, 'Nombre_Videojuego_522', 39, '1994-10-11', 0, 'TODOS'),
(523, 'Nombre_Videojuego_523', 12, '1993-04-05', 1, '3'),
(524, 'Nombre_Videojuego_524', 34, '2016-05-17', 2, '7'),
(525, 'Nombre_Videojuego_525', 30, '1982-12-03', 3, '12'),
(526, 'Nombre_Videojuego_526', 15, '2017-09-16', 4, '16'),
(527, 'Nombre_Videojuego_527', 37, '2012-09-01', 5, '18'),
(528, 'Nombre_Videojuego_528', 7, '1981-05-11', 0, 'TODOS'),
(529, 'Nombre_Videojuego_529', 22, '1979-01-18', 1, '3'),
(530, 'Nombre_Videojuego_530', 2, '2006-03-25', 2, '7'),
(531, 'Nombre_Videojuego_531', 17, '1994-08-20', 3, '12'),
(532, 'Nombre_Videojuego_532', 43, '2013-06-10', 4, '16'),
(533, 'Nombre_Videojuego_533', 19, '1997-09-17', 5, '18'),
(534, 'Nombre_Videojuego_534', 50, '1990-03-04', 0, 'TODOS'),
(535, 'Nombre_Videojuego_535', 27, '1990-11-03', 1, '3'),
(536, 'Nombre_Videojuego_536', 1, '2013-05-22', 2, '7'),
(537, 'Nombre_Videojuego_537', 2, '2002-01-17', 3, '12'),
(538, 'Nombre_Videojuego_538', 35, '1978-07-06', 4, '16'),
(539, 'Nombre_Videojuego_539', 30, '1987-11-16', 5, '18'),
(540, 'Nombre_Videojuego_540', 14, '1989-03-27', 0, 'TODOS'),
(541, 'Nombre_Videojuego_541', 23, '1999-10-01', 1, '3'),
(542, 'Nombre_Videojuego_542', 32, '1977-01-08', 2, '7'),
(543, 'Nombre_Videojuego_543', 11, '2001-04-03', 3, '12'),
(544, 'Nombre_Videojuego_544', 41, '1987-08-28', 4, '16'),
(545, 'Nombre_Videojuego_545', 45, '1983-02-20', 5, '18'),
(546, 'Nombre_Videojuego_546', 50, '2001-09-07', 0, 'TODOS'),
(547, 'Nombre_Videojuego_547', 26, '1982-04-24', 1, '3'),
(548, 'Nombre_Videojuego_548', 46, '2010-03-08', 2, '7'),
(549, 'Nombre_Videojuego_549', 14, '1991-09-03', 3, '12'),
(550, 'Nombre_Videojuego_550', 13, '2003-09-09', 4, '16'),
(551, 'Nombre_Videojuego_551', 5, '2007-01-12', 5, '18'),
(552, 'Nombre_Videojuego_552', 34, '2011-02-28', 0, 'TODOS'),
(553, 'Nombre_Videojuego_553', 48, '1998-08-05', 1, '3'),
(554, 'Nombre_Videojuego_554', 12, '2017-11-21', 2, '7'),
(555, 'Nombre_Videojuego_555', 30, '1992-12-25', 3, '12'),
(556, 'Nombre_Videojuego_556', 28, '2018-04-08', 4, '16'),
(557, 'Nombre_Videojuego_557', 9, '2007-08-18', 5, '18'),
(558, 'Nombre_Videojuego_558', 50, '2006-12-08', 0, 'TODOS'),
(559, 'Nombre_Videojuego_559', 12, '2015-04-19', 1, '3'),
(560, 'Nombre_Videojuego_560', 34, '2017-03-10', 2, '7'),
(561, 'Nombre_Videojuego_561', 44, '1984-03-13', 3, '12'),
(562, 'Nombre_Videojuego_562', 1, '2009-07-08', 4, '16'),
(563, 'Nombre_Videojuego_563', 48, '2007-04-28', 5, '18'),
(564, 'Nombre_Videojuego_564', 6, '2011-10-10', 0, 'TODOS'),
(565, 'Nombre_Videojuego_565', 6, '1977-11-10', 1, '3'),
(566, 'Nombre_Videojuego_566', 22, '1992-09-14', 2, '7'),
(567, 'Nombre_Videojuego_567', 20, '2003-05-28', 3, '12'),
(568, 'Nombre_Videojuego_568', 8, '1981-06-10', 4, '16'),
(569, 'Nombre_Videojuego_569', 47, '2003-04-28', 5, '18'),
(570, 'Nombre_Videojuego_570', 28, '1993-07-05', 0, 'TODOS'),
(571, 'Nombre_Videojuego_571', 22, '2012-09-24', 1, '3'),
(572, 'Nombre_Videojuego_572', 7, '2005-05-23', 2, '7'),
(573, 'Nombre_Videojuego_573', 37, '1987-10-16', 3, '12'),
(574, 'Nombre_Videojuego_574', 10, '1984-07-28', 4, '16'),
(575, 'Nombre_Videojuego_575', 47, '1990-08-09', 5, '18'),
(576, 'Nombre_Videojuego_576', 23, '1987-06-02', 0, 'TODOS'),
(577, 'Nombre_Videojuego_577', 9, '1986-09-01', 1, '3'),
(578, 'Nombre_Videojuego_578', 26, '2013-03-17', 2, '7'),
(579, 'Nombre_Videojuego_579', 33, '2018-03-03', 3, '12'),
(580, 'Nombre_Videojuego_580', 19, '2019-11-20', 4, '16'),
(581, 'Nombre_Videojuego_581', 30, '1990-01-11', 5, '18'),
(582, 'Nombre_Videojuego_582', 33, '1985-09-18', 0, 'TODOS'),
(583, 'Nombre_Videojuego_583', 19, '1991-06-01', 1, '3'),
(584, 'Nombre_Videojuego_584', 33, '1997-09-23', 2, '7'),
(585, 'Nombre_Videojuego_585', 41, '2011-10-01', 3, '12'),
(586, 'Nombre_Videojuego_586', 40, '1979-05-10', 4, '16'),
(587, 'Nombre_Videojuego_587', 27, '1981-09-25', 5, '18'),
(588, 'Nombre_Videojuego_588', 2, '2018-04-26', 0, 'TODOS'),
(589, 'Nombre_Videojuego_589', 36, '2004-09-26', 1, '3'),
(590, 'Nombre_Videojuego_590', 3, '1990-03-25', 2, '7'),
(591, 'Nombre_Videojuego_591', 40, '1979-06-25', 3, '12'),
(592, 'Nombre_Videojuego_592', 38, '2015-09-23', 4, '16'),
(593, 'Nombre_Videojuego_593', 46, '1991-11-26', 5, '18'),
(594, 'Nombre_Videojuego_594', 41, '1990-09-06', 0, 'TODOS'),
(595, 'Nombre_Videojuego_595', 4, '1978-04-02', 1, '3'),
(596, 'Nombre_Videojuego_596', 39, '2006-05-11', 2, '7'),
(597, 'Nombre_Videojuego_597', 19, '2018-09-26', 3, '12'),
(598, 'Nombre_Videojuego_598', 42, '2015-07-15', 4, '16'),
(599, 'Nombre_Videojuego_599', 38, '1983-01-05', 5, '18'),
(600, 'Nombre_Videojuego_600', 2, '2013-12-06', 0, 'TODOS'),
(601, 'Nombre_Videojuego_601', 10, '2012-06-28', 1, '3'),
(602, 'Nombre_Videojuego_602', 44, '2019-12-08', 2, '7'),
(603, 'Nombre_Videojuego_603', 10, '2019-10-12', 3, '12'),
(604, 'Nombre_Videojuego_604', 19, '1990-01-21', 4, '16'),
(605, 'Nombre_Videojuego_605', 5, '1993-05-17', 5, '18'),
(606, 'Nombre_Videojuego_606', 5, '2002-11-26', 0, 'TODOS'),
(607, 'Nombre_Videojuego_607', 20, '1989-11-01', 1, '3'),
(608, 'Nombre_Videojuego_608', 33, '1987-02-27', 2, '7'),
(609, 'Nombre_Videojuego_609', 14, '2002-05-19', 3, '12'),
(610, 'Nombre_Videojuego_610', 44, '1999-06-28', 4, '16'),
(611, 'Nombre_Videojuego_611', 3, '1993-10-06', 5, '18'),
(612, 'Nombre_Videojuego_612', 21, '2007-09-01', 0, 'TODOS'),
(613, 'Nombre_Videojuego_613', 47, '2007-06-20', 1, '3'),
(614, 'Nombre_Videojuego_614', 26, '1995-08-07', 2, '7'),
(615, 'Nombre_Videojuego_615', 36, '1980-02-05', 3, '12'),
(616, 'Nombre_Videojuego_616', 31, '1988-07-20', 4, '16'),
(617, 'Nombre_Videojuego_617', 3, '2000-06-24', 5, '18'),
(618, 'Nombre_Videojuego_618', 14, '2003-05-20', 0, 'TODOS'),
(619, 'Nombre_Videojuego_619', 21, '2007-06-22', 1, '3'),
(620, 'Nombre_Videojuego_620', 11, '1982-07-22', 2, '7'),
(621, 'Nombre_Videojuego_621', 1, '2019-04-26', 3, '12'),
(622, 'Nombre_Videojuego_622', 17, '1983-03-05', 4, '16'),
(623, 'Nombre_Videojuego_623', 12, '1980-09-21', 5, '18'),
(624, 'Nombre_Videojuego_624', 35, '1989-01-27', 0, 'TODOS'),
(625, 'Nombre_Videojuego_625', 17, '1979-04-10', 1, '3'),
(626, 'Nombre_Videojuego_626', 9, '2009-10-11', 2, '7'),
(627, 'Nombre_Videojuego_627', 24, '2015-04-22', 3, '12'),
(628, 'Nombre_Videojuego_628', 10, '1990-01-08', 4, '16'),
(629, 'Nombre_Videojuego_629', 15, '1991-04-07', 5, '18'),
(630, 'Nombre_Videojuego_630', 34, '2015-07-20', 0, 'TODOS'),
(631, 'Nombre_Videojuego_631', 38, '1985-05-12', 1, '3'),
(632, 'Nombre_Videojuego_632', 49, '2019-12-14', 2, '7'),
(633, 'Nombre_Videojuego_633', 36, '2011-02-12', 3, '12'),
(634, 'Nombre_Videojuego_634', 42, '2013-10-18', 4, '16'),
(635, 'Nombre_Videojuego_635', 34, '2012-03-11', 5, '18'),
(636, 'Nombre_Videojuego_636', 14, '2009-07-06', 0, 'TODOS'),
(637, 'Nombre_Videojuego_637', 29, '1977-03-03', 1, '3'),
(638, 'Nombre_Videojuego_638', 6, '2014-11-10', 2, '7'),
(639, 'Nombre_Videojuego_639', 24, '1993-03-26', 3, '12'),
(640, 'Nombre_Videojuego_640', 22, '2011-04-28', 4, '16'),
(641, 'Nombre_Videojuego_641', 40, '2015-06-01', 5, '18'),
(642, 'Nombre_Videojuego_642', 17, '1988-05-23', 0, 'TODOS'),
(643, 'Nombre_Videojuego_643', 5, '2018-12-19', 1, '3'),
(644, 'Nombre_Videojuego_644', 33, '1985-11-09', 2, '7'),
(645, 'Nombre_Videojuego_645', 42, '2006-08-06', 3, '12'),
(646, 'Nombre_Videojuego_646', 22, '2004-11-09', 4, '16'),
(647, 'Nombre_Videojuego_647', 20, '1994-07-13', 5, '18'),
(648, 'Nombre_Videojuego_648', 38, '1998-06-03', 0, 'TODOS'),
(649, 'Nombre_Videojuego_649', 26, '1998-04-23', 1, '3'),
(650, 'Nombre_Videojuego_650', 25, '1979-09-21', 2, '7'),
(651, 'Nombre_Videojuego_651', 38, '1996-10-15', 3, '12'),
(652, 'Nombre_Videojuego_652', 38, '1997-12-16', 4, '16'),
(653, 'Nombre_Videojuego_653', 32, '1980-10-26', 5, '18'),
(654, 'Nombre_Videojuego_654', 39, '1991-04-09', 0, 'TODOS'),
(655, 'Nombre_Videojuego_655', 39, '1982-03-23', 1, '3'),
(656, 'Nombre_Videojuego_656', 23, '1987-09-13', 2, '7'),
(657, 'Nombre_Videojuego_657', 41, '1990-01-15', 3, '12'),
(658, 'Nombre_Videojuego_658', 3, '1991-03-05', 4, '16'),
(659, 'Nombre_Videojuego_659', 20, '1991-12-18', 5, '18'),
(660, 'Nombre_Videojuego_660', 30, '2000-09-12', 0, 'TODOS'),
(661, 'Nombre_Videojuego_661', 3, '2007-02-27', 1, '3'),
(662, 'Nombre_Videojuego_662', 44, '1990-12-09', 2, '7'),
(663, 'Nombre_Videojuego_663', 4, '2005-04-11', 3, '12'),
(664, 'Nombre_Videojuego_664', 16, '2000-05-05', 4, '16'),
(665, 'Nombre_Videojuego_665', 30, '2006-06-27', 5, '18'),
(666, 'Nombre_Videojuego_666', 6, '1982-03-02', 0, 'TODOS'),
(667, 'Nombre_Videojuego_667', 22, '1981-05-21', 1, '3'),
(668, 'Nombre_Videojuego_668', 6, '2006-03-10', 2, '7'),
(669, 'Nombre_Videojuego_669', 28, '2019-08-02', 3, '12'),
(670, 'Nombre_Videojuego_670', 30, '2016-02-18', 4, '16'),
(671, 'Nombre_Videojuego_671', 49, '1986-04-18', 5, '18'),
(672, 'Nombre_Videojuego_672', 47, '2014-12-14', 0, 'TODOS'),
(673, 'Nombre_Videojuego_673', 39, '2006-03-18', 1, '3'),
(674, 'Nombre_Videojuego_674', 41, '1987-12-15', 2, '7'),
(675, 'Nombre_Videojuego_675', 10, '1991-05-03', 3, '12'),
(676, 'Nombre_Videojuego_676', 2, '1981-12-17', 4, '16'),
(677, 'Nombre_Videojuego_677', 19, '1997-05-05', 5, '18'),
(678, 'Nombre_Videojuego_678', 40, '2009-09-11', 0, 'TODOS'),
(679, 'Nombre_Videojuego_679', 40, '2014-11-19', 1, '3'),
(680, 'Nombre_Videojuego_680', 34, '1984-12-21', 2, '7'),
(681, 'Nombre_Videojuego_681', 37, '2000-03-07', 3, '12'),
(682, 'Nombre_Videojuego_682', 12, '1999-04-15', 4, '16'),
(683, 'Nombre_Videojuego_683', 18, '2013-01-12', 5, '18'),
(684, 'Nombre_Videojuego_684', 40, '2008-08-10', 0, 'TODOS'),
(685, 'Nombre_Videojuego_685', 50, '2001-11-21', 1, '3'),
(686, 'Nombre_Videojuego_686', 20, '2011-03-01', 2, '7'),
(687, 'Nombre_Videojuego_687', 50, '2004-04-03', 3, '12'),
(688, 'Nombre_Videojuego_688', 32, '2010-03-15', 4, '16'),
(689, 'Nombre_Videojuego_689', 50, '1996-03-25', 5, '18'),
(690, 'Nombre_Videojuego_690', 32, '1991-06-14', 0, 'TODOS'),
(691, 'Nombre_Videojuego_691', 31, '2010-01-17', 1, '3'),
(692, 'Nombre_Videojuego_692', 44, '1984-11-26', 2, '7'),
(693, 'Nombre_Videojuego_693', 46, '1985-06-09', 3, '12'),
(694, 'Nombre_Videojuego_694', 29, '1985-05-06', 4, '16'),
(695, 'Nombre_Videojuego_695', 2, '1977-06-10', 5, '18'),
(696, 'Nombre_Videojuego_696', 9, '2006-03-28', 0, 'TODOS'),
(697, 'Nombre_Videojuego_697', 4, '1993-05-27', 1, '3'),
(698, 'Nombre_Videojuego_698', 42, '1987-01-10', 2, '7'),
(699, 'Nombre_Videojuego_699', 37, '1989-11-09', 3, '12'),
(700, 'Nombre_Videojuego_700', 7, '1981-06-10', 4, '16'),
(701, 'Nombre_Videojuego_701', 34, '2016-12-08', 5, '18'),
(702, 'Nombre_Videojuego_702', 23, '2018-08-28', 0, 'TODOS'),
(703, 'Nombre_Videojuego_703', 26, '1993-03-25', 1, '3'),
(704, 'Nombre_Videojuego_704', 24, '2012-03-21', 2, '7'),
(705, 'Nombre_Videojuego_705', 32, '1991-12-27', 3, '12'),
(706, 'Nombre_Videojuego_706', 46, '1978-08-22', 4, '16'),
(707, 'Nombre_Videojuego_707', 36, '1980-02-08', 5, '18'),
(708, 'Nombre_Videojuego_708', 37, '2005-11-06', 0, 'TODOS'),
(709, 'Nombre_Videojuego_709', 11, '1989-05-03', 1, '3'),
(710, 'Nombre_Videojuego_710', 42, '1985-05-01', 2, '7'),
(711, 'Nombre_Videojuego_711', 22, '1980-12-25', 3, '12'),
(712, 'Nombre_Videojuego_712', 18, '2012-09-17', 4, '16'),
(713, 'Nombre_Videojuego_713', 47, '2009-04-24', 5, '18'),
(714, 'Nombre_Videojuego_714', 9, '2015-01-18', 0, 'TODOS'),
(715, 'Nombre_Videojuego_715', 12, '2003-04-03', 1, '3'),
(716, 'Nombre_Videojuego_716', 1, '1992-06-17', 2, '7'),
(717, 'Nombre_Videojuego_717', 12, '1990-08-15', 3, '12'),
(718, 'Nombre_Videojuego_718', 13, '1989-10-10', 4, '16'),
(719, 'Nombre_Videojuego_719', 42, '1997-12-05', 5, '18'),
(720, 'Nombre_Videojuego_720', 23, '2011-07-22', 0, 'TODOS'),
(721, 'Nombre_Videojuego_721', 20, '1985-07-09', 1, '3'),
(722, 'Nombre_Videojuego_722', 12, '2015-04-22', 2, '7'),
(723, 'Nombre_Videojuego_723', 19, '1985-03-11', 3, '12'),
(724, 'Nombre_Videojuego_724', 37, '1979-11-13', 4, '16'),
(725, 'Nombre_Videojuego_725', 7, '1993-01-06', 5, '18'),
(726, 'Nombre_Videojuego_726', 16, '2005-10-02', 0, 'TODOS'),
(727, 'Nombre_Videojuego_727', 30, '1988-11-11', 1, '3'),
(728, 'Nombre_Videojuego_728', 32, '2004-04-12', 2, '7'),
(729, 'Nombre_Videojuego_729', 29, '1993-05-18', 3, '12'),
(730, 'Nombre_Videojuego_730', 27, '2008-07-27', 4, '16'),
(731, 'Nombre_Videojuego_731', 31, '2002-06-24', 5, '18'),
(732, 'Nombre_Videojuego_732', 34, '1986-10-07', 0, 'TODOS'),
(733, 'Nombre_Videojuego_733', 45, '1987-03-15', 1, '3'),
(734, 'Nombre_Videojuego_734', 11, '1999-01-18', 2, '7'),
(735, 'Nombre_Videojuego_735', 29, '1984-04-07', 3, '12'),
(736, 'Nombre_Videojuego_736', 22, '1991-02-02', 4, '16'),
(737, 'Nombre_Videojuego_737', 14, '1985-09-17', 5, '18'),
(738, 'Nombre_Videojuego_738', 1, '2003-09-03', 0, 'TODOS'),
(739, 'Nombre_Videojuego_739', 50, '2008-10-27', 1, '3'),
(740, 'Nombre_Videojuego_740', 13, '1999-08-14', 2, '7'),
(741, 'Nombre_Videojuego_741', 26, '1993-09-18', 3, '12'),
(742, 'Nombre_Videojuego_742', 31, '2018-09-04', 4, '16'),
(743, 'Nombre_Videojuego_743', 46, '2011-02-10', 5, '18'),
(744, 'Nombre_Videojuego_744', 9, '2005-11-25', 0, 'TODOS'),
(745, 'Nombre_Videojuego_745', 50, '1989-11-18', 1, '3'),
(746, 'Nombre_Videojuego_746', 50, '2005-10-24', 2, '7'),
(747, 'Nombre_Videojuego_747', 32, '2006-06-17', 3, '12'),
(748, 'Nombre_Videojuego_748', 29, '2001-09-03', 4, '16'),
(749, 'Nombre_Videojuego_749', 18, '1998-03-25', 5, '18'),
(750, 'Nombre_Videojuego_750', 28, '1991-10-24', 0, 'TODOS'),
(751, 'Nombre_Videojuego_751', 29, '2010-04-27', 1, '3'),
(752, 'Nombre_Videojuego_752', 42, '1979-03-14', 2, '7'),
(753, 'Nombre_Videojuego_753', 23, '2007-11-09', 3, '12'),
(754, 'Nombre_Videojuego_754', 22, '1981-09-03', 4, '16'),
(755, 'Nombre_Videojuego_755', 19, '2017-03-05', 5, '18'),
(756, 'Nombre_Videojuego_756', 34, '2018-10-11', 0, 'TODOS'),
(757, 'Nombre_Videojuego_757', 3, '1995-03-09', 1, '3'),
(758, 'Nombre_Videojuego_758', 47, '2013-05-05', 2, '7'),
(759, 'Nombre_Videojuego_759', 14, '1981-07-06', 3, '12'),
(760, 'Nombre_Videojuego_760', 31, '2012-04-19', 4, '16'),
(761, 'Nombre_Videojuego_761', 35, '2012-10-02', 5, '18'),
(762, 'Nombre_Videojuego_762', 13, '1990-05-08', 0, 'TODOS'),
(763, 'Nombre_Videojuego_763', 40, '2017-05-24', 1, '3'),
(764, 'Nombre_Videojuego_764', 2, '1999-08-26', 2, '7'),
(765, 'Nombre_Videojuego_765', 24, '1982-03-13', 3, '12'),
(766, 'Nombre_Videojuego_766', 49, '1994-09-21', 4, '16'),
(767, 'Nombre_Videojuego_767', 26, '2012-05-10', 5, '18'),
(768, 'Nombre_Videojuego_768', 23, '1998-01-23', 0, 'TODOS'),
(769, 'Nombre_Videojuego_769', 50, '1997-07-05', 1, '3'),
(770, 'Nombre_Videojuego_770', 7, '1996-03-09', 2, '7'),
(771, 'Nombre_Videojuego_771', 20, '2010-05-02', 3, '12'),
(772, 'Nombre_Videojuego_772', 14, '2016-08-01', 4, '16'),
(773, 'Nombre_Videojuego_773', 1, '1977-04-16', 5, '18'),
(774, 'Nombre_Videojuego_774', 50, '2003-08-21', 0, 'TODOS'),
(775, 'Nombre_Videojuego_775', 47, '2012-05-18', 1, '3'),
(776, 'Nombre_Videojuego_776', 45, '1999-01-03', 2, '7'),
(777, 'Nombre_Videojuego_777', 24, '2000-06-24', 3, '12'),
(778, 'Nombre_Videojuego_778', 17, '1977-06-08', 4, '16'),
(779, 'Nombre_Videojuego_779', 4, '1985-01-06', 5, '18'),
(780, 'Nombre_Videojuego_780', 9, '1992-05-03', 0, 'TODOS'),
(781, 'Nombre_Videojuego_781', 6, '2000-05-22', 1, '3'),
(782, 'Nombre_Videojuego_782', 27, '1990-03-15', 2, '7'),
(783, 'Nombre_Videojuego_783', 44, '1978-01-28', 3, '12'),
(784, 'Nombre_Videojuego_784', 13, '1984-09-10', 4, '16'),
(785, 'Nombre_Videojuego_785', 30, '2000-09-23', 5, '18'),
(786, 'Nombre_Videojuego_786', 50, '1977-01-02', 0, 'TODOS'),
(787, 'Nombre_Videojuego_787', 42, '2015-08-24', 1, '3'),
(788, 'Nombre_Videojuego_788', 46, '2007-09-19', 2, '7'),
(789, 'Nombre_Videojuego_789', 3, '2018-10-23', 3, '12'),
(790, 'Nombre_Videojuego_790', 32, '2019-12-16', 4, '16'),
(791, 'Nombre_Videojuego_791', 12, '2009-11-09', 5, '18'),
(792, 'Nombre_Videojuego_792', 49, '2007-11-21', 0, 'TODOS'),
(793, 'Nombre_Videojuego_793', 10, '1998-07-28', 1, '3'),
(794, 'Nombre_Videojuego_794', 24, '2015-10-12', 2, '7'),
(795, 'Nombre_Videojuego_795', 39, '2018-12-22', 3, '12'),
(796, 'Nombre_Videojuego_796', 28, '2007-07-04', 4, '16'),
(797, 'Nombre_Videojuego_797', 47, '1998-09-19', 5, '18'),
(798, 'Nombre_Videojuego_798', 19, '2009-07-11', 0, 'TODOS'),
(799, 'Nombre_Videojuego_799', 28, '1992-07-21', 1, '3'),
(800, 'Nombre_Videojuego_800', 11, '2006-08-09', 2, '7'),
(801, 'Nombre_Videojuego_801', 25, '1990-09-08', 3, '12'),
(802, 'Nombre_Videojuego_802', 1, '1994-10-03', 4, '16'),
(803, 'Nombre_Videojuego_803', 11, '2006-07-18', 5, '18'),
(804, 'Nombre_Videojuego_804', 42, '1997-07-13', 0, 'TODOS'),
(805, 'Nombre_Videojuego_805', 50, '1998-02-25', 1, '3'),
(806, 'Nombre_Videojuego_806', 36, '1989-11-02', 2, '7'),
(807, 'Nombre_Videojuego_807', 18, '1978-05-11', 3, '12'),
(808, 'Nombre_Videojuego_808', 35, '2011-02-27', 4, '16'),
(809, 'Nombre_Videojuego_809', 30, '1977-09-03', 5, '18'),
(810, 'Nombre_Videojuego_810', 39, '2013-09-11', 0, 'TODOS'),
(811, 'Nombre_Videojuego_811', 14, '1999-07-20', 1, '3'),
(812, 'Nombre_Videojuego_812', 3, '1995-09-05', 2, '7'),
(813, 'Nombre_Videojuego_813', 6, '1984-02-19', 3, '12'),
(814, 'Nombre_Videojuego_814', 26, '1993-02-24', 4, '16'),
(815, 'Nombre_Videojuego_815', 38, '1979-11-05', 5, '18'),
(816, 'Nombre_Videojuego_816', 46, '2005-12-16', 0, 'TODOS'),
(817, 'Nombre_Videojuego_817', 6, '2002-11-13', 1, '3'),
(818, 'Nombre_Videojuego_818', 46, '2001-08-25', 2, '7'),
(819, 'Nombre_Videojuego_819', 24, '1991-04-24', 3, '12'),
(820, 'Nombre_Videojuego_820', 23, '1982-02-25', 4, '16'),
(821, 'Nombre_Videojuego_821', 29, '1986-03-19', 5, '18'),
(822, 'Nombre_Videojuego_822', 44, '1992-04-26', 0, 'TODOS'),
(823, 'Nombre_Videojuego_823', 11, '1978-01-27', 1, '3'),
(824, 'Nombre_Videojuego_824', 23, '2015-08-12', 2, '7'),
(825, 'Nombre_Videojuego_825', 2, '2014-04-28', 3, '12'),
(826, 'Nombre_Videojuego_826', 5, '2002-06-13', 4, '16'),
(827, 'Nombre_Videojuego_827', 39, '2018-09-24', 5, '18'),
(828, 'Nombre_Videojuego_828', 30, '2008-12-17', 0, 'TODOS'),
(829, 'Nombre_Videojuego_829', 8, '1981-02-19', 1, '3'),
(830, 'Nombre_Videojuego_830', 33, '2019-12-16', 2, '7'),
(831, 'Nombre_Videojuego_831', 37, '2004-05-02', 3, '12'),
(832, 'Nombre_Videojuego_832', 29, '2009-07-26', 4, '16'),
(833, 'Nombre_Videojuego_833', 46, '2006-12-19', 5, '18'),
(834, 'Nombre_Videojuego_834', 5, '2009-12-11', 0, 'TODOS'),
(835, 'Nombre_Videojuego_835', 40, '2013-04-23', 1, '3'),
(836, 'Nombre_Videojuego_836', 8, '1994-06-15', 2, '7'),
(837, 'Nombre_Videojuego_837', 15, '1984-04-20', 3, '12'),
(838, 'Nombre_Videojuego_838', 16, '2004-11-15', 4, '16'),
(839, 'Nombre_Videojuego_839', 6, '1996-05-19', 5, '18'),
(840, 'Nombre_Videojuego_840', 6, '2002-06-15', 0, 'TODOS'),
(841, 'Nombre_Videojuego_841', 14, '1990-06-05', 1, '3'),
(842, 'Nombre_Videojuego_842', 41, '2008-04-28', 2, '7'),
(843, 'Nombre_Videojuego_843', 9, '1985-12-04', 3, '12'),
(844, 'Nombre_Videojuego_844', 47, '1985-10-10', 4, '16'),
(845, 'Nombre_Videojuego_845', 35, '1992-08-11', 5, '18'),
(846, 'Nombre_Videojuego_846', 46, '1998-08-18', 0, 'TODOS'),
(847, 'Nombre_Videojuego_847', 30, '1977-06-27', 1, '3'),
(848, 'Nombre_Videojuego_848', 31, '2013-07-25', 2, '7'),
(849, 'Nombre_Videojuego_849', 11, '1988-10-07', 3, '12'),
(850, 'Nombre_Videojuego_850', 17, '2004-02-10', 4, '16'),
(851, 'Nombre_Videojuego_851', 22, '1979-11-08', 5, '18'),
(852, 'Nombre_Videojuego_852', 3, '2018-07-09', 0, 'TODOS'),
(853, 'Nombre_Videojuego_853', 5, '2015-07-15', 1, '3'),
(854, 'Nombre_Videojuego_854', 27, '1987-11-18', 2, '7'),
(855, 'Nombre_Videojuego_855', 31, '1990-07-03', 3, '12'),
(856, 'Nombre_Videojuego_856', 33, '1983-12-05', 4, '16'),
(857, 'Nombre_Videojuego_857', 16, '1979-05-12', 5, '18'),
(858, 'Nombre_Videojuego_858', 27, '2006-05-04', 0, 'TODOS'),
(859, 'Nombre_Videojuego_859', 38, '2019-08-06', 1, '3'),
(860, 'Nombre_Videojuego_860', 25, '2010-08-23', 2, '7'),
(861, 'Nombre_Videojuego_861', 13, '1996-09-25', 3, '12'),
(862, 'Nombre_Videojuego_862', 33, '2015-12-09', 4, '16'),
(863, 'Nombre_Videojuego_863', 1, '1993-09-21', 5, '18'),
(864, 'Nombre_Videojuego_864', 28, '2014-07-28', 0, 'TODOS'),
(865, 'Nombre_Videojuego_865', 42, '1999-03-01', 1, '3'),
(866, 'Nombre_Videojuego_866', 29, '1987-09-01', 2, '7'),
(867, 'Nombre_Videojuego_867', 21, '2006-03-24', 3, '12'),
(868, 'Nombre_Videojuego_868', 39, '1991-06-07', 4, '16'),
(869, 'Nombre_Videojuego_869', 14, '1993-12-10', 5, '18'),
(870, 'Nombre_Videojuego_870', 8, '2015-12-22', 0, 'TODOS'),
(871, 'Nombre_Videojuego_871', 13, '1981-05-16', 1, '3'),
(872, 'Nombre_Videojuego_872', 5, '2000-12-02', 2, '7'),
(873, 'Nombre_Videojuego_873', 5, '1988-09-07', 3, '12'),
(874, 'Nombre_Videojuego_874', 48, '2014-01-04', 4, '16'),
(875, 'Nombre_Videojuego_875', 1, '1977-03-25', 5, '18'),
(876, 'Nombre_Videojuego_876', 3, '2013-12-28', 0, 'TODOS'),
(877, 'Nombre_Videojuego_877', 2, '1993-07-05', 1, '3'),
(878, 'Nombre_Videojuego_878', 12, '1995-01-08', 2, '7'),
(879, 'Nombre_Videojuego_879', 6, '1994-03-06', 3, '12');
INSERT INTO `videojuegos` (`ID_VIDEOJUEGO`, `NOMBRE`, `COMPAÑIA`, `FECHA_LANZAMIENTO`, `N_JUGADORES`, `RATING`) VALUES
(880, 'Nombre_Videojuego_880', 39, '2018-10-15', 4, '16'),
(881, 'Nombre_Videojuego_881', 3, '1987-02-23', 5, '18'),
(882, 'Nombre_Videojuego_882', 34, '1978-06-20', 0, 'TODOS'),
(883, 'Nombre_Videojuego_883', 19, '1990-02-20', 1, '3'),
(884, 'Nombre_Videojuego_884', 13, '1977-05-23', 2, '7'),
(885, 'Nombre_Videojuego_885', 7, '1986-04-16', 3, '12'),
(886, 'Nombre_Videojuego_886', 37, '1978-04-24', 4, '16'),
(887, 'Nombre_Videojuego_887', 21, '2004-12-11', 5, '18'),
(888, 'Nombre_Videojuego_888', 6, '1991-04-09', 0, 'TODOS'),
(889, 'Nombre_Videojuego_889', 17, '2009-10-14', 1, '3'),
(890, 'Nombre_Videojuego_890', 30, '2003-03-03', 2, '7'),
(891, 'Nombre_Videojuego_891', 21, '2012-09-22', 3, '12'),
(892, 'Nombre_Videojuego_892', 32, '1989-12-08', 4, '16'),
(893, 'Nombre_Videojuego_893', 35, '2010-09-17', 5, '18'),
(894, 'Nombre_Videojuego_894', 39, '1998-05-15', 0, 'TODOS'),
(895, 'Nombre_Videojuego_895', 9, '1982-10-11', 1, '3'),
(896, 'Nombre_Videojuego_896', 14, '2000-09-25', 2, '7'),
(897, 'Nombre_Videojuego_897', 13, '2006-06-03', 3, '12'),
(898, 'Nombre_Videojuego_898', 13, '1977-01-03', 4, '16'),
(899, 'Nombre_Videojuego_899', 18, '1999-06-01', 5, '18'),
(900, 'Nombre_Videojuego_900', 26, '1996-02-17', 0, 'TODOS'),
(901, 'Nombre_Videojuego_901', 43, '1998-06-07', 1, '3'),
(902, 'Nombre_Videojuego_902', 24, '2012-07-18', 2, '7'),
(903, 'Nombre_Videojuego_903', 48, '1985-10-16', 3, '12'),
(904, 'Nombre_Videojuego_904', 49, '2016-10-02', 4, '16'),
(905, 'Nombre_Videojuego_905', 15, '2012-10-22', 5, '18'),
(906, 'Nombre_Videojuego_906', 32, '1987-08-08', 0, 'TODOS'),
(907, 'Nombre_Videojuego_907', 10, '2018-11-20', 1, '3'),
(908, 'Nombre_Videojuego_908', 10, '1993-05-23', 2, '7'),
(909, 'Nombre_Videojuego_909', 6, '2010-09-18', 3, '12'),
(910, 'Nombre_Videojuego_910', 1, '2009-07-16', 4, '16'),
(911, 'Nombre_Videojuego_911', 22, '1980-06-09', 5, '18'),
(912, 'Nombre_Videojuego_912', 25, '1983-09-07', 0, 'TODOS'),
(913, 'Nombre_Videojuego_913', 37, '2007-01-10', 1, '3'),
(914, 'Nombre_Videojuego_914', 24, '2000-10-26', 2, '7'),
(915, 'Nombre_Videojuego_915', 25, '2010-08-13', 3, '12'),
(916, 'Nombre_Videojuego_916', 19, '1980-06-24', 4, '16'),
(917, 'Nombre_Videojuego_917', 12, '2017-08-21', 5, '18'),
(918, 'Nombre_Videojuego_918', 1, '1984-07-10', 0, 'TODOS'),
(919, 'Nombre_Videojuego_919', 9, '1999-01-07', 1, '3'),
(920, 'Nombre_Videojuego_920', 11, '1994-10-24', 2, '7'),
(921, 'Nombre_Videojuego_921', 28, '1994-03-04', 3, '12'),
(922, 'Nombre_Videojuego_922', 31, '1978-01-23', 4, '16'),
(923, 'Nombre_Videojuego_923', 9, '2017-05-11', 5, '18'),
(924, 'Nombre_Videojuego_924', 23, '2017-10-07', 0, 'TODOS'),
(925, 'Nombre_Videojuego_925', 11, '1984-01-04', 1, '3'),
(926, 'Nombre_Videojuego_926', 50, '1982-03-03', 2, '7'),
(927, 'Nombre_Videojuego_927', 43, '1988-05-13', 3, '12'),
(928, 'Nombre_Videojuego_928', 3, '2006-01-28', 4, '16'),
(929, 'Nombre_Videojuego_929', 28, '2012-05-21', 5, '18'),
(930, 'Nombre_Videojuego_930', 37, '2004-06-17', 0, 'TODOS'),
(931, 'Nombre_Videojuego_931', 45, '2004-07-22', 1, '3'),
(932, 'Nombre_Videojuego_932', 20, '1992-04-24', 2, '7'),
(933, 'Nombre_Videojuego_933', 26, '2015-11-03', 3, '12'),
(934, 'Nombre_Videojuego_934', 13, '2011-06-04', 4, '16'),
(935, 'Nombre_Videojuego_935', 24, '2017-10-08', 5, '18'),
(936, 'Nombre_Videojuego_936', 24, '2005-06-09', 0, 'TODOS'),
(937, 'Nombre_Videojuego_937', 40, '1980-02-13', 1, '3'),
(938, 'Nombre_Videojuego_938', 13, '1994-09-04', 2, '7'),
(939, 'Nombre_Videojuego_939', 21, '1988-04-22', 3, '12'),
(940, 'Nombre_Videojuego_940', 33, '1994-05-28', 4, '16'),
(941, 'Nombre_Videojuego_941', 35, '1992-05-27', 5, '18'),
(942, 'Nombre_Videojuego_942', 46, '2014-08-18', 0, 'TODOS'),
(943, 'Nombre_Videojuego_943', 49, '1985-06-05', 1, '3'),
(944, 'Nombre_Videojuego_944', 27, '1991-10-09', 2, '7'),
(945, 'Nombre_Videojuego_945', 12, '1984-03-15', 3, '12'),
(946, 'Nombre_Videojuego_946', 27, '2012-04-14', 4, '16'),
(947, 'Nombre_Videojuego_947', 19, '2004-02-11', 5, '18'),
(948, 'Nombre_Videojuego_948', 24, '2015-10-18', 0, 'TODOS'),
(949, 'Nombre_Videojuego_949', 4, '1993-03-19', 1, '3'),
(950, 'Nombre_Videojuego_950', 8, '1984-12-17', 2, '7'),
(951, 'Nombre_Videojuego_951', 8, '1985-07-22', 3, '12'),
(952, 'Nombre_Videojuego_952', 13, '1995-09-17', 4, '16'),
(953, 'Nombre_Videojuego_953', 30, '1978-02-02', 5, '18'),
(954, 'Nombre_Videojuego_954', 15, '2009-05-16', 0, 'TODOS'),
(955, 'Nombre_Videojuego_955', 9, '1999-04-21', 1, '3'),
(956, 'Nombre_Videojuego_956', 17, '2006-08-27', 2, '7'),
(957, 'Nombre_Videojuego_957', 42, '1995-04-16', 3, '12'),
(958, 'Nombre_Videojuego_958', 44, '1998-07-24', 4, '16'),
(959, 'Nombre_Videojuego_959', 30, '2019-06-12', 5, '18'),
(960, 'Nombre_Videojuego_960', 15, '2003-01-19', 0, 'TODOS'),
(961, 'Nombre_Videojuego_961', 29, '2002-10-22', 1, '3'),
(962, 'Nombre_Videojuego_962', 13, '1985-04-19', 2, '7'),
(963, 'Nombre_Videojuego_963', 14, '1992-07-20', 3, '12'),
(964, 'Nombre_Videojuego_964', 38, '1987-12-09', 4, '16'),
(965, 'Nombre_Videojuego_965', 14, '1978-10-18', 5, '18'),
(966, 'Nombre_Videojuego_966', 20, '2005-09-13', 0, 'TODOS'),
(967, 'Nombre_Videojuego_967', 10, '2005-03-17', 1, '3'),
(968, 'Nombre_Videojuego_968', 36, '1988-12-25', 2, '7'),
(969, 'Nombre_Videojuego_969', 10, '1987-03-08', 3, '12'),
(970, 'Nombre_Videojuego_970', 9, '2004-11-22', 4, '16'),
(971, 'Nombre_Videojuego_971', 28, '1990-09-15', 5, '18'),
(972, 'Nombre_Videojuego_972', 10, '1993-02-01', 0, 'TODOS'),
(973, 'Nombre_Videojuego_973', 16, '1985-01-16', 1, '3'),
(974, 'Nombre_Videojuego_974', 33, '2017-11-07', 2, '7'),
(975, 'Nombre_Videojuego_975', 30, '1989-04-03', 3, '12'),
(976, 'Nombre_Videojuego_976', 11, '1993-05-13', 4, '16'),
(977, 'Nombre_Videojuego_977', 24, '2003-10-18', 5, '18'),
(978, 'Nombre_Videojuego_978', 44, '1997-08-11', 0, 'TODOS'),
(979, 'Nombre_Videojuego_979', 8, '1998-05-26', 1, '3'),
(980, 'Nombre_Videojuego_980', 19, '1986-10-24', 2, '7'),
(981, 'Nombre_Videojuego_981', 14, '1990-04-15', 3, '12'),
(982, 'Nombre_Videojuego_982', 16, '1999-05-24', 4, '16'),
(983, 'Nombre_Videojuego_983', 6, '1992-07-25', 5, '18'),
(984, 'Nombre_Videojuego_984', 22, '2004-02-01', 0, 'TODOS'),
(985, 'Nombre_Videojuego_985', 14, '1992-07-24', 1, '3'),
(986, 'Nombre_Videojuego_986', 43, '2009-03-13', 2, '7'),
(987, 'Nombre_Videojuego_987', 17, '1995-03-09', 3, '12'),
(988, 'Nombre_Videojuego_988', 37, '2005-04-15', 4, '16'),
(989, 'Nombre_Videojuego_989', 46, '1984-02-01', 5, '18'),
(990, 'Nombre_Videojuego_990', 27, '1999-09-17', 0, 'TODOS'),
(991, 'Nombre_Videojuego_991', 38, '1993-06-20', 1, '3'),
(992, 'Nombre_Videojuego_992', 28, '2016-01-10', 2, '7'),
(993, 'Nombre_Videojuego_993', 30, '1998-03-02', 3, '12'),
(994, 'Nombre_Videojuego_994', 41, '1980-08-16', 4, '16'),
(995, 'Nombre_Videojuego_995', 37, '2014-01-11', 5, '18'),
(996, 'Nombre_Videojuego_996', 11, '2008-07-13', 0, 'TODOS'),
(997, 'Nombre_Videojuego_997', 36, '1991-06-24', 1, '3'),
(998, 'Nombre_Videojuego_998', 29, '2016-01-01', 2, '7'),
(999, 'Nombre_Videojuego_999', 31, '2012-06-18', 3, '12'),
(1000, 'Nombre_Videojuego_1000', 11, '2015-11-02', 4, '16'),
(1001, 'Nombre_Videojuego_1001', 39, '2010-01-17', 5, '18'),
(1002, 'Nombre_Videojuego_1002', 33, '2017-11-17', 0, 'TODOS'),
(1003, 'Nombre_Videojuego_1003', 39, '2008-10-22', 1, '3'),
(1004, 'Nombre_Videojuego_1004', 8, '1996-02-23', 2, '7'),
(1005, 'Nombre_Videojuego_1005', 18, '2005-07-10', 3, '12'),
(1006, 'Nombre_Videojuego_1006', 2, '2019-10-14', 4, '16'),
(1007, 'Nombre_Videojuego_1007', 23, '1984-12-25', 5, '18'),
(1008, 'Nombre_Videojuego_1008', 30, '2018-04-28', 0, 'TODOS'),
(1009, 'Nombre_Videojuego_1009', 15, '1991-02-11', 1, '3'),
(1010, 'Nombre_Videojuego_1010', 34, '1979-06-09', 2, '7'),
(1011, 'Nombre_Videojuego_1011', 23, '1995-01-04', 3, '12'),
(1012, 'Nombre_Videojuego_1012', 35, '2014-12-28', 4, '16'),
(1013, 'Nombre_Videojuego_1013', 29, '1980-10-10', 5, '18'),
(1014, 'Nombre_Videojuego_1014', 50, '2015-09-26', 0, 'TODOS'),
(1015, 'Nombre_Videojuego_1015', 26, '1992-02-04', 1, '3'),
(1016, 'Nombre_Videojuego_1016', 42, '1992-01-15', 2, '7'),
(1017, 'Nombre_Videojuego_1017', 30, '2006-04-23', 3, '12'),
(1018, 'Nombre_Videojuego_1018', 48, '1986-01-10', 4, '16'),
(1019, 'Nombre_Videojuego_1019', 15, '1989-04-14', 5, '18'),
(1020, 'Nombre_Videojuego_1020', 5, '1989-06-25', 0, 'TODOS'),
(1021, 'Nombre_Videojuego_1021', 4, '2009-11-15', 1, '3'),
(1022, 'Nombre_Videojuego_1022', 36, '1998-10-27', 2, '7'),
(1023, 'Nombre_Videojuego_1023', 28, '1990-01-22', 3, '12'),
(1024, 'Nombre_Videojuego_1024', 29, '2004-09-12', 4, '16'),
(1025, 'Nombre_Videojuego_1025', 14, '2018-04-17', 5, '18'),
(1026, 'Nombre_Videojuego_1026', 3, '1985-02-15', 0, 'TODOS'),
(1027, 'Nombre_Videojuego_1027', 25, '1992-03-16', 1, '3'),
(1028, 'Nombre_Videojuego_1028', 30, '2017-09-23', 2, '7'),
(1029, 'Nombre_Videojuego_1029', 46, '1989-05-24', 3, '12'),
(1030, 'Nombre_Videojuego_1030', 16, '1999-01-13', 4, '16'),
(1031, 'Nombre_Videojuego_1031', 18, '2015-06-18', 5, '18'),
(1032, 'Nombre_Videojuego_1032', 44, '1990-11-11', 0, 'TODOS'),
(1033, 'Nombre_Videojuego_1033', 23, '1984-06-27', 1, '3'),
(1034, 'Nombre_Videojuego_1034', 49, '2016-02-08', 2, '7'),
(1035, 'Nombre_Videojuego_1035', 22, '1992-04-20', 3, '12'),
(1036, 'Nombre_Videojuego_1036', 19, '2000-09-19', 4, '16'),
(1037, 'Nombre_Videojuego_1037', 49, '1993-12-20', 5, '18'),
(1038, 'Nombre_Videojuego_1038', 48, '2010-03-26', 0, 'TODOS'),
(1039, 'Nombre_Videojuego_1039', 5, '1979-03-23', 1, '3'),
(1040, 'Nombre_Videojuego_1040', 16, '2005-04-18', 2, '7'),
(1041, 'Nombre_Videojuego_1041', 23, '1980-04-04', 3, '12'),
(1042, 'Nombre_Videojuego_1042', 16, '1978-10-12', 4, '16'),
(1043, 'Nombre_Videojuego_1043', 18, '1977-11-21', 5, '18'),
(1044, 'Nombre_Videojuego_1044', 39, '1999-06-02', 0, 'TODOS'),
(1045, 'Nombre_Videojuego_1045', 36, '2001-12-17', 1, '3'),
(1046, 'Nombre_Videojuego_1046', 50, '2014-05-11', 2, '7'),
(1047, 'Nombre_Videojuego_1047', 18, '1983-05-23', 3, '12'),
(1048, 'Nombre_Videojuego_1048', 21, '1978-04-04', 4, '16'),
(1049, 'Nombre_Videojuego_1049', 33, '1979-10-02', 5, '18'),
(1050, 'Nombre_Videojuego_1050', 34, '2000-10-01', 0, 'TODOS'),
(1051, 'Nombre_Videojuego_1051', 21, '1995-11-15', 1, '3'),
(1052, 'Nombre_Videojuego_1052', 43, '1987-11-25', 2, '7'),
(1053, 'Nombre_Videojuego_1053', 13, '1991-10-26', 3, '12'),
(1054, 'Nombre_Videojuego_1054', 36, '1977-04-19', 4, '16'),
(1055, 'Nombre_Videojuego_1055', 6, '1999-06-01', 5, '18'),
(1056, 'Nombre_Videojuego_1056', 9, '1983-10-07', 0, 'TODOS'),
(1057, 'Nombre_Videojuego_1057', 36, '1988-09-08', 1, '3'),
(1058, 'Nombre_Videojuego_1058', 19, '2013-04-26', 2, '7'),
(1059, 'Nombre_Videojuego_1059', 39, '1977-07-04', 3, '12'),
(1060, 'Nombre_Videojuego_1060', 2, '1997-05-06', 4, '16'),
(1061, 'Nombre_Videojuego_1061', 29, '1993-02-26', 5, '18'),
(1062, 'Nombre_Videojuego_1062', 49, '1979-03-16', 0, 'TODOS'),
(1063, 'Nombre_Videojuego_1063', 5, '1998-12-07', 1, '3'),
(1064, 'Nombre_Videojuego_1064', 48, '2014-02-20', 2, '7'),
(1065, 'Nombre_Videojuego_1065', 43, '1982-08-08', 3, '12'),
(1066, 'Nombre_Videojuego_1066', 18, '2016-04-24', 4, '16'),
(1067, 'Nombre_Videojuego_1067', 7, '1988-07-23', 5, '18'),
(1068, 'Nombre_Videojuego_1068', 9, '1989-05-08', 0, 'TODOS'),
(1069, 'Nombre_Videojuego_1069', 7, '1989-11-09', 1, '3'),
(1070, 'Nombre_Videojuego_1070', 18, '2017-11-16', 2, '7'),
(1071, 'Nombre_Videojuego_1071', 21, '1996-10-20', 3, '12'),
(1072, 'Nombre_Videojuego_1072', 34, '2015-05-22', 4, '16'),
(1073, 'Nombre_Videojuego_1073', 33, '1977-07-21', 5, '18'),
(1074, 'Nombre_Videojuego_1074', 22, '2010-11-13', 0, 'TODOS'),
(1075, 'Nombre_Videojuego_1075', 22, '1987-07-28', 1, '3'),
(1076, 'Nombre_Videojuego_1076', 40, '2018-04-20', 2, '7'),
(1077, 'Nombre_Videojuego_1077', 27, '1983-09-18', 3, '12'),
(1078, 'Nombre_Videojuego_1078', 23, '1986-02-17', 4, '16'),
(1079, 'Nombre_Videojuego_1079', 16, '1985-09-01', 5, '18'),
(1080, 'Nombre_Videojuego_1080', 3, '1985-09-19', 0, 'TODOS'),
(1081, 'Nombre_Videojuego_1081', 42, '1980-03-13', 1, '3'),
(1082, 'Nombre_Videojuego_1082', 30, '1986-11-02', 2, '7'),
(1083, 'Nombre_Videojuego_1083', 40, '2015-09-14', 3, '12'),
(1084, 'Nombre_Videojuego_1084', 27, '1993-05-08', 4, '16'),
(1085, 'Nombre_Videojuego_1085', 34, '2012-10-01', 5, '18'),
(1086, 'Nombre_Videojuego_1086', 20, '2017-08-10', 0, 'TODOS'),
(1087, 'Nombre_Videojuego_1087', 18, '2000-04-23', 1, '3'),
(1088, 'Nombre_Videojuego_1088', 19, '1986-05-09', 2, '7'),
(1089, 'Nombre_Videojuego_1089', 23, '2005-09-05', 3, '12'),
(1090, 'Nombre_Videojuego_1090', 42, '2010-04-05', 4, '16'),
(1091, 'Nombre_Videojuego_1091', 39, '2016-02-01', 5, '18'),
(1092, 'Nombre_Videojuego_1092', 48, '1997-10-13', 0, 'TODOS'),
(1093, 'Nombre_Videojuego_1093', 44, '1983-03-16', 1, '3'),
(1094, 'Nombre_Videojuego_1094', 35, '2004-09-10', 2, '7'),
(1095, 'Nombre_Videojuego_1095', 35, '1989-03-06', 3, '12'),
(1096, 'Nombre_Videojuego_1096', 10, '2001-06-03', 4, '16'),
(1097, 'Nombre_Videojuego_1097', 14, '1999-01-20', 5, '18'),
(1098, 'Nombre_Videojuego_1098', 48, '2017-11-19', 0, 'TODOS'),
(1099, 'Nombre_Videojuego_1099', 38, '2006-09-02', 1, '3'),
(1100, 'Nombre_Videojuego_1100', 23, '1980-04-18', 2, '7'),
(1101, 'Nombre_Videojuego_1101', 28, '1999-01-11', 3, '12'),
(1102, 'Nombre_Videojuego_1102', 15, '2015-08-24', 4, '16'),
(1103, 'Nombre_Videojuego_1103', 33, '1987-05-21', 5, '18'),
(1104, 'Nombre_Videojuego_1104', 30, '1977-08-04', 0, 'TODOS'),
(1105, 'Nombre_Videojuego_1105', 26, '2004-11-18', 1, '3'),
(1106, 'Nombre_Videojuego_1106', 41, '2005-02-21', 2, '7'),
(1107, 'Nombre_Videojuego_1107', 38, '2001-11-22', 3, '12'),
(1108, 'Nombre_Videojuego_1108', 31, '2016-01-09', 4, '16'),
(1109, 'Nombre_Videojuego_1109', 44, '2007-09-08', 5, '18'),
(1110, 'Nombre_Videojuego_1110', 41, '2007-01-14', 0, 'TODOS'),
(1111, 'Nombre_Videojuego_1111', 32, '2004-09-14', 1, '3'),
(1112, 'Nombre_Videojuego_1112', 26, '2001-12-21', 2, '7'),
(1113, 'Nombre_Videojuego_1113', 30, '1980-05-22', 3, '12'),
(1114, 'Nombre_Videojuego_1114', 38, '2019-02-23', 4, '16'),
(1115, 'Nombre_Videojuego_1115', 15, '1993-06-08', 5, '18'),
(1116, 'Nombre_Videojuego_1116', 31, '2014-10-20', 0, 'TODOS'),
(1117, 'Nombre_Videojuego_1117', 44, '2016-09-18', 1, '3'),
(1118, 'Nombre_Videojuego_1118', 11, '1996-07-14', 2, '7'),
(1119, 'Nombre_Videojuego_1119', 6, '2012-04-15', 3, '12'),
(1120, 'Nombre_Videojuego_1120', 14, '2016-04-01', 4, '16'),
(1121, 'Nombre_Videojuego_1121', 21, '1987-11-07', 5, '18'),
(1122, 'Nombre_Videojuego_1122', 13, '1983-01-22', 0, 'TODOS'),
(1123, 'Nombre_Videojuego_1123', 33, '1983-07-07', 1, '3'),
(1124, 'Nombre_Videojuego_1124', 49, '2000-06-16', 2, '7'),
(1125, 'Nombre_Videojuego_1125', 30, '1981-06-11', 3, '12'),
(1126, 'Nombre_Videojuego_1126', 26, '2017-09-28', 4, '16'),
(1127, 'Nombre_Videojuego_1127', 4, '1978-01-16', 5, '18'),
(1128, 'Nombre_Videojuego_1128', 32, '1978-10-24', 0, 'TODOS'),
(1129, 'Nombre_Videojuego_1129', 34, '1991-03-20', 1, '3'),
(1130, 'Nombre_Videojuego_1130', 44, '2006-04-11', 2, '7'),
(1131, 'Nombre_Videojuego_1131', 18, '1981-07-17', 3, '12'),
(1132, 'Nombre_Videojuego_1132', 29, '1980-04-06', 4, '16'),
(1133, 'Nombre_Videojuego_1133', 42, '2001-06-12', 5, '18'),
(1134, 'Nombre_Videojuego_1134', 44, '2013-08-20', 0, 'TODOS'),
(1135, 'Nombre_Videojuego_1135', 23, '2001-04-19', 1, '3'),
(1136, 'Nombre_Videojuego_1136', 34, '1984-07-01', 2, '7'),
(1137, 'Nombre_Videojuego_1137', 28, '2016-05-20', 3, '12'),
(1138, 'Nombre_Videojuego_1138', 24, '2016-02-07', 4, '16'),
(1139, 'Nombre_Videojuego_1139', 43, '2018-05-15', 5, '18'),
(1140, 'Nombre_Videojuego_1140', 47, '1981-04-20', 0, 'TODOS'),
(1141, 'Nombre_Videojuego_1141', 34, '2006-12-05', 1, '3'),
(1142, 'Nombre_Videojuego_1142', 45, '1982-06-20', 2, '7'),
(1143, 'Nombre_Videojuego_1143', 10, '1983-10-20', 3, '12'),
(1144, 'Nombre_Videojuego_1144', 21, '2017-10-18', 4, '16'),
(1145, 'Nombre_Videojuego_1145', 32, '2018-10-12', 5, '18'),
(1146, 'Nombre_Videojuego_1146', 29, '2010-01-14', 0, 'TODOS'),
(1147, 'Nombre_Videojuego_1147', 23, '1993-05-20', 1, '3'),
(1148, 'Nombre_Videojuego_1148', 31, '1980-01-18', 2, '7'),
(1149, 'Nombre_Videojuego_1149', 33, '1980-02-10', 3, '12'),
(1150, 'Nombre_Videojuego_1150', 11, '1979-05-18', 4, '16'),
(1151, 'Nombre_Videojuego_1151', 4, '2002-11-14', 5, '18'),
(1152, 'Nombre_Videojuego_1152', 10, '2009-01-23', 0, 'TODOS'),
(1153, 'Nombre_Videojuego_1153', 50, '1978-07-19', 1, '3'),
(1154, 'Nombre_Videojuego_1154', 5, '2002-02-07', 2, '7'),
(1155, 'Nombre_Videojuego_1155', 30, '2009-12-01', 3, '12'),
(1156, 'Nombre_Videojuego_1156', 2, '2010-01-20', 4, '16'),
(1157, 'Nombre_Videojuego_1157', 3, '2013-07-04', 5, '18'),
(1158, 'Nombre_Videojuego_1158', 13, '1985-03-25', 0, 'TODOS'),
(1159, 'Nombre_Videojuego_1159', 14, '2003-02-14', 1, '3'),
(1160, 'Nombre_Videojuego_1160', 37, '1998-07-18', 2, '7'),
(1161, 'Nombre_Videojuego_1161', 34, '2006-11-02', 3, '12'),
(1162, 'Nombre_Videojuego_1162', 11, '1998-02-01', 4, '16'),
(1163, 'Nombre_Videojuego_1163', 14, '1985-10-02', 5, '18'),
(1164, 'Nombre_Videojuego_1164', 23, '1983-07-24', 0, 'TODOS'),
(1165, 'Nombre_Videojuego_1165', 15, '1983-08-13', 1, '3'),
(1166, 'Nombre_Videojuego_1166', 16, '2011-09-14', 2, '7'),
(1167, 'Nombre_Videojuego_1167', 40, '1977-01-20', 3, '12'),
(1168, 'Nombre_Videojuego_1168', 7, '1994-04-09', 4, '16'),
(1169, 'Nombre_Videojuego_1169', 12, '1984-11-13', 5, '18'),
(1170, 'Nombre_Videojuego_1170', 33, '2010-10-11', 0, 'TODOS'),
(1171, 'Nombre_Videojuego_1171', 39, '2010-11-09', 1, '3'),
(1172, 'Nombre_Videojuego_1172', 9, '1988-05-16', 2, '7'),
(1173, 'Nombre_Videojuego_1173', 42, '1979-02-15', 3, '12'),
(1174, 'Nombre_Videojuego_1174', 42, '1993-04-19', 4, '16'),
(1175, 'Nombre_Videojuego_1175', 22, '1977-09-27', 5, '18'),
(1176, 'Nombre_Videojuego_1176', 15, '1986-08-14', 0, 'TODOS'),
(1177, 'Nombre_Videojuego_1177', 39, '1991-09-20', 1, '3'),
(1178, 'Nombre_Videojuego_1178', 2, '2003-03-04', 2, '7'),
(1179, 'Nombre_Videojuego_1179', 30, '1979-11-12', 3, '12'),
(1180, 'Nombre_Videojuego_1180', 4, '2004-11-14', 4, '16'),
(1181, 'Nombre_Videojuego_1181', 9, '2001-07-21', 5, '18'),
(1182, 'Nombre_Videojuego_1182', 1, '2000-03-06', 0, 'TODOS'),
(1183, 'Nombre_Videojuego_1183', 37, '2016-08-01', 1, '3'),
(1184, 'Nombre_Videojuego_1184', 26, '2002-11-04', 2, '7'),
(1185, 'Nombre_Videojuego_1185', 49, '2017-01-15', 3, '12'),
(1186, 'Nombre_Videojuego_1186', 28, '1981-12-09', 4, '16'),
(1187, 'Nombre_Videojuego_1187', 37, '2009-11-16', 5, '18'),
(1188, 'Nombre_Videojuego_1188', 18, '2010-09-02', 0, 'TODOS'),
(1189, 'Nombre_Videojuego_1189', 3, '2017-02-23', 1, '3'),
(1190, 'Nombre_Videojuego_1190', 30, '1984-01-18', 2, '7'),
(1191, 'Nombre_Videojuego_1191', 23, '2017-08-13', 3, '12'),
(1192, 'Nombre_Videojuego_1192', 19, '2012-09-08', 4, '16'),
(1193, 'Nombre_Videojuego_1193', 29, '2015-11-22', 5, '18'),
(1194, 'Nombre_Videojuego_1194', 49, '1995-09-24', 0, 'TODOS'),
(1195, 'Nombre_Videojuego_1195', 2, '2015-09-11', 1, '3'),
(1196, 'Nombre_Videojuego_1196', 25, '2016-11-20', 2, '7'),
(1197, 'Nombre_Videojuego_1197', 4, '1989-03-24', 3, '12'),
(1198, 'Nombre_Videojuego_1198', 44, '2002-04-27', 4, '16'),
(1199, 'Nombre_Videojuego_1199', 1, '1994-09-15', 5, '18'),
(1200, 'Nombre_Videojuego_1200', 42, '2004-10-08', 0, 'TODOS'),
(1201, 'Nombre_Videojuego_1201', 47, '1982-05-26', 1, '3'),
(1202, 'Nombre_Videojuego_1202', 37, '1990-03-07', 2, '7'),
(1203, 'Nombre_Videojuego_1203', 1, '2016-02-25', 3, '12'),
(1204, 'Nombre_Videojuego_1204', 27, '1981-04-02', 4, '16'),
(1205, 'Nombre_Videojuego_1205', 21, '1989-05-07', 5, '18'),
(1206, 'Nombre_Videojuego_1206', 3, '1993-08-12', 0, 'TODOS'),
(1207, 'Nombre_Videojuego_1207', 24, '1979-06-04', 1, '3'),
(1208, 'Nombre_Videojuego_1208', 31, '1995-12-05', 2, '7'),
(1209, 'Nombre_Videojuego_1209', 3, '1997-01-19', 3, '12'),
(1210, 'Nombre_Videojuego_1210', 23, '2011-02-15', 4, '16'),
(1211, 'Nombre_Videojuego_1211', 39, '1988-05-25', 5, '18'),
(1212, 'Nombre_Videojuego_1212', 27, '1995-05-15', 0, 'TODOS'),
(1213, 'Nombre_Videojuego_1213', 42, '1994-03-10', 1, '3'),
(1214, 'Nombre_Videojuego_1214', 40, '1979-08-18', 2, '7'),
(1215, 'Nombre_Videojuego_1215', 27, '2006-08-11', 3, '12'),
(1216, 'Nombre_Videojuego_1216', 41, '2004-06-12', 4, '16'),
(1217, 'Nombre_Videojuego_1217', 30, '2009-06-27', 5, '18'),
(1218, 'Nombre_Videojuego_1218', 27, '1984-07-17', 0, 'TODOS'),
(1219, 'Nombre_Videojuego_1219', 10, '1980-06-06', 1, '3'),
(1220, 'Nombre_Videojuego_1220', 18, '2003-10-04', 2, '7'),
(1221, 'Nombre_Videojuego_1221', 3, '1979-03-14', 3, '12'),
(1222, 'Nombre_Videojuego_1222', 1, '1985-10-01', 4, '16'),
(1223, 'Nombre_Videojuego_1223', 44, '1979-02-07', 5, '18'),
(1224, 'Nombre_Videojuego_1224', 40, '1996-05-25', 0, 'TODOS'),
(1225, 'Nombre_Videojuego_1225', 19, '1993-07-06', 1, '3'),
(1226, 'Nombre_Videojuego_1226', 7, '1986-06-14', 2, '7'),
(1227, 'Nombre_Videojuego_1227', 22, '1988-06-23', 3, '12'),
(1228, 'Nombre_Videojuego_1228', 31, '2008-08-13', 4, '16'),
(1229, 'Nombre_Videojuego_1229', 8, '1987-04-13', 5, '18'),
(1230, 'Nombre_Videojuego_1230', 46, '2014-07-11', 0, 'TODOS'),
(1231, 'Nombre_Videojuego_1231', 40, '2019-06-07', 1, '3'),
(1232, 'Nombre_Videojuego_1232', 14, '2004-06-21', 2, '7'),
(1233, 'Nombre_Videojuego_1233', 48, '2018-08-18', 3, '12'),
(1234, 'Nombre_Videojuego_1234', 19, '2003-07-12', 4, '16'),
(1235, 'Nombre_Videojuego_1235', 31, '2005-10-15', 5, '18'),
(1236, 'Nombre_Videojuego_1236', 49, '1990-01-01', 0, 'TODOS'),
(1237, 'Nombre_Videojuego_1237', 21, '1994-05-27', 1, '3'),
(1238, 'Nombre_Videojuego_1238', 18, '1983-10-20', 2, '7'),
(1239, 'Nombre_Videojuego_1239', 50, '2009-11-26', 3, '12'),
(1240, 'Nombre_Videojuego_1240', 34, '2008-01-07', 4, '16'),
(1241, 'Nombre_Videojuego_1241', 32, '1986-05-05', 5, '18'),
(1242, 'Nombre_Videojuego_1242', 36, '2010-05-12', 0, 'TODOS'),
(1243, 'Nombre_Videojuego_1243', 39, '2003-12-13', 1, '3'),
(1244, 'Nombre_Videojuego_1244', 28, '2000-06-26', 2, '7'),
(1245, 'Nombre_Videojuego_1245', 19, '1992-02-14', 3, '12'),
(1246, 'Nombre_Videojuego_1246', 17, '2018-11-07', 4, '16'),
(1247, 'Nombre_Videojuego_1247', 35, '2006-04-25', 5, '18'),
(1248, 'Nombre_Videojuego_1248', 40, '1998-06-05', 0, 'TODOS'),
(1249, 'Nombre_Videojuego_1249', 23, '1985-01-07', 1, '3'),
(1250, 'Nombre_Videojuego_1250', 33, '2007-09-26', 2, '7'),
(1251, 'Nombre_Videojuego_1251', 7, '2006-03-14', 3, '12'),
(1252, 'Nombre_Videojuego_1252', 40, '2014-11-11', 4, '16'),
(1253, 'Nombre_Videojuego_1253', 49, '2010-09-14', 5, '18'),
(1254, 'Nombre_Videojuego_1254', 42, '1985-12-02', 0, 'TODOS'),
(1255, 'Nombre_Videojuego_1255', 47, '1980-04-19', 1, '3'),
(1256, 'Nombre_Videojuego_1256', 33, '1998-04-23', 2, '7'),
(1257, 'Nombre_Videojuego_1257', 35, '2009-12-27', 3, '12'),
(1258, 'Nombre_Videojuego_1258', 33, '1988-09-27', 4, '16'),
(1259, 'Nombre_Videojuego_1259', 26, '2004-12-01', 5, '18'),
(1260, 'Nombre_Videojuego_1260', 15, '2008-08-28', 0, 'TODOS'),
(1261, 'Nombre_Videojuego_1261', 13, '2002-02-14', 1, '3'),
(1262, 'Nombre_Videojuego_1262', 45, '1980-11-13', 2, '7'),
(1263, 'Nombre_Videojuego_1263', 11, '1989-04-16', 3, '12'),
(1264, 'Nombre_Videojuego_1264', 30, '1979-07-03', 4, '16'),
(1265, 'Nombre_Videojuego_1265', 27, '1984-07-21', 5, '18'),
(1266, 'Nombre_Videojuego_1266', 20, '2005-06-03', 0, 'TODOS'),
(1267, 'Nombre_Videojuego_1267', 2, '2011-07-01', 1, '3'),
(1268, 'Nombre_Videojuego_1268', 13, '2003-02-27', 2, '7'),
(1269, 'Nombre_Videojuego_1269', 49, '2015-08-24', 3, '12'),
(1270, 'Nombre_Videojuego_1270', 43, '2007-09-27', 4, '16'),
(1271, 'Nombre_Videojuego_1271', 16, '1982-01-21', 5, '18'),
(1272, 'Nombre_Videojuego_1272', 35, '1994-03-05', 0, 'TODOS'),
(1273, 'Nombre_Videojuego_1273', 45, '1982-12-25', 1, '3'),
(1274, 'Nombre_Videojuego_1274', 4, '1983-05-07', 2, '7'),
(1275, 'Nombre_Videojuego_1275', 5, '1994-08-09', 3, '12'),
(1276, 'Nombre_Videojuego_1276', 37, '1992-02-20', 4, '16'),
(1277, 'Nombre_Videojuego_1277', 39, '1978-02-15', 5, '18'),
(1278, 'Nombre_Videojuego_1278', 50, '2019-09-09', 0, 'TODOS'),
(1279, 'Nombre_Videojuego_1279', 17, '1997-05-21', 1, '3'),
(1280, 'Nombre_Videojuego_1280', 15, '1981-09-24', 2, '7'),
(1281, 'Nombre_Videojuego_1281', 32, '2015-12-16', 3, '12'),
(1282, 'Nombre_Videojuego_1282', 9, '2019-11-04', 4, '16'),
(1283, 'Nombre_Videojuego_1283', 32, '1994-04-25', 5, '18'),
(1284, 'Nombre_Videojuego_1284', 32, '2004-11-14', 0, 'TODOS'),
(1285, 'Nombre_Videojuego_1285', 16, '2011-07-07', 1, '3'),
(1286, 'Nombre_Videojuego_1286', 12, '2002-01-25', 2, '7'),
(1287, 'Nombre_Videojuego_1287', 5, '1985-12-26', 3, '12'),
(1288, 'Nombre_Videojuego_1288', 49, '2004-08-20', 4, '16'),
(1289, 'Nombre_Videojuego_1289', 45, '2009-10-27', 5, '18'),
(1290, 'Nombre_Videojuego_1290', 21, '2005-11-14', 0, 'TODOS'),
(1291, 'Nombre_Videojuego_1291', 26, '2001-09-01', 1, '3'),
(1292, 'Nombre_Videojuego_1292', 25, '2009-04-20', 2, '7'),
(1293, 'Nombre_Videojuego_1293', 45, '1982-06-16', 3, '12'),
(1294, 'Nombre_Videojuego_1294', 16, '1995-08-09', 4, '16'),
(1295, 'Nombre_Videojuego_1295', 35, '1984-01-15', 5, '18'),
(1296, 'Nombre_Videojuego_1296', 31, '1994-12-05', 0, 'TODOS'),
(1297, 'Nombre_Videojuego_1297', 41, '2007-07-24', 1, '3'),
(1298, 'Nombre_Videojuego_1298', 41, '1992-08-01', 2, '7'),
(1299, 'Nombre_Videojuego_1299', 13, '2002-03-28', 3, '12'),
(1300, 'Nombre_Videojuego_1300', 42, '2007-12-27', 4, '16'),
(1301, 'Nombre_Videojuego_1301', 12, '2013-12-23', 5, '18'),
(1302, 'Nombre_Videojuego_1302', 50, '1985-07-11', 0, 'TODOS'),
(1303, 'Nombre_Videojuego_1303', 17, '2011-04-21', 1, '3'),
(1304, 'Nombre_Videojuego_1304', 39, '2013-07-28', 2, '7'),
(1305, 'Nombre_Videojuego_1305', 19, '1994-10-06', 3, '12'),
(1306, 'Nombre_Videojuego_1306', 15, '2009-09-10', 4, '16'),
(1307, 'Nombre_Videojuego_1307', 1, '2004-10-14', 5, '18'),
(1308, 'Nombre_Videojuego_1308', 34, '1997-05-22', 0, 'TODOS'),
(1309, 'Nombre_Videojuego_1309', 19, '2008-01-19', 1, '3'),
(1310, 'Nombre_Videojuego_1310', 34, '1984-07-02', 2, '7'),
(1311, 'Nombre_Videojuego_1311', 22, '1999-01-05', 3, '12'),
(1312, 'Nombre_Videojuego_1312', 14, '2010-05-25', 4, '16'),
(1313, 'Nombre_Videojuego_1313', 31, '1991-02-06', 5, '18'),
(1314, 'Nombre_Videojuego_1314', 8, '2011-05-04', 0, 'TODOS'),
(1315, 'Nombre_Videojuego_1315', 40, '1983-04-04', 1, '3'),
(1316, 'Nombre_Videojuego_1316', 8, '1996-01-08', 2, '7'),
(1317, 'Nombre_Videojuego_1317', 6, '2011-10-10', 3, '12'),
(1318, 'Nombre_Videojuego_1318', 8, '1994-01-24', 4, '16'),
(1319, 'Nombre_Videojuego_1319', 49, '2007-11-10', 5, '18'),
(1320, 'Nombre_Videojuego_1320', 9, '1986-09-13', 0, 'TODOS'),
(1321, 'Nombre_Videojuego_1321', 48, '1988-08-11', 1, '3'),
(1322, 'Nombre_Videojuego_1322', 12, '1984-03-19', 2, '7'),
(1323, 'Nombre_Videojuego_1323', 47, '2011-04-04', 3, '12'),
(1324, 'Nombre_Videojuego_1324', 34, '1993-06-10', 4, '16'),
(1325, 'Nombre_Videojuego_1325', 23, '1977-02-22', 5, '18'),
(1326, 'Nombre_Videojuego_1326', 38, '1977-07-15', 0, 'TODOS'),
(1327, 'Nombre_Videojuego_1327', 1, '2015-05-21', 1, '3'),
(1328, 'Nombre_Videojuego_1328', 37, '1980-01-10', 2, '7'),
(1329, 'Nombre_Videojuego_1329', 43, '2015-07-04', 3, '12'),
(1330, 'Nombre_Videojuego_1330', 45, '2002-01-17', 4, '16'),
(1331, 'Nombre_Videojuego_1331', 36, '2007-05-13', 5, '18'),
(1332, 'Nombre_Videojuego_1332', 2, '1988-11-22', 0, 'TODOS'),
(1333, 'Nombre_Videojuego_1333', 18, '2013-10-14', 1, '3'),
(1334, 'Nombre_Videojuego_1334', 27, '2008-09-23', 2, '7'),
(1335, 'Nombre_Videojuego_1335', 30, '2019-11-22', 3, '12'),
(1336, 'Nombre_Videojuego_1336', 45, '1999-03-20', 4, '16'),
(1337, 'Nombre_Videojuego_1337', 40, '2015-06-11', 5, '18'),
(1338, 'Nombre_Videojuego_1338', 27, '2000-07-24', 0, 'TODOS'),
(1339, 'Nombre_Videojuego_1339', 24, '1979-01-27', 1, '3'),
(1340, 'Nombre_Videojuego_1340', 48, '2007-03-28', 2, '7'),
(1341, 'Nombre_Videojuego_1341', 39, '2002-04-03', 3, '12'),
(1342, 'Nombre_Videojuego_1342', 46, '2012-05-20', 4, '16'),
(1343, 'Nombre_Videojuego_1343', 43, '1978-10-12', 5, '18'),
(1344, 'Nombre_Videojuego_1344', 45, '1987-08-24', 0, 'TODOS'),
(1345, 'Nombre_Videojuego_1345', 16, '2017-08-16', 1, '3'),
(1346, 'Nombre_Videojuego_1346', 15, '1991-01-26', 2, '7'),
(1347, 'Nombre_Videojuego_1347', 35, '2007-03-27', 3, '12'),
(1348, 'Nombre_Videojuego_1348', 44, '1994-10-20', 4, '16'),
(1349, 'Nombre_Videojuego_1349', 50, '1999-07-16', 5, '18'),
(1350, 'Nombre_Videojuego_1350', 23, '1985-02-17', 0, 'TODOS'),
(1351, 'Nombre_Videojuego_1351', 14, '2019-05-17', 1, '3'),
(1352, 'Nombre_Videojuego_1352', 4, '1983-06-06', 2, '7'),
(1353, 'Nombre_Videojuego_1353', 27, '1990-05-22', 3, '12'),
(1354, 'Nombre_Videojuego_1354', 47, '1988-01-12', 4, '16'),
(1355, 'Nombre_Videojuego_1355', 25, '1988-08-02', 5, '18'),
(1356, 'Nombre_Videojuego_1356', 43, '2019-09-01', 0, 'TODOS'),
(1357, 'Nombre_Videojuego_1357', 3, '2001-08-17', 1, '3'),
(1358, 'Nombre_Videojuego_1358', 46, '2004-03-03', 2, '7'),
(1359, 'Nombre_Videojuego_1359', 15, '2018-12-08', 3, '12'),
(1360, 'Nombre_Videojuego_1360', 2, '1991-01-12', 4, '16'),
(1361, 'Nombre_Videojuego_1361', 33, '1997-11-10', 5, '18'),
(1362, 'Nombre_Videojuego_1362', 3, '1980-10-18', 0, 'TODOS'),
(1363, 'Nombre_Videojuego_1363', 21, '1992-11-03', 1, '3'),
(1364, 'Nombre_Videojuego_1364', 43, '2019-10-22', 2, '7'),
(1365, 'Nombre_Videojuego_1365', 31, '2018-02-01', 3, '12'),
(1366, 'Nombre_Videojuego_1366', 29, '1999-01-22', 4, '16'),
(1367, 'Nombre_Videojuego_1367', 12, '1997-04-13', 5, '18'),
(1368, 'Nombre_Videojuego_1368', 50, '1981-02-24', 0, 'TODOS'),
(1369, 'Nombre_Videojuego_1369', 50, '1979-06-12', 1, '3'),
(1370, 'Nombre_Videojuego_1370', 25, '2006-06-19', 2, '7'),
(1371, 'Nombre_Videojuego_1371', 12, '1981-05-11', 3, '12'),
(1372, 'Nombre_Videojuego_1372', 13, '1984-10-28', 4, '16'),
(1373, 'Nombre_Videojuego_1373', 46, '1998-03-22', 5, '18'),
(1374, 'Nombre_Videojuego_1374', 39, '2002-09-09', 0, 'TODOS'),
(1375, 'Nombre_Videojuego_1375', 13, '1982-08-18', 1, '3'),
(1376, 'Nombre_Videojuego_1376', 21, '2000-09-06', 2, '7'),
(1377, 'Nombre_Videojuego_1377', 4, '1977-06-27', 3, '12'),
(1378, 'Nombre_Videojuego_1378', 1, '1985-08-17', 4, '16'),
(1379, 'Nombre_Videojuego_1379', 19, '2012-10-07', 5, '18'),
(1380, 'Nombre_Videojuego_1380', 30, '1978-11-22', 0, 'TODOS'),
(1381, 'Nombre_Videojuego_1381', 4, '2007-01-26', 1, '3'),
(1382, 'Nombre_Videojuego_1382', 36, '1980-03-24', 2, '7'),
(1383, 'Nombre_Videojuego_1383', 40, '1999-04-14', 3, '12'),
(1384, 'Nombre_Videojuego_1384', 45, '1978-04-11', 4, '16'),
(1385, 'Nombre_Videojuego_1385', 50, '1981-02-25', 5, '18'),
(1386, 'Nombre_Videojuego_1386', 14, '1979-08-28', 0, 'TODOS'),
(1387, 'Nombre_Videojuego_1387', 9, '1983-09-25', 1, '3'),
(1388, 'Nombre_Videojuego_1388', 27, '2004-11-08', 2, '7'),
(1389, 'Nombre_Videojuego_1389', 32, '1997-04-26', 3, '12'),
(1390, 'Nombre_Videojuego_1390', 27, '1977-05-15', 4, '16'),
(1391, 'Nombre_Videojuego_1391', 4, '1990-04-19', 5, '18'),
(1392, 'Nombre_Videojuego_1392', 11, '1988-09-25', 0, 'TODOS'),
(1393, 'Nombre_Videojuego_1393', 7, '2001-05-21', 1, '3'),
(1394, 'Nombre_Videojuego_1394', 48, '2000-05-19', 2, '7'),
(1395, 'Nombre_Videojuego_1395', 36, '1982-05-08', 3, '12'),
(1396, 'Nombre_Videojuego_1396', 5, '1999-06-28', 4, '16'),
(1397, 'Nombre_Videojuego_1397', 15, '2013-08-11', 5, '18'),
(1398, 'Nombre_Videojuego_1398', 28, '2015-10-15', 0, 'TODOS'),
(1399, 'Nombre_Videojuego_1399', 50, '2004-03-01', 1, '3'),
(1400, 'Nombre_Videojuego_1400', 40, '1990-02-26', 2, '7'),
(1401, 'Nombre_Videojuego_1401', 4, '1978-08-03', 3, '12'),
(1402, 'Nombre_Videojuego_1402', 12, '2000-09-17', 4, '16'),
(1403, 'Nombre_Videojuego_1403', 38, '2015-09-12', 5, '18'),
(1404, 'Nombre_Videojuego_1404', 10, '1984-04-12', 0, 'TODOS'),
(1405, 'Nombre_Videojuego_1405', 49, '1981-11-22', 1, '3'),
(1406, 'Nombre_Videojuego_1406', 48, '1995-09-01', 2, '7'),
(1407, 'Nombre_Videojuego_1407', 12, '2008-11-27', 3, '12'),
(1408, 'Nombre_Videojuego_1408', 12, '1981-03-12', 4, '16'),
(1409, 'Nombre_Videojuego_1409', 31, '2009-04-22', 5, '18'),
(1410, 'Nombre_Videojuego_1410', 21, '1996-06-07', 0, 'TODOS'),
(1411, 'Nombre_Videojuego_1411', 46, '1988-01-28', 1, '3'),
(1412, 'Nombre_Videojuego_1412', 19, '1993-05-21', 2, '7'),
(1413, 'Nombre_Videojuego_1413', 3, '1980-06-12', 3, '12'),
(1414, 'Nombre_Videojuego_1414', 23, '2008-11-16', 4, '16'),
(1415, 'Nombre_Videojuego_1415', 25, '2011-03-02', 5, '18'),
(1416, 'Nombre_Videojuego_1416', 11, '1978-10-18', 0, 'TODOS'),
(1417, 'Nombre_Videojuego_1417', 17, '2019-02-23', 1, '3'),
(1418, 'Nombre_Videojuego_1418', 46, '1992-01-27', 2, '7'),
(1419, 'Nombre_Videojuego_1419', 9, '2012-02-28', 3, '12'),
(1420, 'Nombre_Videojuego_1420', 38, '1982-07-27', 4, '16'),
(1421, 'Nombre_Videojuego_1421', 46, '2004-04-01', 5, '18'),
(1422, 'Nombre_Videojuego_1422', 22, '2002-11-21', 0, 'TODOS'),
(1423, 'Nombre_Videojuego_1423', 10, '1982-08-27', 1, '3'),
(1424, 'Nombre_Videojuego_1424', 33, '2015-07-15', 2, '7'),
(1425, 'Nombre_Videojuego_1425', 8, '2008-03-03', 3, '12'),
(1426, 'Nombre_Videojuego_1426', 22, '2005-05-21', 4, '16'),
(1427, 'Nombre_Videojuego_1427', 30, '1983-08-23', 5, '18'),
(1428, 'Nombre_Videojuego_1428', 17, '2001-06-01', 0, 'TODOS'),
(1429, 'Nombre_Videojuego_1429', 37, '2004-05-04', 1, '3'),
(1430, 'Nombre_Videojuego_1430', 12, '1981-05-01', 2, '7'),
(1431, 'Nombre_Videojuego_1431', 12, '1996-04-18', 3, '12'),
(1432, 'Nombre_Videojuego_1432', 50, '1977-12-02', 4, '16'),
(1433, 'Nombre_Videojuego_1433', 11, '2004-11-02', 5, '18'),
(1434, 'Nombre_Videojuego_1434', 16, '2005-10-08', 0, 'TODOS'),
(1435, 'Nombre_Videojuego_1435', 11, '1991-08-14', 1, '3'),
(1436, 'Nombre_Videojuego_1436', 23, '1990-10-19', 2, '7'),
(1437, 'Nombre_Videojuego_1437', 23, '2015-04-26', 3, '12'),
(1438, 'Nombre_Videojuego_1438', 34, '2000-04-23', 4, '16'),
(1439, 'Nombre_Videojuego_1439', 8, '2004-01-16', 5, '18'),
(1440, 'Nombre_Videojuego_1440', 45, '2008-09-02', 0, 'TODOS'),
(1441, 'Nombre_Videojuego_1441', 7, '1988-01-14', 1, '3'),
(1442, 'Nombre_Videojuego_1442', 17, '2000-09-03', 2, '7'),
(1443, 'Nombre_Videojuego_1443', 16, '2007-07-07', 3, '12'),
(1444, 'Nombre_Videojuego_1444', 27, '1977-07-27', 4, '16'),
(1445, 'Nombre_Videojuego_1445', 8, '1996-02-12', 5, '18'),
(1446, 'Nombre_Videojuego_1446', 47, '1992-10-26', 0, 'TODOS'),
(1447, 'Nombre_Videojuego_1447', 19, '1999-04-16', 1, '3'),
(1448, 'Nombre_Videojuego_1448', 3, '2016-02-25', 2, '7'),
(1449, 'Nombre_Videojuego_1449', 13, '1994-10-24', 3, '12'),
(1450, 'Nombre_Videojuego_1450', 29, '2005-08-04', 4, '16'),
(1451, 'Nombre_Videojuego_1451', 47, '2014-04-04', 5, '18'),
(1452, 'Nombre_Videojuego_1452', 4, '1980-09-10', 0, 'TODOS'),
(1453, 'Nombre_Videojuego_1453', 22, '1989-09-19', 1, '3'),
(1454, 'Nombre_Videojuego_1454', 27, '2003-08-03', 2, '7'),
(1455, 'Nombre_Videojuego_1455', 44, '2019-03-18', 3, '12'),
(1456, 'Nombre_Videojuego_1456', 17, '1979-08-22', 4, '16'),
(1457, 'Nombre_Videojuego_1457', 22, '2013-12-22', 5, '18'),
(1458, 'Nombre_Videojuego_1458', 28, '2018-08-12', 0, 'TODOS'),
(1459, 'Nombre_Videojuego_1459', 21, '2017-04-08', 1, '3'),
(1460, 'Nombre_Videojuego_1460', 46, '2009-02-06', 2, '7'),
(1461, 'Nombre_Videojuego_1461', 16, '1978-02-13', 3, '12'),
(1462, 'Nombre_Videojuego_1462', 34, '2002-10-24', 4, '16'),
(1463, 'Nombre_Videojuego_1463', 47, '1997-05-27', 5, '18'),
(1464, 'Nombre_Videojuego_1464', 9, '1985-06-07', 0, 'TODOS'),
(1465, 'Nombre_Videojuego_1465', 44, '1990-07-18', 1, '3'),
(1466, 'Nombre_Videojuego_1466', 39, '2007-10-02', 2, '7'),
(1467, 'Nombre_Videojuego_1467', 27, '2018-08-27', 3, '12'),
(1468, 'Nombre_Videojuego_1468', 35, '1993-06-04', 4, '16'),
(1469, 'Nombre_Videojuego_1469', 10, '1978-02-02', 5, '18'),
(1470, 'Nombre_Videojuego_1470', 39, '1998-08-19', 0, 'TODOS'),
(1471, 'Nombre_Videojuego_1471', 18, '1996-03-15', 1, '3'),
(1472, 'Nombre_Videojuego_1472', 6, '2002-03-19', 2, '7'),
(1473, 'Nombre_Videojuego_1473', 12, '2002-06-16', 3, '12'),
(1474, 'Nombre_Videojuego_1474', 17, '1994-01-12', 4, '16'),
(1475, 'Nombre_Videojuego_1475', 32, '2012-06-05', 5, '18'),
(1476, 'Nombre_Videojuego_1476', 33, '2016-02-23', 0, 'TODOS'),
(1477, 'Nombre_Videojuego_1477', 9, '2004-05-08', 1, '3'),
(1478, 'Nombre_Videojuego_1478', 16, '2009-05-09', 2, '7'),
(1479, 'Nombre_Videojuego_1479', 32, '1992-04-17', 3, '12'),
(1480, 'Nombre_Videojuego_1480', 39, '1983-09-09', 4, '16'),
(1481, 'Nombre_Videojuego_1481', 6, '1979-10-21', 5, '18'),
(1482, 'Nombre_Videojuego_1482', 41, '1983-06-23', 0, 'TODOS'),
(1483, 'Nombre_Videojuego_1483', 5, '1982-03-12', 1, '3'),
(1484, 'Nombre_Videojuego_1484', 27, '2009-01-05', 2, '7'),
(1485, 'Nombre_Videojuego_1485', 26, '2015-01-27', 3, '12'),
(1486, 'Nombre_Videojuego_1486', 42, '1986-10-11', 4, '16'),
(1487, 'Nombre_Videojuego_1487', 35, '2012-03-19', 5, '18'),
(1488, 'Nombre_Videojuego_1488', 46, '1997-10-16', 0, 'TODOS'),
(1489, 'Nombre_Videojuego_1489', 35, '1990-10-19', 1, '3'),
(1490, 'Nombre_Videojuego_1490', 29, '2018-02-27', 2, '7'),
(1491, 'Nombre_Videojuego_1491', 3, '1999-02-21', 3, '12'),
(1492, 'Nombre_Videojuego_1492', 46, '2009-07-13', 4, '16'),
(1493, 'Nombre_Videojuego_1493', 23, '1986-02-08', 5, '18'),
(1494, 'Nombre_Videojuego_1494', 16, '2009-03-11', 0, 'TODOS'),
(1495, 'Nombre_Videojuego_1495', 33, '2013-07-16', 1, '3'),
(1496, 'Nombre_Videojuego_1496', 38, '2017-02-02', 2, '7'),
(1497, 'Nombre_Videojuego_1497', 29, '1981-08-01', 3, '12'),
(1498, 'Nombre_Videojuego_1498', 3, '2002-03-06', 4, '16'),
(1499, 'Nombre_Videojuego_1499', 19, '1980-08-26', 5, '18'),
(1500, 'Nombre_Videojuego_1500', 32, '1995-08-01', 0, 'TODOS'),
(1501, 'Nombre_Videojuego_1501', 13, '1999-01-24', 1, '3'),
(1502, 'Nombre_Videojuego_1502', 33, '1984-10-13', 2, '7'),
(1503, 'Nombre_Videojuego_1503', 46, '2002-11-27', 3, '12'),
(1504, 'Nombre_Videojuego_1504', 36, '1985-07-20', 4, '16'),
(1505, 'Nombre_Videojuego_1505', 46, '2002-03-17', 5, '18'),
(1506, 'Nombre_Videojuego_1506', 30, '1993-03-17', 0, 'TODOS'),
(1507, 'Nombre_Videojuego_1507', 42, '1986-04-02', 1, '3'),
(1508, 'Nombre_Videojuego_1508', 31, '2004-10-01', 2, '7'),
(1509, 'Nombre_Videojuego_1509', 22, '1998-08-19', 3, '12'),
(1510, 'Nombre_Videojuego_1510', 27, '1989-10-06', 4, '16'),
(1511, 'Nombre_Videojuego_1511', 25, '1984-09-24', 5, '18'),
(1512, 'Nombre_Videojuego_1512', 9, '2007-08-11', 0, 'TODOS'),
(1513, 'Nombre_Videojuego_1513', 48, '2006-11-11', 1, '3'),
(1514, 'Nombre_Videojuego_1514', 12, '2006-10-13', 2, '7'),
(1515, 'Nombre_Videojuego_1515', 30, '2002-12-09', 3, '12'),
(1516, 'Nombre_Videojuego_1516', 37, '1987-08-11', 4, '16'),
(1517, 'Nombre_Videojuego_1517', 14, '1986-03-12', 5, '18'),
(1518, 'Nombre_Videojuego_1518', 21, '1987-04-26', 0, 'TODOS'),
(1519, 'Nombre_Videojuego_1519', 31, '2013-08-14', 1, '3'),
(1520, 'Nombre_Videojuego_1520', 32, '2008-06-07', 2, '7'),
(1521, 'Nombre_Videojuego_1521', 27, '2011-03-05', 3, '12'),
(1522, 'Nombre_Videojuego_1522', 47, '1981-04-03', 4, '16'),
(1523, 'Nombre_Videojuego_1523', 46, '1992-11-26', 5, '18'),
(1524, 'Nombre_Videojuego_1524', 11, '1985-09-08', 0, 'TODOS'),
(1525, 'Nombre_Videojuego_1525', 34, '2016-02-04', 1, '3'),
(1526, 'Nombre_Videojuego_1526', 46, '1980-03-17', 2, '7'),
(1527, 'Nombre_Videojuego_1527', 31, '1989-10-19', 3, '12'),
(1528, 'Nombre_Videojuego_1528', 5, '1997-06-01', 4, '16'),
(1529, 'Nombre_Videojuego_1529', 4, '2010-02-06', 5, '18'),
(1530, 'Nombre_Videojuego_1530', 5, '1993-12-22', 0, 'TODOS'),
(1531, 'Nombre_Videojuego_1531', 8, '2006-10-13', 1, '3'),
(1532, 'Nombre_Videojuego_1532', 50, '2010-06-13', 2, '7'),
(1533, 'Nombre_Videojuego_1533', 4, '1982-06-28', 3, '12'),
(1534, 'Nombre_Videojuego_1534', 16, '2007-05-03', 4, '16'),
(1535, 'Nombre_Videojuego_1535', 44, '1992-11-26', 5, '18'),
(1536, 'Nombre_Videojuego_1536', 33, '1997-12-22', 0, 'TODOS'),
(1537, 'Nombre_Videojuego_1537', 32, '1980-11-02', 1, '3'),
(1538, 'Nombre_Videojuego_1538', 5, '1987-04-28', 2, '7'),
(1539, 'Nombre_Videojuego_1539', 46, '1998-03-10', 3, '12'),
(1540, 'Nombre_Videojuego_1540', 26, '1985-11-07', 4, '16'),
(1541, 'Nombre_Videojuego_1541', 42, '2013-05-09', 5, '18'),
(1542, 'Nombre_Videojuego_1542', 19, '2012-04-12', 0, 'TODOS'),
(1543, 'Nombre_Videojuego_1543', 17, '2012-07-07', 1, '3'),
(1544, 'Nombre_Videojuego_1544', 20, '1989-03-23', 2, '7'),
(1545, 'Nombre_Videojuego_1545', 24, '1986-02-28', 3, '12'),
(1546, 'Nombre_Videojuego_1546', 17, '2010-07-26', 4, '16'),
(1547, 'Nombre_Videojuego_1547', 28, '1998-12-19', 5, '18'),
(1548, 'Nombre_Videojuego_1548', 39, '1991-02-14', 0, 'TODOS'),
(1549, 'Nombre_Videojuego_1549', 33, '1987-06-02', 1, '3'),
(1550, 'Nombre_Videojuego_1550', 20, '1993-07-10', 2, '7'),
(1551, 'Nombre_Videojuego_1551', 47, '2003-04-02', 3, '12'),
(1552, 'Nombre_Videojuego_1552', 22, '1991-09-23', 4, '16'),
(1553, 'Nombre_Videojuego_1553', 25, '1996-02-07', 5, '18'),
(1554, 'Nombre_Videojuego_1554', 17, '2008-06-04', 0, 'TODOS'),
(1555, 'Nombre_Videojuego_1555', 42, '1995-04-04', 1, '3'),
(1556, 'Nombre_Videojuego_1556', 23, '2008-03-24', 2, '7'),
(1557, 'Nombre_Videojuego_1557', 23, '1994-09-09', 3, '12'),
(1558, 'Nombre_Videojuego_1558', 26, '1983-07-08', 4, '16'),
(1559, 'Nombre_Videojuego_1559', 29, '1982-05-06', 5, '18'),
(1560, 'Nombre_Videojuego_1560', 22, '1983-12-10', 0, 'TODOS'),
(1561, 'Nombre_Videojuego_1561', 15, '2007-04-25', 1, '3'),
(1562, 'Nombre_Videojuego_1562', 13, '1990-07-19', 2, '7'),
(1563, 'Nombre_Videojuego_1563', 1, '1997-06-11', 3, '12'),
(1564, 'Nombre_Videojuego_1564', 24, '2018-03-11', 4, '16'),
(1565, 'Nombre_Videojuego_1565', 16, '1993-05-28', 5, '18'),
(1566, 'Nombre_Videojuego_1566', 14, '2001-06-10', 0, 'TODOS'),
(1567, 'Nombre_Videojuego_1567', 4, '2013-03-13', 1, '3'),
(1568, 'Nombre_Videojuego_1568', 4, '2007-08-12', 2, '7'),
(1569, 'Nombre_Videojuego_1569', 14, '2010-01-17', 3, '12'),
(1570, 'Nombre_Videojuego_1570', 24, '1985-05-04', 4, '16'),
(1571, 'Nombre_Videojuego_1571', 44, '1984-10-13', 5, '18'),
(1572, 'Nombre_Videojuego_1572', 40, '1982-10-11', 0, 'TODOS'),
(1573, 'Nombre_Videojuego_1573', 39, '2003-04-05', 1, '3'),
(1574, 'Nombre_Videojuego_1574', 23, '2011-10-25', 2, '7'),
(1575, 'Nombre_Videojuego_1575', 32, '1990-05-02', 3, '12'),
(1576, 'Nombre_Videojuego_1576', 50, '1982-01-14', 4, '16'),
(1577, 'Nombre_Videojuego_1577', 2, '2010-09-04', 5, '18'),
(1578, 'Nombre_Videojuego_1578', 31, '2005-10-11', 0, 'TODOS'),
(1579, 'Nombre_Videojuego_1579', 18, '1989-10-17', 1, '3'),
(1580, 'Nombre_Videojuego_1580', 14, '2001-08-07', 2, '7'),
(1581, 'Nombre_Videojuego_1581', 19, '1989-02-08', 3, '12'),
(1582, 'Nombre_Videojuego_1582', 1, '1983-09-24', 4, '16'),
(1583, 'Nombre_Videojuego_1583', 16, '1980-11-22', 5, '18'),
(1584, 'Nombre_Videojuego_1584', 45, '2001-04-18', 0, 'TODOS'),
(1585, 'Nombre_Videojuego_1585', 50, '2012-01-12', 1, '3'),
(1586, 'Nombre_Videojuego_1586', 32, '1982-05-28', 2, '7'),
(1587, 'Nombre_Videojuego_1587', 9, '1980-12-08', 3, '12'),
(1588, 'Nombre_Videojuego_1588', 1, '1977-06-01', 4, '16'),
(1589, 'Nombre_Videojuego_1589', 22, '1994-09-17', 5, '18'),
(1590, 'Nombre_Videojuego_1590', 27, '2000-09-22', 0, 'TODOS'),
(1591, 'Nombre_Videojuego_1591', 49, '1988-09-25', 1, '3'),
(1592, 'Nombre_Videojuego_1592', 46, '1993-11-27', 2, '7'),
(1593, 'Nombre_Videojuego_1593', 17, '2017-06-18', 3, '12'),
(1594, 'Nombre_Videojuego_1594', 18, '2013-12-15', 4, '16'),
(1595, 'Nombre_Videojuego_1595', 40, '2015-04-12', 5, '18'),
(1596, 'Nombre_Videojuego_1596', 43, '2011-03-22', 0, 'TODOS'),
(1597, 'Nombre_Videojuego_1597', 50, '2003-01-09', 1, '3'),
(1598, 'Nombre_Videojuego_1598', 37, '2000-10-28', 2, '7'),
(1599, 'Nombre_Videojuego_1599', 13, '1979-07-16', 3, '12'),
(1600, 'Nombre_Videojuego_1600', 11, '1998-01-05', 4, '16'),
(1601, 'Nombre_Videojuego_1601', 6, '1989-03-25', 5, '18'),
(1602, 'Nombre_Videojuego_1602', 4, '2013-01-16', 0, 'TODOS'),
(1603, 'Nombre_Videojuego_1603', 33, '2010-03-28', 1, '3'),
(1604, 'Nombre_Videojuego_1604', 3, '1993-03-12', 2, '7'),
(1605, 'Nombre_Videojuego_1605', 14, '2006-11-09', 3, '12'),
(1606, 'Nombre_Videojuego_1606', 11, '1988-01-21', 4, '16'),
(1607, 'Nombre_Videojuego_1607', 50, '2006-08-19', 5, '18'),
(1608, 'Nombre_Videojuego_1608', 47, '1982-05-20', 0, 'TODOS'),
(1609, 'Nombre_Videojuego_1609', 36, '2002-01-16', 1, '3'),
(1610, 'Nombre_Videojuego_1610', 24, '1986-09-09', 2, '7'),
(1611, 'Nombre_Videojuego_1611', 31, '2002-06-18', 3, '12'),
(1612, 'Nombre_Videojuego_1612', 17, '1986-11-25', 4, '16'),
(1613, 'Nombre_Videojuego_1613', 48, '2018-01-23', 5, '18'),
(1614, 'Nombre_Videojuego_1614', 29, '2012-05-28', 0, 'TODOS'),
(1615, 'Nombre_Videojuego_1615', 40, '1996-01-15', 1, '3'),
(1616, 'Nombre_Videojuego_1616', 10, '2005-08-20', 2, '7'),
(1617, 'Nombre_Videojuego_1617', 23, '2012-09-21', 3, '12'),
(1618, 'Nombre_Videojuego_1618', 45, '1999-02-05', 4, '16'),
(1619, 'Nombre_Videojuego_1619', 37, '1986-10-25', 5, '18'),
(1620, 'Nombre_Videojuego_1620', 5, '2004-11-07', 0, 'TODOS'),
(1621, 'Nombre_Videojuego_1621', 9, '1988-08-18', 1, '3'),
(1622, 'Nombre_Videojuego_1622', 36, '2017-02-08', 2, '7'),
(1623, 'Nombre_Videojuego_1623', 41, '1984-04-02', 3, '12'),
(1624, 'Nombre_Videojuego_1624', 27, '2009-06-17', 4, '16'),
(1625, 'Nombre_Videojuego_1625', 23, '1982-05-23', 5, '18'),
(1626, 'Nombre_Videojuego_1626', 35, '2001-06-27', 0, 'TODOS'),
(1627, 'Nombre_Videojuego_1627', 6, '1979-02-05', 1, '3'),
(1628, 'Nombre_Videojuego_1628', 45, '1988-11-09', 2, '7'),
(1629, 'Nombre_Videojuego_1629', 21, '2015-02-10', 3, '12'),
(1630, 'Nombre_Videojuego_1630', 19, '2007-09-19', 4, '16'),
(1631, 'Nombre_Videojuego_1631', 49, '2009-10-08', 5, '18'),
(1632, 'Nombre_Videojuego_1632', 25, '2014-11-18', 0, 'TODOS'),
(1633, 'Nombre_Videojuego_1633', 44, '1980-10-17', 1, '3'),
(1634, 'Nombre_Videojuego_1634', 47, '1988-11-27', 2, '7'),
(1635, 'Nombre_Videojuego_1635', 10, '2010-12-18', 3, '12'),
(1636, 'Nombre_Videojuego_1636', 14, '1999-02-15', 4, '16'),
(1637, 'Nombre_Videojuego_1637', 41, '2019-10-01', 5, '18'),
(1638, 'Nombre_Videojuego_1638', 46, '2009-09-09', 0, 'TODOS'),
(1639, 'Nombre_Videojuego_1639', 5, '1982-03-21', 1, '3'),
(1640, 'Nombre_Videojuego_1640', 29, '2011-10-25', 2, '7'),
(1641, 'Nombre_Videojuego_1641', 12, '1977-08-13', 3, '12'),
(1642, 'Nombre_Videojuego_1642', 16, '1978-04-15', 4, '16'),
(1643, 'Nombre_Videojuego_1643', 10, '1990-11-19', 5, '18'),
(1644, 'Nombre_Videojuego_1644', 32, '1990-02-28', 0, 'TODOS'),
(1645, 'Nombre_Videojuego_1645', 36, '1979-04-25', 1, '3'),
(1646, 'Nombre_Videojuego_1646', 24, '2000-11-25', 2, '7'),
(1647, 'Nombre_Videojuego_1647', 36, '1992-04-19', 3, '12'),
(1648, 'Nombre_Videojuego_1648', 10, '2004-10-12', 4, '16'),
(1649, 'Nombre_Videojuego_1649', 7, '2010-05-21', 5, '18'),
(1650, 'Nombre_Videojuego_1650', 21, '1981-08-19', 0, 'TODOS'),
(1651, 'Nombre_Videojuego_1651', 43, '1983-05-01', 1, '3'),
(1652, 'Nombre_Videojuego_1652', 30, '1987-05-16', 2, '7'),
(1653, 'Nombre_Videojuego_1653', 20, '2010-08-18', 3, '12'),
(1654, 'Nombre_Videojuego_1654', 5, '1978-09-16', 4, '16'),
(1655, 'Nombre_Videojuego_1655', 38, '2017-08-27', 5, '18'),
(1656, 'Nombre_Videojuego_1656', 11, '2018-10-21', 0, 'TODOS'),
(1657, 'Nombre_Videojuego_1657', 4, '2005-09-14', 1, '3'),
(1658, 'Nombre_Videojuego_1658', 50, '1988-01-07', 2, '7'),
(1659, 'Nombre_Videojuego_1659', 16, '2011-02-02', 3, '12'),
(1660, 'Nombre_Videojuego_1660', 19, '2006-07-19', 4, '16'),
(1661, 'Nombre_Videojuego_1661', 7, '1980-04-11', 5, '18'),
(1662, 'Nombre_Videojuego_1662', 25, '1996-02-02', 0, 'TODOS'),
(1663, 'Nombre_Videojuego_1663', 34, '2001-03-16', 1, '3'),
(1664, 'Nombre_Videojuego_1664', 23, '1985-10-10', 2, '7'),
(1665, 'Nombre_Videojuego_1665', 34, '2002-02-12', 3, '12'),
(1666, 'Nombre_Videojuego_1666', 41, '2018-11-28', 4, '16'),
(1667, 'Nombre_Videojuego_1667', 22, '2001-03-07', 5, '18'),
(1668, 'Nombre_Videojuego_1668', 30, '1997-12-28', 0, 'TODOS'),
(1669, 'Nombre_Videojuego_1669', 24, '1999-11-21', 1, '3'),
(1670, 'Nombre_Videojuego_1670', 35, '1993-04-04', 2, '7'),
(1671, 'Nombre_Videojuego_1671', 39, '2015-08-04', 3, '12'),
(1672, 'Nombre_Videojuego_1672', 31, '1987-03-22', 4, '16'),
(1673, 'Nombre_Videojuego_1673', 50, '2002-03-05', 5, '18'),
(1674, 'Nombre_Videojuego_1674', 24, '1993-05-04', 0, 'TODOS'),
(1675, 'Nombre_Videojuego_1675', 8, '1997-08-27', 1, '3'),
(1676, 'Nombre_Videojuego_1676', 17, '2004-03-14', 2, '7'),
(1677, 'Nombre_Videojuego_1677', 37, '2008-05-04', 3, '12'),
(1678, 'Nombre_Videojuego_1678', 8, '1986-12-26', 4, '16'),
(1679, 'Nombre_Videojuego_1679', 44, '2006-11-02', 5, '18'),
(1680, 'Nombre_Videojuego_1680', 19, '1997-05-22', 0, 'TODOS'),
(1681, 'Nombre_Videojuego_1681', 15, '1994-11-16', 1, '3'),
(1682, 'Nombre_Videojuego_1682', 33, '2015-06-04', 2, '7'),
(1683, 'Nombre_Videojuego_1683', 15, '2005-07-14', 3, '12'),
(1684, 'Nombre_Videojuego_1684', 12, '1995-10-20', 4, '16'),
(1685, 'Nombre_Videojuego_1685', 40, '1989-04-12', 5, '18'),
(1686, 'Nombre_Videojuego_1686', 5, '2003-11-03', 0, 'TODOS'),
(1687, 'Nombre_Videojuego_1687', 1, '1987-07-11', 1, '3'),
(1688, 'Nombre_Videojuego_1688', 38, '2012-12-18', 2, '7'),
(1689, 'Nombre_Videojuego_1689', 42, '1997-07-17', 3, '12'),
(1690, 'Nombre_Videojuego_1690', 23, '2017-01-16', 4, '16'),
(1691, 'Nombre_Videojuego_1691', 24, '2007-09-09', 5, '18'),
(1692, 'Nombre_Videojuego_1692', 4, '2000-08-11', 0, 'TODOS'),
(1693, 'Nombre_Videojuego_1693', 4, '2012-01-17', 1, '3'),
(1694, 'Nombre_Videojuego_1694', 50, '1996-07-22', 2, '7'),
(1695, 'Nombre_Videojuego_1695', 33, '2018-06-10', 3, '12'),
(1696, 'Nombre_Videojuego_1696', 38, '1986-11-26', 4, '16'),
(1697, 'Nombre_Videojuego_1697', 4, '1982-08-05', 5, '18'),
(1698, 'Nombre_Videojuego_1698', 10, '2014-12-12', 0, 'TODOS'),
(1699, 'Nombre_Videojuego_1699', 14, '2001-07-18', 1, '3'),
(1700, 'Nombre_Videojuego_1700', 26, '2010-03-05', 2, '7'),
(1701, 'Nombre_Videojuego_1701', 46, '1987-11-01', 3, '12'),
(1702, 'Nombre_Videojuego_1702', 23, '2012-01-27', 4, '16'),
(1703, 'Nombre_Videojuego_1703', 47, '1989-01-28', 5, '18'),
(1704, 'Nombre_Videojuego_1704', 10, '1986-01-12', 0, 'TODOS'),
(1705, 'Nombre_Videojuego_1705', 3, '1978-11-11', 1, '3'),
(1706, 'Nombre_Videojuego_1706', 13, '1983-12-18', 2, '7'),
(1707, 'Nombre_Videojuego_1707', 41, '1995-03-28', 3, '12'),
(1708, 'Nombre_Videojuego_1708', 6, '2007-04-21', 4, '16'),
(1709, 'Nombre_Videojuego_1709', 49, '1992-11-18', 5, '18'),
(1710, 'Nombre_Videojuego_1710', 10, '1999-03-04', 0, 'TODOS'),
(1711, 'Nombre_Videojuego_1711', 17, '2007-03-28', 1, '3'),
(1712, 'Nombre_Videojuego_1712', 43, '2018-12-07', 2, '7'),
(1713, 'Nombre_Videojuego_1713', 3, '2013-03-26', 3, '12'),
(1714, 'Nombre_Videojuego_1714', 16, '2017-02-21', 4, '16'),
(1715, 'Nombre_Videojuego_1715', 19, '2019-11-16', 5, '18'),
(1716, 'Nombre_Videojuego_1716', 24, '2011-09-01', 0, 'TODOS'),
(1717, 'Nombre_Videojuego_1717', 7, '2007-12-17', 1, '3'),
(1718, 'Nombre_Videojuego_1718', 21, '1997-03-05', 2, '7'),
(1719, 'Nombre_Videojuego_1719', 23, '1990-10-27', 3, '12'),
(1720, 'Nombre_Videojuego_1720', 43, '1987-11-09', 4, '16'),
(1721, 'Nombre_Videojuego_1721', 25, '1986-11-25', 5, '18'),
(1722, 'Nombre_Videojuego_1722', 36, '2008-02-25', 0, 'TODOS'),
(1723, 'Nombre_Videojuego_1723', 20, '1978-06-04', 1, '3'),
(1724, 'Nombre_Videojuego_1724', 41, '2002-07-24', 2, '7'),
(1725, 'Nombre_Videojuego_1725', 20, '1999-07-05', 3, '12'),
(1726, 'Nombre_Videojuego_1726', 16, '2007-03-09', 4, '16'),
(1727, 'Nombre_Videojuego_1727', 4, '1988-09-17', 5, '18'),
(1728, 'Nombre_Videojuego_1728', 12, '1979-01-28', 0, 'TODOS');
INSERT INTO `videojuegos` (`ID_VIDEOJUEGO`, `NOMBRE`, `COMPAÑIA`, `FECHA_LANZAMIENTO`, `N_JUGADORES`, `RATING`) VALUES
(1729, 'Nombre_Videojuego_1729', 4, '2014-06-18', 1, '3'),
(1730, 'Nombre_Videojuego_1730', 11, '1990-09-04', 2, '7'),
(1731, 'Nombre_Videojuego_1731', 32, '1982-01-24', 3, '12'),
(1732, 'Nombre_Videojuego_1732', 38, '1992-09-18', 4, '16'),
(1733, 'Nombre_Videojuego_1733', 13, '1984-09-18', 5, '18'),
(1734, 'Nombre_Videojuego_1734', 48, '1991-04-20', 0, 'TODOS'),
(1735, 'Nombre_Videojuego_1735', 31, '2008-04-17', 1, '3'),
(1736, 'Nombre_Videojuego_1736', 42, '1980-12-01', 2, '7'),
(1737, 'Nombre_Videojuego_1737', 8, '1983-08-02', 3, '12'),
(1738, 'Nombre_Videojuego_1738', 44, '1977-01-22', 4, '16'),
(1739, 'Nombre_Videojuego_1739', 37, '2003-09-22', 5, '18'),
(1740, 'Nombre_Videojuego_1740', 8, '2009-04-14', 0, 'TODOS'),
(1741, 'Nombre_Videojuego_1741', 7, '2004-01-22', 1, '3'),
(1742, 'Nombre_Videojuego_1742', 9, '1978-06-24', 2, '7'),
(1743, 'Nombre_Videojuego_1743', 30, '1978-04-08', 3, '12'),
(1744, 'Nombre_Videojuego_1744', 22, '2009-06-22', 4, '16'),
(1745, 'Nombre_Videojuego_1745', 25, '2004-02-27', 5, '18'),
(1746, 'Nombre_Videojuego_1746', 14, '1986-05-07', 0, 'TODOS'),
(1747, 'Nombre_Videojuego_1747', 43, '2013-04-05', 1, '3'),
(1748, 'Nombre_Videojuego_1748', 27, '2018-06-15', 2, '7'),
(1749, 'Nombre_Videojuego_1749', 13, '1993-04-11', 3, '12'),
(1750, 'Nombre_Videojuego_1750', 5, '2000-09-17', 4, '16'),
(1751, 'Nombre_Videojuego_1751', 26, '2019-07-28', 5, '18'),
(1752, 'Nombre_Videojuego_1752', 6, '1989-07-13', 0, 'TODOS'),
(1753, 'Nombre_Videojuego_1753', 1, '1984-04-22', 1, '3'),
(1754, 'Nombre_Videojuego_1754', 44, '2018-09-02', 2, '7'),
(1755, 'Nombre_Videojuego_1755', 31, '2010-03-13', 3, '12'),
(1756, 'Nombre_Videojuego_1756', 23, '2015-11-12', 4, '16'),
(1757, 'Nombre_Videojuego_1757', 31, '1992-12-03', 5, '18'),
(1758, 'Nombre_Videojuego_1758', 26, '1999-09-05', 0, 'TODOS'),
(1759, 'Nombre_Videojuego_1759', 49, '2001-04-07', 1, '3'),
(1760, 'Nombre_Videojuego_1760', 43, '1984-08-02', 2, '7'),
(1761, 'Nombre_Videojuego_1761', 3, '2016-10-19', 3, '12'),
(1762, 'Nombre_Videojuego_1762', 38, '1980-06-28', 4, '16'),
(1763, 'Nombre_Videojuego_1763', 20, '2001-04-27', 5, '18'),
(1764, 'Nombre_Videojuego_1764', 14, '2008-09-02', 0, 'TODOS'),
(1765, 'Nombre_Videojuego_1765', 11, '1991-03-14', 1, '3'),
(1766, 'Nombre_Videojuego_1766', 40, '2005-11-14', 2, '7'),
(1767, 'Nombre_Videojuego_1767', 48, '2008-11-15', 3, '12'),
(1768, 'Nombre_Videojuego_1768', 22, '2011-03-03', 4, '16'),
(1769, 'Nombre_Videojuego_1769', 37, '2016-11-14', 5, '18'),
(1770, 'Nombre_Videojuego_1770', 29, '1987-05-18', 0, 'TODOS'),
(1771, 'Nombre_Videojuego_1771', 36, '2010-01-17', 1, '3'),
(1772, 'Nombre_Videojuego_1772', 10, '2012-08-25', 2, '7'),
(1773, 'Nombre_Videojuego_1773', 35, '1998-01-13', 3, '12'),
(1774, 'Nombre_Videojuego_1774', 43, '1979-08-26', 4, '16'),
(1775, 'Nombre_Videojuego_1775', 24, '2001-02-06', 5, '18'),
(1776, 'Nombre_Videojuego_1776', 25, '1994-07-23', 0, 'TODOS'),
(1777, 'Nombre_Videojuego_1777', 30, '2007-07-12', 1, '3'),
(1778, 'Nombre_Videojuego_1778', 32, '2000-05-28', 2, '7'),
(1779, 'Nombre_Videojuego_1779', 49, '1994-05-24', 3, '12'),
(1780, 'Nombre_Videojuego_1780', 23, '1999-04-24', 4, '16'),
(1781, 'Nombre_Videojuego_1781', 1, '1988-08-17', 5, '18'),
(1782, 'Nombre_Videojuego_1782', 28, '2007-07-01', 0, 'TODOS'),
(1783, 'Nombre_Videojuego_1783', 15, '2007-09-15', 1, '3'),
(1784, 'Nombre_Videojuego_1784', 50, '1980-06-19', 2, '7'),
(1785, 'Nombre_Videojuego_1785', 27, '1988-02-18', 3, '12'),
(1786, 'Nombre_Videojuego_1786', 24, '1984-06-20', 4, '16'),
(1787, 'Nombre_Videojuego_1787', 23, '2002-04-04', 5, '18'),
(1788, 'Nombre_Videojuego_1788', 41, '2003-01-06', 0, 'TODOS'),
(1789, 'Nombre_Videojuego_1789', 24, '1989-03-10', 1, '3'),
(1790, 'Nombre_Videojuego_1790', 10, '1998-06-21', 2, '7'),
(1791, 'Nombre_Videojuego_1791', 11, '2015-12-03', 3, '12'),
(1792, 'Nombre_Videojuego_1792', 37, '1995-12-24', 4, '16'),
(1793, 'Nombre_Videojuego_1793', 44, '1989-10-04', 5, '18'),
(1794, 'Nombre_Videojuego_1794', 20, '1994-02-02', 0, 'TODOS'),
(1795, 'Nombre_Videojuego_1795', 22, '1984-07-06', 1, '3'),
(1796, 'Nombre_Videojuego_1796', 19, '2013-07-08', 2, '7'),
(1797, 'Nombre_Videojuego_1797', 5, '2010-07-21', 3, '12'),
(1798, 'Nombre_Videojuego_1798', 19, '1984-10-18', 4, '16'),
(1799, 'Nombre_Videojuego_1799', 11, '2015-08-17', 5, '18'),
(1800, 'Nombre_Videojuego_1800', 15, '1977-06-13', 0, 'TODOS'),
(1801, 'Nombre_Videojuego_1801', 44, '1997-02-06', 1, '3'),
(1802, 'Nombre_Videojuego_1802', 23, '2012-12-18', 2, '7'),
(1803, 'Nombre_Videojuego_1803', 39, '2012-09-01', 3, '12'),
(1804, 'Nombre_Videojuego_1804', 24, '2003-01-10', 4, '16'),
(1805, 'Nombre_Videojuego_1805', 50, '1984-09-27', 5, '18'),
(1806, 'Nombre_Videojuego_1806', 48, '2007-09-17', 0, 'TODOS'),
(1807, 'Nombre_Videojuego_1807', 7, '2003-08-14', 1, '3'),
(1808, 'Nombre_Videojuego_1808', 6, '1990-08-13', 2, '7'),
(1809, 'Nombre_Videojuego_1809', 15, '1991-12-18', 3, '12'),
(1810, 'Nombre_Videojuego_1810', 36, '2009-04-25', 4, '16'),
(1811, 'Nombre_Videojuego_1811', 25, '1990-12-21', 5, '18'),
(1812, 'Nombre_Videojuego_1812', 49, '1978-02-05', 0, 'TODOS'),
(1813, 'Nombre_Videojuego_1813', 16, '2011-12-25', 1, '3'),
(1814, 'Nombre_Videojuego_1814', 23, '1977-07-21', 2, '7'),
(1815, 'Nombre_Videojuego_1815', 24, '1997-09-09', 3, '12'),
(1816, 'Nombre_Videojuego_1816', 44, '2017-07-04', 4, '16'),
(1817, 'Nombre_Videojuego_1817', 17, '1981-04-13', 5, '18'),
(1818, 'Nombre_Videojuego_1818', 27, '1978-08-07', 0, 'TODOS'),
(1819, 'Nombre_Videojuego_1819', 45, '2015-11-24', 1, '3'),
(1820, 'Nombre_Videojuego_1820', 39, '1990-07-09', 2, '7'),
(1821, 'Nombre_Videojuego_1821', 5, '1978-11-22', 3, '12'),
(1822, 'Nombre_Videojuego_1822', 28, '2001-03-13', 4, '16'),
(1823, 'Nombre_Videojuego_1823', 28, '1978-12-02', 5, '18'),
(1824, 'Nombre_Videojuego_1824', 6, '1978-09-26', 0, 'TODOS'),
(1825, 'Nombre_Videojuego_1825', 38, '2014-06-28', 1, '3'),
(1826, 'Nombre_Videojuego_1826', 19, '2016-07-10', 2, '7'),
(1827, 'Nombre_Videojuego_1827', 30, '1983-03-25', 3, '12'),
(1828, 'Nombre_Videojuego_1828', 28, '1983-11-05', 4, '16'),
(1829, 'Nombre_Videojuego_1829', 34, '2003-08-16', 5, '18'),
(1830, 'Nombre_Videojuego_1830', 48, '2008-09-18', 0, 'TODOS'),
(1831, 'Nombre_Videojuego_1831', 38, '2015-06-22', 1, '3'),
(1832, 'Nombre_Videojuego_1832', 6, '2014-08-03', 2, '7'),
(1833, 'Nombre_Videojuego_1833', 17, '1981-01-03', 3, '12'),
(1834, 'Nombre_Videojuego_1834', 34, '1994-06-15', 4, '16'),
(1835, 'Nombre_Videojuego_1835', 8, '2016-04-04', 5, '18'),
(1836, 'Nombre_Videojuego_1836', 35, '2003-02-23', 0, 'TODOS'),
(1837, 'Nombre_Videojuego_1837', 7, '1982-11-28', 1, '3'),
(1838, 'Nombre_Videojuego_1838', 19, '2018-10-18', 2, '7'),
(1839, 'Nombre_Videojuego_1839', 8, '2009-06-10', 3, '12'),
(1840, 'Nombre_Videojuego_1840', 48, '2009-10-03', 4, '16'),
(1841, 'Nombre_Videojuego_1841', 21, '1989-05-10', 5, '18'),
(1842, 'Nombre_Videojuego_1842', 49, '2002-08-10', 0, 'TODOS'),
(1843, 'Nombre_Videojuego_1843', 32, '2005-09-15', 1, '3'),
(1844, 'Nombre_Videojuego_1844', 31, '1981-08-11', 2, '7'),
(1845, 'Nombre_Videojuego_1845', 6, '2017-09-10', 3, '12'),
(1846, 'Nombre_Videojuego_1846', 43, '1996-08-21', 4, '16'),
(1847, 'Nombre_Videojuego_1847', 18, '2014-09-26', 5, '18'),
(1848, 'Nombre_Videojuego_1848', 50, '1988-04-27', 0, 'TODOS'),
(1849, 'Nombre_Videojuego_1849', 46, '2014-07-04', 1, '3'),
(1850, 'Nombre_Videojuego_1850', 26, '1995-11-27', 2, '7'),
(1851, 'Nombre_Videojuego_1851', 35, '2012-10-03', 3, '12'),
(1852, 'Nombre_Videojuego_1852', 11, '2006-01-20', 4, '16'),
(1853, 'Nombre_Videojuego_1853', 42, '1982-07-05', 5, '18'),
(1854, 'Nombre_Videojuego_1854', 19, '2017-08-16', 0, 'TODOS'),
(1855, 'Nombre_Videojuego_1855', 30, '2005-11-01', 1, '3'),
(1856, 'Nombre_Videojuego_1856', 20, '2002-06-26', 2, '7'),
(1857, 'Nombre_Videojuego_1857', 20, '1996-12-06', 3, '12'),
(1858, 'Nombre_Videojuego_1858', 36, '2008-01-01', 4, '16'),
(1859, 'Nombre_Videojuego_1859', 37, '2007-07-11', 5, '18'),
(1860, 'Nombre_Videojuego_1860', 31, '2003-10-25', 0, 'TODOS'),
(1861, 'Nombre_Videojuego_1861', 16, '2016-08-12', 1, '3'),
(1862, 'Nombre_Videojuego_1862', 31, '2012-03-08', 2, '7'),
(1863, 'Nombre_Videojuego_1863', 2, '1997-07-09', 3, '12'),
(1864, 'Nombre_Videojuego_1864', 48, '1986-02-09', 4, '16'),
(1865, 'Nombre_Videojuego_1865', 27, '1986-07-06', 5, '18'),
(1866, 'Nombre_Videojuego_1866', 13, '1992-10-10', 0, 'TODOS'),
(1867, 'Nombre_Videojuego_1867', 18, '1993-10-05', 1, '3'),
(1868, 'Nombre_Videojuego_1868', 8, '1980-11-15', 2, '7'),
(1869, 'Nombre_Videojuego_1869', 50, '1983-12-19', 3, '12'),
(1870, 'Nombre_Videojuego_1870', 2, '2001-12-05', 4, '16'),
(1871, 'Nombre_Videojuego_1871', 21, '2017-04-15', 5, '18'),
(1872, 'Nombre_Videojuego_1872', 20, '2014-07-23', 0, 'TODOS'),
(1873, 'Nombre_Videojuego_1873', 35, '2005-12-28', 1, '3'),
(1874, 'Nombre_Videojuego_1874', 9, '2007-01-14', 2, '7'),
(1875, 'Nombre_Videojuego_1875', 5, '2019-05-17', 3, '12'),
(1876, 'Nombre_Videojuego_1876', 35, '1989-05-03', 4, '16'),
(1877, 'Nombre_Videojuego_1877', 22, '1984-12-27', 5, '18'),
(1878, 'Nombre_Videojuego_1878', 6, '1984-03-20', 0, 'TODOS'),
(1879, 'Nombre_Videojuego_1879', 41, '1981-06-15', 1, '3'),
(1880, 'Nombre_Videojuego_1880', 28, '1999-02-26', 2, '7'),
(1881, 'Nombre_Videojuego_1881', 45, '1997-03-09', 3, '12'),
(1882, 'Nombre_Videojuego_1882', 17, '1994-05-27', 4, '16'),
(1883, 'Nombre_Videojuego_1883', 18, '1985-09-10', 5, '18'),
(1884, 'Nombre_Videojuego_1884', 1, '2008-02-05', 0, 'TODOS'),
(1885, 'Nombre_Videojuego_1885', 18, '2013-07-07', 1, '3'),
(1886, 'Nombre_Videojuego_1886', 50, '1982-09-11', 2, '7'),
(1887, 'Nombre_Videojuego_1887', 39, '1986-08-21', 3, '12'),
(1888, 'Nombre_Videojuego_1888', 5, '1977-02-13', 4, '16'),
(1889, 'Nombre_Videojuego_1889', 44, '2009-01-21', 5, '18'),
(1890, 'Nombre_Videojuego_1890', 5, '1990-12-08', 0, 'TODOS'),
(1891, 'Nombre_Videojuego_1891', 34, '1978-02-07', 1, '3'),
(1892, 'Nombre_Videojuego_1892', 30, '2005-07-16', 2, '7'),
(1893, 'Nombre_Videojuego_1893', 47, '2013-10-24', 3, '12'),
(1894, 'Nombre_Videojuego_1894', 14, '1996-08-11', 4, '16'),
(1895, 'Nombre_Videojuego_1895', 33, '2000-11-21', 5, '18'),
(1896, 'Nombre_Videojuego_1896', 17, '2000-10-18', 0, 'TODOS'),
(1897, 'Nombre_Videojuego_1897', 31, '1995-09-02', 1, '3'),
(1898, 'Nombre_Videojuego_1898', 12, '2006-09-13', 2, '7'),
(1899, 'Nombre_Videojuego_1899', 7, '2010-02-26', 3, '12'),
(1900, 'Nombre_Videojuego_1900', 33, '2018-07-05', 4, '16'),
(1901, 'Nombre_Videojuego_1901', 15, '1989-07-15', 5, '18'),
(1902, 'Nombre_Videojuego_1902', 48, '1979-06-23', 0, 'TODOS'),
(1903, 'Nombre_Videojuego_1903', 10, '1997-07-06', 1, '3'),
(1904, 'Nombre_Videojuego_1904', 20, '2006-03-04', 2, '7'),
(1905, 'Nombre_Videojuego_1905', 43, '1977-08-13', 3, '12'),
(1906, 'Nombre_Videojuego_1906', 9, '2007-07-25', 4, '16'),
(1907, 'Nombre_Videojuego_1907', 4, '1990-09-25', 5, '18'),
(1908, 'Nombre_Videojuego_1908', 15, '1984-08-10', 0, 'TODOS'),
(1909, 'Nombre_Videojuego_1909', 17, '2000-03-05', 1, '3'),
(1910, 'Nombre_Videojuego_1910', 47, '1990-12-28', 2, '7'),
(1911, 'Nombre_Videojuego_1911', 19, '2017-05-04', 3, '12'),
(1912, 'Nombre_Videojuego_1912', 28, '1994-06-16', 4, '16'),
(1913, 'Nombre_Videojuego_1913', 5, '1996-04-13', 5, '18'),
(1914, 'Nombre_Videojuego_1914', 17, '1986-09-05', 0, 'TODOS'),
(1915, 'Nombre_Videojuego_1915', 5, '2000-01-23', 1, '3'),
(1916, 'Nombre_Videojuego_1916', 6, '2004-05-13', 2, '7'),
(1917, 'Nombre_Videojuego_1917', 34, '1986-12-17', 3, '12'),
(1918, 'Nombre_Videojuego_1918', 19, '2018-03-04', 4, '16'),
(1919, 'Nombre_Videojuego_1919', 22, '1980-06-01', 5, '18'),
(1920, 'Nombre_Videojuego_1920', 45, '2005-09-07', 0, 'TODOS'),
(1921, 'Nombre_Videojuego_1921', 36, '1992-08-20', 1, '3'),
(1922, 'Nombre_Videojuego_1922', 44, '2002-02-11', 2, '7'),
(1923, 'Nombre_Videojuego_1923', 11, '1987-01-02', 3, '12'),
(1924, 'Nombre_Videojuego_1924', 43, '1986-08-17', 4, '16'),
(1925, 'Nombre_Videojuego_1925', 50, '1999-04-18', 5, '18'),
(1926, 'Nombre_Videojuego_1926', 31, '1983-04-03', 0, 'TODOS'),
(1927, 'Nombre_Videojuego_1927', 15, '2019-12-19', 1, '3'),
(1928, 'Nombre_Videojuego_1928', 4, '2015-10-25', 2, '7'),
(1929, 'Nombre_Videojuego_1929', 16, '1996-10-09', 3, '12'),
(1930, 'Nombre_Videojuego_1930', 30, '1980-11-18', 4, '16'),
(1931, 'Nombre_Videojuego_1931', 21, '2015-01-10', 5, '18'),
(1932, 'Nombre_Videojuego_1932', 22, '1977-06-21', 0, 'TODOS'),
(1933, 'Nombre_Videojuego_1933', 27, '2014-06-14', 1, '3'),
(1934, 'Nombre_Videojuego_1934', 13, '2010-10-19', 2, '7'),
(1935, 'Nombre_Videojuego_1935', 7, '2017-09-01', 3, '12'),
(1936, 'Nombre_Videojuego_1936', 29, '1979-11-01', 4, '16'),
(1937, 'Nombre_Videojuego_1937', 24, '1987-07-05', 5, '18'),
(1938, 'Nombre_Videojuego_1938', 7, '1982-02-21', 0, 'TODOS'),
(1939, 'Nombre_Videojuego_1939', 12, '1982-06-26', 1, '3'),
(1940, 'Nombre_Videojuego_1940', 11, '1988-05-01', 2, '7'),
(1941, 'Nombre_Videojuego_1941', 45, '2002-08-07', 3, '12'),
(1942, 'Nombre_Videojuego_1942', 17, '1981-11-19', 4, '16'),
(1943, 'Nombre_Videojuego_1943', 8, '2008-04-11', 5, '18'),
(1944, 'Nombre_Videojuego_1944', 49, '2004-09-06', 0, 'TODOS'),
(1945, 'Nombre_Videojuego_1945', 27, '2018-07-22', 1, '3'),
(1946, 'Nombre_Videojuego_1946', 19, '1989-12-08', 2, '7'),
(1947, 'Nombre_Videojuego_1947', 43, '1983-12-17', 3, '12'),
(1948, 'Nombre_Videojuego_1948', 21, '2015-07-05', 4, '16'),
(1949, 'Nombre_Videojuego_1949', 1, '1981-11-21', 5, '18'),
(1950, 'Nombre_Videojuego_1950', 50, '2003-05-27', 0, 'TODOS'),
(1951, 'Nombre_Videojuego_1951', 38, '1993-01-18', 1, '3'),
(1952, 'Nombre_Videojuego_1952', 31, '1985-06-25', 2, '7'),
(1953, 'Nombre_Videojuego_1953', 43, '2009-08-04', 3, '12'),
(1954, 'Nombre_Videojuego_1954', 9, '2019-02-19', 4, '16'),
(1955, 'Nombre_Videojuego_1955', 9, '1994-11-16', 5, '18'),
(1956, 'Nombre_Videojuego_1956', 48, '2009-12-13', 0, 'TODOS'),
(1957, 'Nombre_Videojuego_1957', 24, '1984-07-20', 1, '3'),
(1958, 'Nombre_Videojuego_1958', 13, '1980-03-20', 2, '7'),
(1959, 'Nombre_Videojuego_1959', 39, '2013-12-02', 3, '12'),
(1960, 'Nombre_Videojuego_1960', 23, '2018-10-04', 4, '16'),
(1961, 'Nombre_Videojuego_1961', 7, '1983-04-27', 5, '18'),
(1962, 'Nombre_Videojuego_1962', 12, '2017-01-23', 0, 'TODOS'),
(1963, 'Nombre_Videojuego_1963', 22, '2006-10-26', 1, '3'),
(1964, 'Nombre_Videojuego_1964', 19, '2004-12-20', 2, '7'),
(1965, 'Nombre_Videojuego_1965', 50, '1996-02-26', 3, '12'),
(1966, 'Nombre_Videojuego_1966', 4, '2016-05-06', 4, '16'),
(1967, 'Nombre_Videojuego_1967', 11, '1989-12-04', 5, '18'),
(1968, 'Nombre_Videojuego_1968', 9, '2009-03-02', 0, 'TODOS'),
(1969, 'Nombre_Videojuego_1969', 5, '2005-06-03', 1, '3'),
(1970, 'Nombre_Videojuego_1970', 17, '1995-03-23', 2, '7'),
(1971, 'Nombre_Videojuego_1971', 40, '1993-04-23', 3, '12'),
(1972, 'Nombre_Videojuego_1972', 4, '1984-08-13', 4, '16'),
(1973, 'Nombre_Videojuego_1973', 15, '1992-01-01', 5, '18'),
(1974, 'Nombre_Videojuego_1974', 33, '2011-06-16', 0, 'TODOS'),
(1975, 'Nombre_Videojuego_1975', 46, '1995-12-20', 1, '3'),
(1976, 'Nombre_Videojuego_1976', 30, '1980-11-26', 2, '7'),
(1977, 'Nombre_Videojuego_1977', 19, '2013-07-09', 3, '12'),
(1978, 'Nombre_Videojuego_1978', 36, '1985-10-25', 4, '16'),
(1979, 'Nombre_Videojuego_1979', 17, '2017-03-18', 5, '18'),
(1980, 'Nombre_Videojuego_1980', 45, '1985-04-22', 0, 'TODOS'),
(1981, 'Nombre_Videojuego_1981', 49, '1981-12-05', 1, '3'),
(1982, 'Nombre_Videojuego_1982', 48, '1998-01-26', 2, '7'),
(1983, 'Nombre_Videojuego_1983', 39, '1982-07-11', 3, '12'),
(1984, 'Nombre_Videojuego_1984', 10, '2006-09-02', 4, '16'),
(1985, 'Nombre_Videojuego_1985', 34, '1993-10-06', 5, '18'),
(1986, 'Nombre_Videojuego_1986', 39, '1988-04-16', 0, 'TODOS'),
(1987, 'Nombre_Videojuego_1987', 17, '2001-10-16', 1, '3'),
(1988, 'Nombre_Videojuego_1988', 39, '1983-07-22', 2, '7'),
(1989, 'Nombre_Videojuego_1989', 47, '2018-10-03', 3, '12'),
(1990, 'Nombre_Videojuego_1990', 28, '2015-05-21', 4, '16'),
(1991, 'Nombre_Videojuego_1991', 1, '1987-10-03', 5, '18'),
(1992, 'Nombre_Videojuego_1992', 6, '1978-11-21', 0, 'TODOS'),
(1993, 'Nombre_Videojuego_1993', 9, '2001-10-09', 1, '3'),
(1994, 'Nombre_Videojuego_1994', 3, '1990-11-11', 2, '7'),
(1995, 'Nombre_Videojuego_1995', 31, '1993-07-10', 3, '12'),
(1996, 'Nombre_Videojuego_1996', 38, '1980-03-23', 4, '16'),
(1997, 'Nombre_Videojuego_1997', 39, '2016-12-18', 5, '18'),
(1998, 'Nombre_Videojuego_1998', 36, '1996-09-11', 0, 'TODOS'),
(1999, 'Nombre_Videojuego_1999', 39, '2013-05-05', 1, '3'),
(2000, 'Nombre_Videojuego_2000', 7, '1992-04-08', 2, '7');

--
-- Índices para tablas volcadas
--

--
-- Indices de la tabla `compañia`
--
ALTER TABLE `compañia`
  ADD PRIMARY KEY (`ID_COMPAÑIA`);

--
-- Indices de la tabla `genero`
--
ALTER TABLE `genero`
  ADD PRIMARY KEY (`ID_GENERO`);

--
-- Indices de la tabla `genero_videojuego`
--
ALTER TABLE `genero_videojuego`
  ADD PRIMARY KEY (`ID_VIDEOJUEGO`,`ID_GENERO`);

--
-- Indices de la tabla `lista_jugados`
--
ALTER TABLE `lista_jugados`
  ADD PRIMARY KEY (`ID_VIDEOJUEGO`,`ID_USUARIO`);

--
-- Indices de la tabla `lista_pendientes`
--
ALTER TABLE `lista_pendientes`
  ADD PRIMARY KEY (`ID_VIDEOJUEGO`,`ID_USUARIO`);

--
-- Indices de la tabla `plataforma`
--
ALTER TABLE `plataforma`
  ADD PRIMARY KEY (`ID_PLATAFORMA`);

--
-- Indices de la tabla `plataforma_videojuego`
--
ALTER TABLE `plataforma_videojuego`
  ADD PRIMARY KEY (`ID_VIDEOJUEGO`,`ID_PLATAFORMA`);

--
-- Indices de la tabla `textos`
--
ALTER TABLE `textos`
  ADD PRIMARY KEY (`ID_TEXTO`);

--
-- Indices de la tabla `usuario`
--
ALTER TABLE `usuario`
  ADD PRIMARY KEY (`ID_USUARIO`);

--
-- Indices de la tabla `videojuegos`
--
ALTER TABLE `videojuegos`
  ADD PRIMARY KEY (`ID_VIDEOJUEGO`),
  ADD KEY `COMPAÑIA` (`COMPAÑIA`);

--
-- AUTO_INCREMENT de las tablas volcadas
--

--
-- AUTO_INCREMENT de la tabla `compañia`
--
ALTER TABLE `compañia`
  MODIFY `ID_COMPAÑIA` int(11) NOT NULL AUTO_INCREMENT, AUTO_INCREMENT=51;

--
-- AUTO_INCREMENT de la tabla `genero`
--
ALTER TABLE `genero`
  MODIFY `ID_GENERO` int(11) NOT NULL AUTO_INCREMENT, AUTO_INCREMENT=21;

--
-- AUTO_INCREMENT de la tabla `plataforma`
--
ALTER TABLE `plataforma`
  MODIFY `ID_PLATAFORMA` int(11) NOT NULL AUTO_INCREMENT, AUTO_INCREMENT=35;

--
-- AUTO_INCREMENT de la tabla `textos`
--
ALTER TABLE `textos`
  MODIFY `ID_TEXTO` int(11) NOT NULL AUTO_INCREMENT;

--
-- AUTO_INCREMENT de la tabla `usuario`
--
ALTER TABLE `usuario`
  MODIFY `ID_USUARIO` int(11) NOT NULL AUTO_INCREMENT;

--
-- AUTO_INCREMENT de la tabla `videojuegos`
--
ALTER TABLE `videojuegos`
  MODIFY `ID_VIDEOJUEGO` int(11) NOT NULL AUTO_INCREMENT, AUTO_INCREMENT=2001;

--
-- Restricciones para tablas volcadas
--

--
-- Filtros para la tabla `videojuegos`
--
ALTER TABLE `videojuegos`
  ADD CONSTRAINT `videojuegos_ibfk_1` FOREIGN KEY (`COMPAÑIA`) REFERENCES `compañia` (`ID_COMPAÑIA`);
COMMIT;

/*!40101 SET CHARACTER_SET_CLIENT=@OLD_CHARACTER_SET_CLIENT */;
/*!40101 SET CHARACTER_SET_RESULTS=@OLD_CHARACTER_SET_RESULTS */;
/*!40101 SET COLLATION_CONNECTION=@OLD_COLLATION_CONNECTION */;
