-- phpMyAdmin SQL Dump
-- version 4.8.5
-- https://www.phpmyadmin.net/
--
-- Servidor: 127.0.0.1
-- Tiempo de generación: 08-04-2019 a las 23:20:03
-- Versión del servidor: 10.1.38-MariaDB
-- Versión de PHP: 7.2.17

SET SQL_MODE = "NO_AUTO_VALUE_ON_ZERO";
SET AUTOCOMMIT = 0;
START TRANSACTION;
SET time_zone = "+00:00";


/*!40101 SET @OLD_CHARACTER_SET_CLIENT=@@CHARACTER_SET_CLIENT */;
/*!40101 SET @OLD_CHARACTER_SET_RESULTS=@@CHARACTER_SET_RESULTS */;
/*!40101 SET @OLD_COLLATION_CONNECTION=@@COLLATION_CONNECTION */;
/*!40101 SET NAMES utf8mb4 */;

--
-- Base de datos: `qualificajocs`
--

-- --------------------------------------------------------

--
-- Estructura de tabla para la tabla `compañia`
--

CREATE TABLE `compañia` (
  `ID_COMPAÑIA` int(11) NOT NULL,
  `NOMBRE_COMPAÑIA` varchar(40) NOT NULL
) ENGINE=InnoDB DEFAULT CHARSET=utf8;

--
-- Volcado de datos para la tabla `compañia`
--

INSERT INTO `compañia` (`ID_COMPAÑIA`, `NOMBRE_COMPAÑIA`) VALUES
(1, 'Nombre_Compañia_1'),
(2, 'Nombre_Compañia_2'),
(3, 'Nombre_Compañia_3'),
(4, 'Nombre_Compañia_4'),
(5, 'Nombre_Compañia_5'),
(6, 'Nombre_Compañia_6'),
(7, 'Nombre_Compañia_7'),
(8, 'Nombre_Compañia_8'),
(9, 'Nombre_Compañia_9'),
(10, 'Nombre_Compañia_10'),
(11, 'Nombre_Compañia_11'),
(12, 'Nombre_Compañia_12'),
(13, 'Nombre_Compañia_13'),
(14, 'Nombre_Compañia_14'),
(15, 'Nombre_Compañia_15'),
(16, 'Nombre_Compañia_16'),
(17, 'Nombre_Compañia_17'),
(18, 'Nombre_Compañia_18'),
(19, 'Nombre_Compañia_19'),
(20, 'Nombre_Compañia_20'),
(21, 'Nombre_Compañia_21'),
(22, 'Nombre_Compañia_22'),
(23, 'Nombre_Compañia_23'),
(24, 'Nombre_Compañia_24'),
(25, 'Nombre_Compañia_25'),
(26, 'Nombre_Compañia_26'),
(27, 'Nombre_Compañia_27'),
(28, 'Nombre_Compañia_28'),
(29, 'Nombre_Compañia_29'),
(30, 'Nombre_Compañia_30'),
(31, 'Nombre_Compañia_31'),
(32, 'Nombre_Compañia_32'),
(33, 'Nombre_Compañia_33'),
(34, 'Nombre_Compañia_34'),
(35, 'Nombre_Compañia_35'),
(36, 'Nombre_Compañia_36'),
(37, 'Nombre_Compañia_37'),
(38, 'Nombre_Compañia_38'),
(39, 'Nombre_Compañia_39'),
(40, 'Nombre_Compañia_40'),
(41, 'Nombre_Compañia_41'),
(42, 'Nombre_Compañia_42'),
(43, 'Nombre_Compañia_43'),
(44, 'Nombre_Compañia_44'),
(45, 'Nombre_Compañia_45'),
(46, 'Nombre_Compañia_46'),
(47, 'Nombre_Compañia_47'),
(48, 'Nombre_Compañia_48'),
(49, 'Nombre_Compañia_49'),
(50, 'Nombre_Compañia_50');

-- --------------------------------------------------------

--
-- Estructura de tabla para la tabla `genero`
--

CREATE TABLE `genero` (
  `ID_GENERO` int(11) NOT NULL,
  `NOMBRE_GENERO_ES` varchar(20) NOT NULL,
  `NOMBRE_GENERO_EN` varchar(20) NOT NULL,
  `NOMBRE_GENERO_PT` varchar(20) NOT NULL
) ENGINE=InnoDB DEFAULT CHARSET=utf8;

--
-- Volcado de datos para la tabla `genero`
--

INSERT INTO `genero` (`ID_GENERO`, `NOMBRE_GENERO_ES`, `NOMBRE_GENERO_EN`, `NOMBRE_GENERO_PT`) VALUES
(1, 'Aventura gráfica', 'Graphic adventure', 'Aventura gráfica'),
(2, 'Estrategia', 'Strategy', 'Estratégia'),
(3, 'Musical', 'Musical', 'Musical'),
(4, 'Plataformas', 'Plataformer', 'Plataforma'),
(5, 'Rol', 'Role', 'Rol'),
(6, 'Automovilismo', 'Racing', 'Automobilismo'),
(7, 'Acción', 'Action', 'Ação'),
(8, 'Estrategia en tiempo', 'Realtime strategy', 'Estratégia em tempo '),
(9, 'Lucha', 'Fighting', 'Luta'),
(10, 'Otros', 'Others', 'Outros'),
(11, 'Puzle', 'Puzzle', 'Quebra-cabeças'),
(12, 'Juego de guerra', 'Wargames', 'jogos de guerra'),
(13, 'Disparos en tercera ', 'Third person shooter', 'Atirador em terceira'),
(14, 'Deportes', 'Sports', 'Desporto'),
(15, 'Realidad Virtual', 'Virtual reality', 'Realidade virtual'),
(16, 'Simulación', 'Simulation', 'Simulação'),
(17, 'Disparos en primera ', 'First-Person shooter', 'Atirador em primeira'),
(18, 'Vuelo', 'Flight', 'Voo'),
(19, 'Fiesta', 'Party', 'Festa'),
(20, 'Estrategia por turno', 'Turn-based strategy', 'Estratégia por turno');

-- --------------------------------------------------------

--
-- Estructura de tabla para la tabla `genero_videojuego`
--

CREATE TABLE `genero_videojuego` (
  `ID_VIDEOJUEGO` int(11) NOT NULL,
  `ID_GENERO` int(11) NOT NULL
) ENGINE=InnoDB DEFAULT CHARSET=utf8;

--
-- Volcado de datos para la tabla `genero_videojuego`
--

INSERT INTO `genero_videojuego` (`ID_VIDEOJUEGO`, `ID_GENERO`) VALUES
(1, 3),
(1, 4),
(1, 9),
(2, 14),
(2, 19),
(2, 20),
(3, 1),
(4, 4),
(4, 15),
(4, 19),
(5, 2),
(5, 19),
(6, 19),
(7, 7),
(7, 16),
(8, 13),
(8, 17),
(9, 8),
(9, 18),
(10, 2),
(10, 4),
(10, 16),
(11, 2),
(11, 5),
(11, 17),
(12, 2),
(12, 3),
(12, 9),
(13, 6),
(13, 13),
(13, 18),
(14, 2),
(15, 13),
(15, 14),
(15, 16),
(16, 4),
(16, 17),
(17, 11),
(18, 6),
(18, 16),
(19, 3),
(19, 7),
(20, 10),
(20, 17),
(20, 20),
(21, 3),
(21, 7),
(22, 20),
(23, 3),
(23, 9),
(24, 10),
(24, 15),
(24, 16),
(25, 13),
(26, 1),
(27, 12),
(27, 15),
(28, 15),
(28, 16),
(29, 2),
(29, 14),
(29, 16),
(30, 7),
(30, 12),
(31, 2),
(31, 13),
(32, 4),
(33, 10),
(33, 15),
(34, 2),
(34, 5),
(34, 10),
(35, 16),
(36, 7),
(36, 19),
(37, 2),
(37, 16),
(38, 14),
(38, 15),
(39, 8),
(39, 11),
(40, 15),
(41, 4),
(41, 5),
(41, 14),
(42, 9),
(42, 12),
(43, 1),
(43, 9),
(44, 1),
(44, 9),
(44, 16),
(45, 6),
(45, 16),
(45, 18),
(46, 9),
(46, 20),
(47, 13),
(47, 14),
(47, 16),
(48, 7),
(49, 10),
(49, 18),
(50, 14),
(50, 16),
(50, 20),
(51, 8),
(51, 11),
(51, 13),
(52, 4),
(52, 9),
(53, 4),
(53, 16),
(53, 20),
(54, 5),
(54, 8),
(55, 20),
(56, 19),
(57, 4),
(57, 9),
(57, 14),
(58, 6),
(58, 13),
(58, 16),
(59, 1),
(59, 5),
(59, 6),
(60, 7),
(60, 18),
(61, 14),
(62, 19),
(62, 20),
(63, 14),
(63, 15),
(64, 1),
(64, 6),
(64, 11),
(65, 8),
(65, 14),
(65, 16),
(66, 2),
(66, 3),
(66, 8),
(67, 2),
(68, 8),
(68, 11),
(68, 12),
(69, 1),
(69, 11),
(69, 17),
(70, 1),
(70, 7),
(70, 20),
(71, 11),
(71, 12),
(72, 1),
(72, 5),
(72, 19),
(73, 5),
(73, 16),
(73, 18),
(74, 16),
(74, 17),
(74, 19),
(75, 9),
(75, 10),
(75, 20),
(76, 1),
(76, 6),
(77, 2),
(77, 5),
(77, 11),
(78, 3),
(78, 11),
(78, 15),
(79, 9),
(80, 3),
(80, 12),
(80, 14),
(81, 19),
(82, 13),
(82, 14),
(82, 19),
(83, 7),
(84, 8),
(85, 4),
(85, 7),
(85, 13),
(86, 3),
(86, 17),
(87, 15),
(88, 16),
(89, 10),
(90, 18),
(91, 12),
(91, 14),
(91, 19),
(92, 9),
(92, 10),
(92, 11),
(93, 16),
(93, 18),
(94, 4),
(94, 11),
(94, 18),
(95, 11),
(95, 19),
(96, 6),
(97, 10),
(97, 12),
(97, 16),
(98, 3),
(98, 5),
(99, 16),
(99, 17),
(100, 4),
(101, 2),
(101, 3),
(101, 20),
(102, 10),
(102, 11),
(102, 16),
(103, 2),
(103, 3),
(103, 17),
(104, 1),
(104, 7),
(104, 20),
(105, 11),
(105, 15),
(106, 8),
(106, 9),
(106, 11),
(107, 7),
(107, 10),
(107, 17),
(108, 6),
(108, 10),
(108, 13),
(109, 20),
(110, 5),
(110, 13),
(111, 6),
(111, 17),
(111, 18),
(112, 6),
(113, 7),
(113, 12),
(113, 13),
(114, 20),
(115, 13),
(115, 14),
(115, 15),
(116, 19),
(116, 20),
(117, 1),
(117, 12),
(118, 2),
(118, 3),
(119, 4),
(119, 7),
(119, 8),
(120, 6),
(120, 7),
(120, 9),
(121, 7),
(121, 11),
(122, 1),
(122, 16),
(123, 3),
(123, 6),
(123, 11),
(124, 7),
(125, 16),
(126, 14),
(127, 1),
(127, 8),
(127, 10),
(128, 4),
(128, 9),
(128, 15),
(129, 1),
(130, 12),
(131, 1),
(132, 5),
(132, 15),
(132, 16),
(133, 4),
(133, 16),
(133, 18),
(134, 6),
(134, 12),
(135, 1),
(135, 6),
(135, 10),
(136, 3),
(136, 9),
(136, 10),
(137, 4),
(138, 14),
(139, 9),
(140, 19),
(141, 13),
(142, 4),
(143, 4),
(143, 18),
(144, 14),
(144, 16),
(144, 19),
(145, 7),
(145, 8),
(145, 16),
(146, 5),
(146, 17),
(146, 18),
(147, 8),
(147, 9),
(147, 19),
(148, 2),
(148, 10),
(148, 11),
(149, 3),
(149, 19),
(150, 6),
(150, 11),
(151, 4),
(151, 8),
(151, 17),
(152, 6),
(153, 11),
(154, 1),
(154, 4),
(154, 19),
(155, 12),
(155, 15),
(156, 1),
(156, 8),
(156, 9),
(157, 9),
(157, 10),
(158, 14),
(159, 18),
(160, 10),
(161, 5),
(162, 11),
(162, 20),
(163, 5),
(163, 8),
(163, 20),
(164, 2),
(164, 4),
(164, 9),
(165, 7),
(165, 10),
(165, 17),
(166, 8),
(166, 15),
(166, 16),
(167, 13),
(167, 15),
(168, 5),
(168, 6),
(168, 11),
(169, 4),
(169, 8),
(169, 10),
(170, 1),
(170, 2),
(170, 10),
(171, 7),
(171, 8),
(171, 10),
(172, 7),
(172, 10),
(173, 5),
(174, 2),
(174, 14),
(174, 17),
(175, 10),
(176, 2),
(176, 16),
(177, 12),
(177, 14),
(177, 18),
(178, 13),
(178, 20),
(179, 1),
(179, 14),
(179, 17),
(180, 1),
(181, 13),
(181, 17),
(182, 2),
(182, 11),
(183, 8),
(183, 20),
(184, 10),
(184, 16),
(185, 19),
(186, 5),
(186, 11),
(186, 18),
(187, 11),
(187, 16),
(188, 13),
(189, 2),
(189, 6),
(189, 15),
(190, 2),
(190, 17),
(191, 9),
(192, 1),
(192, 2),
(193, 10),
(194, 12),
(194, 13),
(194, 19),
(195, 16),
(196, 11),
(197, 9),
(197, 10),
(197, 11),
(198, 10),
(198, 11),
(199, 14),
(200, 6),
(201, 3),
(202, 5),
(202, 10),
(203, 7),
(204, 2),
(205, 9),
(206, 4),
(206, 11),
(206, 17),
(207, 15),
(208, 3),
(208, 18),
(209, 3),
(209, 16),
(210, 3),
(210, 16),
(211, 11),
(211, 14),
(212, 1),
(212, 6),
(212, 13),
(213, 7),
(213, 16),
(214, 12),
(215, 11),
(215, 12),
(216, 17),
(217, 17),
(218, 2),
(218, 6),
(218, 15),
(219, 5),
(220, 11),
(221, 11),
(221, 16),
(222, 19),
(223, 4),
(223, 7),
(223, 11),
(224, 6),
(224, 11),
(224, 17),
(225, 5),
(225, 8),
(225, 19),
(226, 6),
(226, 11),
(226, 12),
(227, 2),
(227, 6),
(228, 1),
(228, 20),
(229, 9),
(229, 14),
(229, 20),
(230, 7),
(231, 9),
(231, 13),
(232, 1),
(232, 2),
(232, 8),
(233, 3),
(233, 5),
(233, 6),
(234, 2),
(235, 2),
(235, 14),
(236, 12),
(236, 15),
(236, 18),
(237, 7),
(237, 8),
(238, 3),
(238, 5),
(238, 9),
(239, 8),
(239, 12),
(240, 6),
(240, 10),
(240, 14),
(241, 1),
(241, 17),
(242, 7),
(243, 6),
(244, 11),
(245, 6),
(245, 18),
(245, 20),
(246, 1),
(247, 15),
(248, 3),
(248, 10),
(248, 13),
(249, 4),
(249, 11),
(249, 14),
(250, 4),
(251, 11),
(251, 17),
(251, 20),
(252, 9),
(252, 12),
(253, 20),
(254, 11),
(254, 12),
(255, 8),
(255, 10),
(256, 2),
(256, 6),
(257, 7),
(257, 18),
(258, 2),
(258, 16),
(258, 20),
(259, 4),
(259, 5),
(260, 6),
(261, 14),
(262, 3),
(262, 10),
(262, 18),
(263, 10),
(263, 13),
(264, 4),
(265, 7),
(266, 15),
(267, 8),
(268, 20),
(269, 14),
(270, 8),
(270, 10),
(270, 16),
(271, 10),
(271, 15),
(272, 8),
(272, 9),
(272, 15),
(273, 20),
(274, 3),
(274, 4),
(274, 13),
(275, 8),
(276, 6),
(276, 10),
(277, 3),
(277, 6),
(277, 7),
(278, 11),
(279, 3),
(279, 4),
(279, 8),
(280, 5),
(280, 20),
(280, 21),
(281, 2),
(281, 8),
(281, 16),
(282, 13),
(282, 14),
(283, 1),
(283, 11),
(284, 2),
(285, 14),
(286, 4),
(286, 8),
(286, 20),
(287, 3),
(287, 12),
(288, 3),
(288, 17),
(289, 19),
(290, 9),
(290, 14),
(291, 4),
(291, 7),
(291, 9),
(292, 5),
(292, 10),
(292, 20),
(293, 12),
(294, 4),
(294, 11),
(294, 13),
(295, 3),
(295, 13),
(296, 1),
(296, 4),
(296, 13),
(297, 9),
(297, 14),
(297, 15),
(298, 19),
(299, 6),
(299, 15),
(299, 20),
(300, 11),
(300, 15),
(300, 17),
(301, 14),
(302, 6),
(302, 9),
(302, 19),
(303, 5),
(303, 16),
(304, 5),
(304, 7),
(304, 15),
(305, 10),
(305, 13),
(306, 2),
(306, 7),
(306, 8),
(307, 14),
(307, 20),
(308, 3),
(308, 17),
(309, 4),
(309, 12),
(310, 3),
(310, 9),
(310, 16),
(311, 7),
(311, 14),
(311, 17),
(312, 4),
(312, 11),
(312, 19),
(313, 13),
(314, 2),
(314, 5),
(314, 10),
(315, 12),
(315, 16),
(316, 18),
(317, 9),
(318, 10),
(318, 15),
(319, 3),
(319, 15),
(319, 17),
(320, 2),
(320, 3),
(320, 16),
(321, 4),
(321, 8),
(321, 13),
(322, 8),
(323, 17),
(323, 20),
(324, 11),
(324, 19),
(325, 4),
(325, 7),
(325, 14),
(326, 7),
(326, 8),
(326, 18),
(327, 7),
(327, 16),
(327, 17),
(328, 2),
(328, 8),
(328, 15),
(329, 10),
(329, 18),
(330, 10),
(330, 19),
(331, 9),
(331, 10),
(331, 11),
(332, 4),
(332, 10),
(333, 13),
(333, 18),
(334, 9),
(335, 4),
(335, 12),
(335, 19),
(336, 3),
(336, 4),
(336, 11),
(337, 11),
(337, 18),
(338, 4),
(338, 11),
(338, 18),
(339, 3),
(339, 15),
(339, 16),
(340, 3),
(340, 4),
(340, 17),
(341, 13),
(342, 5),
(342, 7),
(342, 18),
(343, 16),
(344, 7),
(345, 10),
(346, 3),
(346, 13),
(346, 14),
(347, 7),
(347, 9),
(348, 16),
(349, 12),
(350, 9),
(350, 14),
(351, 6),
(352, 9),
(352, 20),
(353, 2),
(353, 4),
(354, 19),
(355, 4),
(355, 5),
(355, 7),
(356, 10),
(356, 11),
(356, 20),
(357, 4),
(357, 12),
(357, 13),
(358, 17),
(358, 19),
(358, 20),
(359, 3),
(360, 7),
(360, 11),
(361, 8),
(362, 20),
(363, 8),
(364, 3),
(364, 4),
(364, 20),
(365, 6),
(365, 10),
(365, 18),
(366, 9),
(367, 6),
(367, 10),
(368, 4),
(368, 12),
(369, 17),
(370, 9),
(370, 11),
(371, 5),
(371, 6),
(371, 7),
(372, 5),
(372, 15),
(373, 4),
(373, 9),
(373, 17),
(374, 5),
(374, 12),
(375, 10),
(376, 10),
(377, 6),
(377, 14),
(377, 15),
(378, 5),
(378, 10),
(378, 14),
(379, 15),
(379, 18),
(380, 11),
(380, 19),
(381, 11),
(381, 16),
(381, 20),
(382, 5),
(382, 18),
(382, 19),
(383, 5),
(383, 12),
(384, 6),
(385, 8),
(385, 20),
(386, 15),
(387, 7),
(388, 2),
(388, 8),
(388, 16),
(389, 4),
(389, 6),
(390, 4),
(390, 6),
(391, 16),
(392, 14),
(392, 16),
(392, 17),
(393, 6),
(394, 1),
(395, 2),
(396, 8),
(397, 10),
(397, 19),
(398, 17),
(399, 14),
(399, 15),
(400, 5),
(401, 14),
(401, 15),
(401, 20),
(402, 17),
(402, 19),
(402, 20),
(403, 13),
(404, 3),
(404, 8),
(404, 15),
(405, 1),
(405, 2),
(405, 18),
(406, 9),
(406, 15),
(407, 8),
(407, 11),
(407, 16),
(408, 2),
(408, 5),
(409, 11),
(409, 15),
(409, 16),
(410, 13),
(410, 15),
(410, 17),
(411, 5),
(411, 11),
(411, 19),
(412, 18),
(413, 10),
(413, 19),
(413, 20),
(414, 13),
(414, 20),
(415, 4),
(416, 6),
(417, 15),
(418, 14),
(418, 18),
(418, 20),
(419, 2),
(419, 16),
(420, 2),
(420, 18),
(420, 20),
(421, 3),
(421, 9),
(422, 4),
(422, 18),
(423, 3),
(423, 5),
(424, 1),
(424, 6),
(424, 7),
(425, 5),
(425, 17),
(425, 18),
(426, 6),
(426, 8),
(426, 9),
(427, 3),
(427, 11),
(427, 12),
(428, 2),
(429, 1),
(429, 19),
(429, 20),
(430, 1),
(430, 7),
(430, 18),
(431, 6),
(431, 10),
(432, 11),
(432, 19),
(432, 20),
(433, 7),
(433, 20),
(434, 13),
(435, 16),
(435, 17),
(436, 6),
(436, 20),
(437, 5),
(437, 9),
(438, 17),
(439, 7),
(440, 5),
(440, 10),
(440, 15),
(441, 5),
(441, 6),
(442, 10),
(442, 11),
(442, 12),
(443, 2),
(443, 15),
(443, 17),
(444, 3),
(445, 11),
(445, 12),
(445, 13),
(446, 4),
(446, 9),
(447, 7),
(447, 9),
(448, 3),
(449, 3),
(449, 4),
(449, 9),
(450, 8),
(451, 2),
(451, 12),
(452, 4),
(452, 11),
(452, 18),
(453, 1),
(453, 9),
(454, 3),
(454, 15),
(454, 18),
(455, 12),
(456, 18),
(456, 20),
(457, 8),
(457, 14),
(458, 6),
(459, 7),
(460, 16),
(460, 20),
(461, 8),
(461, 11),
(462, 19),
(463, 2),
(464, 10),
(465, 15),
(466, 6),
(466, 7),
(467, 1),
(467, 16),
(468, 3),
(468, 5),
(468, 13),
(469, 7),
(469, 8),
(469, 17),
(470, 4),
(470, 6),
(470, 18),
(471, 1),
(471, 6),
(471, 14),
(472, 10),
(472, 20),
(473, 8),
(474, 11),
(475, 15),
(475, 19),
(476, 11),
(476, 13),
(476, 16),
(477, 15),
(478, 12),
(478, 15),
(478, 19),
(479, 7),
(480, 9),
(480, 10),
(480, 20),
(481, 8),
(481, 20),
(482, 2),
(482, 6),
(482, 20),
(483, 7),
(483, 14),
(483, 15),
(484, 4),
(484, 5),
(485, 5),
(485, 15),
(485, 19),
(486, 4),
(486, 6),
(486, 13),
(487, 17),
(488, 7),
(488, 8),
(489, 4),
(490, 8),
(490, 14),
(490, 19),
(491, 11),
(491, 13),
(492, 3),
(492, 12),
(493, 7),
(493, 10),
(493, 20),
(494, 12),
(494, 18),
(495, 6),
(495, 17),
(496, 4),
(496, 13),
(497, 13),
(497, 14),
(497, 15),
(498, 18),
(499, 1),
(499, 19),
(500, 12),
(500, 14),
(501, 10),
(502, 5),
(503, 10),
(503, 16),
(503, 17),
(504, 4),
(504, 12),
(504, 13),
(505, 18),
(506, 9),
(506, 17),
(507, 2),
(507, 6),
(507, 14),
(508, 13),
(508, 16),
(509, 7),
(509, 12),
(510, 13),
(511, 1),
(511, 10),
(512, 7),
(512, 9),
(512, 13),
(513, 7),
(513, 14),
(514, 1),
(514, 4),
(514, 14),
(515, 1),
(515, 10),
(515, 13),
(516, 1),
(516, 11),
(516, 12),
(517, 20),
(518, 11),
(518, 13),
(519, 14),
(520, 2),
(520, 5),
(521, 6),
(521, 13),
(522, 5),
(522, 8),
(522, 19),
(523, 2),
(523, 12),
(524, 7),
(524, 15),
(524, 16),
(525, 8),
(526, 6),
(526, 18),
(526, 19),
(527, 7),
(527, 9),
(527, 19),
(528, 9),
(528, 15),
(528, 20),
(529, 3),
(529, 8),
(530, 18),
(531, 11),
(532, 8),
(532, 11),
(532, 19),
(533, 1),
(533, 9),
(533, 10),
(534, 10),
(534, 12),
(534, 13),
(535, 9),
(535, 16),
(536, 1),
(536, 6),
(537, 4),
(537, 20),
(538, 19),
(539, 13),
(540, 3),
(540, 18),
(541, 1),
(542, 7),
(542, 13),
(542, 16),
(543, 7),
(543, 16),
(544, 11),
(544, 12),
(544, 18),
(545, 12),
(545, 13),
(546, 9),
(546, 10),
(546, 13),
(547, 4),
(547, 8),
(547, 20),
(548, 15),
(548, 16),
(548, 20),
(549, 17),
(549, 18),
(550, 18),
(551, 3),
(551, 8),
(551, 12),
(552, 16),
(553, 7),
(553, 11),
(554, 20),
(555, 14),
(555, 18),
(556, 4),
(556, 17),
(556, 18),
(557, 2),
(558, 12),
(559, 4),
(559, 17),
(560, 1),
(560, 10),
(561, 8),
(561, 10),
(561, 12),
(562, 7),
(562, 15),
(563, 2),
(563, 16),
(563, 19),
(564, 3),
(564, 9),
(564, 14),
(565, 11),
(565, 13),
(566, 12),
(566, 15),
(567, 2),
(568, 1),
(568, 5),
(568, 7),
(569, 8),
(569, 17),
(570, 3),
(570, 5),
(570, 13),
(571, 7),
(571, 9),
(571, 10),
(572, 12),
(572, 17),
(573, 10),
(574, 4),
(574, 18),
(574, 19),
(575, 11),
(575, 20),
(576, 17),
(577, 16),
(577, 20),
(578, 7),
(579, 4),
(580, 7),
(580, 14),
(581, 4),
(581, 5),
(581, 9),
(582, 4),
(582, 17),
(583, 9),
(584, 10),
(584, 18),
(585, 1),
(585, 3),
(585, 12),
(586, 1),
(586, 2),
(586, 17),
(587, 4),
(587, 5),
(588, 20),
(589, 3),
(590, 2),
(590, 3),
(590, 4),
(591, 8),
(591, 11),
(592, 9),
(592, 10),
(592, 16),
(593, 3),
(594, 1),
(594, 15),
(595, 11),
(595, 12),
(596, 13),
(597, 1),
(598, 1),
(598, 4),
(598, 11),
(599, 2),
(599, 9),
(600, 19),
(601, 2),
(601, 20),
(602, 1),
(603, 2),
(603, 7),
(603, 18),
(604, 10),
(604, 14),
(604, 18),
(605, 2),
(606, 7),
(606, 9),
(607, 12),
(607, 13),
(607, 17),
(608, 2),
(608, 15),
(609, 18),
(609, 20),
(610, 7),
(610, 11),
(610, 17),
(611, 2),
(611, 15),
(611, 20),
(612, 5),
(612, 17),
(613, 17),
(614, 7),
(614, 13),
(614, 14),
(615, 8),
(615, 11),
(615, 17),
(616, 8),
(616, 16),
(617, 20),
(618, 1),
(618, 15),
(618, 16),
(619, 5),
(619, 7),
(619, 8),
(620, 6),
(621, 18),
(622, 10),
(623, 12),
(623, 16),
(623, 17),
(624, 5),
(624, 15),
(625, 4),
(625, 15),
(626, 8),
(626, 11),
(626, 20),
(627, 9),
(628, 7),
(628, 15),
(629, 8),
(629, 14),
(630, 6),
(630, 19),
(630, 20),
(631, 3),
(631, 8),
(632, 1),
(633, 12),
(634, 1),
(634, 18),
(634, 20),
(635, 2),
(635, 3),
(636, 3),
(637, 1),
(637, 18),
(638, 6),
(638, 13),
(639, 6),
(640, 19),
(641, 20),
(642, 2),
(642, 8),
(643, 4),
(644, 6),
(644, 16),
(644, 17),
(645, 4),
(646, 9),
(646, 10),
(646, 11),
(647, 18),
(648, 17),
(649, 3),
(649, 10),
(649, 15),
(650, 11),
(651, 17),
(652, 6),
(652, 12),
(652, 18),
(653, 15),
(653, 20),
(654, 6),
(654, 10),
(654, 17),
(655, 14),
(655, 18),
(656, 12),
(656, 14),
(656, 16),
(657, 4),
(657, 7),
(658, 15),
(659, 16),
(660, 1),
(661, 8),
(661, 19),
(662, 2),
(662, 11),
(662, 20),
(663, 9),
(663, 18),
(664, 5),
(664, 9),
(665, 6),
(665, 9),
(665, 11),
(666, 5),
(666, 9),
(666, 20),
(667, 16),
(668, 18),
(669, 2),
(669, 12),
(669, 17),
(670, 10),
(670, 17),
(671, 4),
(671, 13),
(672, 1),
(673, 5),
(674, 12),
(675, 15),
(675, 17),
(676, 4),
(676, 17),
(676, 18),
(677, 1),
(677, 16),
(677, 17),
(678, 1),
(678, 13),
(678, 14),
(679, 10),
(680, 1),
(680, 12),
(681, 6),
(681, 17),
(682, 2),
(682, 3),
(682, 19),
(683, 4),
(684, 5),
(684, 18),
(684, 19),
(685, 13),
(685, 15),
(686, 5),
(687, 10),
(688, 4),
(688, 5),
(688, 8),
(689, 5),
(689, 7),
(689, 9),
(690, 4),
(690, 6),
(690, 19),
(691, 6),
(691, 7),
(692, 7),
(692, 13),
(693, 18),
(694, 5),
(695, 18),
(696, 17),
(697, 6),
(697, 7),
(698, 6),
(698, 7),
(698, 14),
(699, 7),
(699, 17),
(700, 2),
(700, 15),
(701, 1),
(701, 16),
(702, 7),
(703, 3),
(704, 6),
(704, 7),
(704, 8),
(705, 8),
(705, 18),
(705, 20),
(706, 6),
(706, 7),
(707, 2),
(708, 3),
(708, 17),
(709, 7),
(709, 13),
(709, 16),
(710, 3),
(710, 19),
(711, 1),
(711, 3),
(712, 8),
(713, 2),
(713, 14),
(713, 18),
(714, 8),
(715, 12),
(715, 14),
(716, 14),
(716, 20),
(717, 6),
(717, 18),
(718, 11),
(718, 12),
(719, 15),
(719, 18),
(720, 12),
(721, 10),
(721, 17),
(722, 17),
(723, 13),
(723, 16),
(723, 17),
(724, 12),
(724, 13),
(724, 16),
(725, 10),
(725, 11),
(726, 1),
(727, 10),
(727, 19),
(728, 9),
(728, 16),
(729, 8),
(729, 17),
(730, 1),
(731, 1),
(731, 2),
(731, 13),
(732, 2),
(732, 14),
(733, 6),
(733, 14),
(734, 2),
(734, 4),
(735, 6),
(736, 17),
(737, 5),
(737, 6),
(738, 9),
(738, 17),
(739, 5),
(740, 1),
(740, 9),
(741, 11),
(741, 20),
(742, 8),
(742, 9),
(743, 1),
(744, 1),
(744, 7),
(744, 12),
(745, 8),
(745, 13),
(745, 15),
(746, 14),
(746, 20),
(747, 8),
(747, 14),
(748, 7),
(748, 11),
(748, 15),
(749, 4),
(750, 2),
(750, 3),
(750, 7),
(751, 17),
(752, 1),
(752, 13),
(753, 3),
(754, 13),
(755, 6),
(755, 10),
(755, 18),
(756, 8),
(757, 18),
(758, 18),
(759, 18),
(760, 3),
(760, 9),
(761, 5),
(761, 7),
(761, 12),
(762, 11),
(762, 13),
(763, 19),
(764, 20),
(765, 7),
(765, 12),
(765, 19),
(766, 19),
(767, 15),
(767, 17),
(768, 16),
(769, 9),
(769, 11),
(769, 16),
(770, 6),
(771, 2),
(771, 3),
(771, 16),
(772, 1),
(772, 2),
(772, 6),
(773, 7),
(773, 15),
(773, 20),
(774, 19),
(775, 10),
(776, 4),
(776, 18),
(777, 13),
(777, 14),
(777, 20),
(778, 7),
(778, 15),
(778, 17),
(779, 5),
(779, 17),
(780, 8),
(780, 9),
(780, 19),
(781, 2),
(781, 5),
(781, 9),
(782, 6),
(782, 14),
(783, 7),
(783, 11),
(784, 9),
(784, 12),
(785, 1),
(785, 6),
(786, 4),
(787, 17),
(788, 20),
(789, 5),
(789, 17),
(790, 1),
(790, 4),
(790, 13),
(791, 9),
(791, 15),
(792, 9),
(792, 15),
(792, 18),
(793, 4),
(793, 6),
(793, 9),
(794, 8),
(795, 11),
(796, 5),
(796, 6),
(796, 16),
(797, 3),
(797, 20),
(798, 1),
(798, 19),
(799, 9),
(799, 16),
(800, 7),
(800, 10),
(800, 11),
(801, 3),
(801, 14),
(801, 17),
(802, 12),
(802, 16),
(803, 13),
(803, 17),
(804, 11),
(805, 9),
(805, 18),
(806, 10),
(806, 19),
(807, 1),
(807, 8),
(808, 7),
(809, 3),
(809, 14),
(810, 17),
(811, 8),
(811, 12),
(811, 13),
(812, 3),
(813, 5),
(814, 1),
(815, 5),
(815, 13),
(815, 17),
(816, 6),
(816, 15),
(816, 19),
(817, 7),
(817, 14),
(818, 7),
(818, 9),
(818, 11),
(819, 6),
(819, 8),
(819, 9),
(820, 2),
(820, 20),
(821, 4),
(821, 12),
(822, 2),
(822, 13),
(822, 18),
(823, 5),
(824, 11),
(825, 8),
(825, 10),
(826, 2),
(826, 3),
(826, 19),
(827, 9),
(827, 19),
(828, 7),
(828, 17),
(829, 1),
(829, 2),
(830, 9),
(831, 18),
(831, 20),
(832, 1),
(832, 5),
(832, 16),
(833, 13),
(833, 14),
(833, 15),
(834, 9),
(835, 4),
(835, 13),
(836, 1),
(836, 7),
(836, 9),
(837, 5),
(838, 6),
(838, 20),
(839, 1),
(839, 4),
(839, 7),
(840, 15),
(840, 20),
(841, 20),
(842, 16),
(843, 14),
(844, 12),
(844, 14),
(845, 8),
(846, 6),
(846, 17),
(847, 5),
(847, 17),
(847, 19),
(848, 9),
(848, 19),
(849, 10),
(849, 11),
(849, 15),
(850, 11),
(850, 12),
(851, 11),
(851, 19),
(852, 16),
(852, 17),
(853, 14),
(854, 15),
(854, 16),
(854, 17),
(855, 11),
(855, 17),
(856, 4),
(856, 15),
(856, 16),
(857, 2),
(857, 5),
(857, 12),
(858, 8),
(859, 4),
(859, 19),
(860, 3),
(860, 7),
(860, 8),
(861, 2),
(861, 12),
(861, 18),
(862, 2),
(863, 2),
(863, 3),
(863, 12),
(864, 3),
(864, 10),
(865, 1),
(865, 12),
(866, 2),
(866, 14),
(867, 17),
(868, 13),
(869, 20),
(870, 2),
(871, 1),
(871, 4),
(872, 10),
(873, 8),
(874, 13),
(874, 17),
(875, 4),
(875, 6),
(875, 14),
(876, 10),
(876, 19),
(877, 12),
(877, 17),
(878, 18),
(879, 19),
(880, 9),
(880, 11),
(880, 20),
(881, 2),
(881, 7),
(882, 10),
(882, 11),
(883, 6),
(883, 13),
(884, 20),
(885, 5),
(885, 14),
(885, 18),
(886, 12),
(887, 10),
(887, 16),
(888, 12),
(889, 8),
(890, 20),
(891, 1),
(891, 6),
(891, 7),
(892, 11),
(892, 13),
(892, 15),
(893, 10),
(893, 16),
(894, 6),
(895, 14),
(896, 4),
(896, 11),
(897, 13),
(898, 7),
(898, 11),
(898, 12),
(899, 17),
(900, 5),
(901, 4),
(901, 18),
(901, 19),
(902, 12),
(903, 12),
(903, 13),
(904, 12),
(905, 3),
(905, 7),
(906, 5),
(906, 18),
(906, 19),
(907, 13),
(908, 15),
(909, 20),
(909, 21),
(910, 2),
(910, 16),
(911, 1),
(911, 3),
(911, 9),
(912, 14),
(913, 13),
(914, 10),
(914, 11),
(914, 17),
(915, 2),
(916, 2),
(916, 5),
(917, 3),
(917, 4),
(917, 14),
(918, 17),
(918, 18),
(919, 12),
(919, 13),
(919, 19),
(920, 6),
(920, 11),
(921, 7),
(921, 12),
(921, 19),
(922, 19),
(923, 10),
(923, 18),
(924, 1),
(924, 14),
(925, 17),
(925, 18),
(925, 19),
(926, 8),
(927, 9),
(927, 10),
(928, 8),
(928, 14),
(928, 20),
(929, 3),
(929, 16),
(929, 19),
(930, 12),
(930, 15),
(931, 4),
(931, 5),
(931, 12),
(932, 14),
(933, 6),
(933, 12),
(934, 14),
(934, 18),
(935, 6),
(935, 13),
(936, 17),
(937, 14),
(938, 9),
(938, 10),
(938, 20),
(939, 2),
(939, 7),
(939, 11),
(940, 5),
(940, 19),
(941, 9),
(941, 19),
(942, 6),
(942, 9),
(942, 12),
(943, 3),
(943, 4),
(943, 6),
(944, 6),
(944, 7),
(944, 10),
(945, 3),
(945, 4),
(946, 12),
(946, 19),
(947, 8),
(947, 17),
(948, 6),
(948, 13),
(949, 4),
(949, 5),
(950, 6),
(950, 7),
(951, 7),
(951, 11),
(951, 20),
(952, 12),
(953, 2),
(953, 14),
(954, 1),
(954, 6),
(954, 9),
(955, 1),
(955, 2),
(955, 19),
(956, 10),
(956, 11),
(956, 20),
(957, 10),
(957, 14),
(958, 11),
(959, 10),
(959, 13),
(959, 20),
(960, 13),
(960, 14),
(960, 16),
(961, 6),
(961, 8),
(961, 9),
(962, 11),
(962, 15),
(963, 17),
(964, 9),
(964, 10),
(964, 11),
(965, 2),
(965, 7),
(965, 18),
(966, 9),
(967, 19),
(968, 1),
(968, 2),
(968, 8),
(969, 12),
(969, 16),
(970, 5),
(970, 17),
(970, 20),
(971, 5),
(971, 17),
(971, 20),
(972, 9),
(972, 10),
(972, 15),
(973, 5),
(973, 12),
(973, 14),
(974, 3),
(974, 17),
(975, 11),
(975, 17),
(975, 18),
(976, 11),
(977, 7),
(977, 20),
(978, 5),
(979, 1),
(979, 14),
(980, 3),
(980, 5),
(980, 18),
(981, 5),
(982, 20),
(983, 3),
(983, 18),
(984, 3),
(984, 6),
(984, 9),
(985, 17),
(985, 19),
(986, 10),
(986, 12),
(986, 18),
(987, 1),
(987, 6),
(988, 18),
(989, 9),
(989, 10),
(990, 10),
(991, 18),
(992, 7),
(992, 10),
(993, 2),
(993, 16),
(993, 19),
(994, 1),
(994, 19),
(995, 3),
(995, 7),
(996, 3),
(996, 5),
(996, 14),
(997, 3),
(997, 6),
(998, 4),
(999, 6),
(1000, 4),
(1000, 11),
(1000, 12),
(1001, 7),
(1001, 8),
(1001, 20),
(1002, 10),
(1003, 1),
(1003, 13),
(1004, 14),
(1004, 17),
(1005, 19),
(1006, 3),
(1006, 10),
(1007, 18),
(1007, 19),
(1008, 14),
(1008, 15),
(1008, 16),
(1009, 6),
(1009, 18),
(1010, 11),
(1010, 17),
(1010, 18),
(1011, 6),
(1012, 4),
(1012, 13),
(1013, 7),
(1013, 11),
(1013, 19),
(1014, 1),
(1014, 3),
(1014, 11),
(1015, 1),
(1015, 13),
(1015, 16),
(1016, 6),
(1017, 10),
(1018, 1),
(1018, 12),
(1018, 18),
(1019, 7),
(1019, 20),
(1020, 6),
(1020, 8),
(1021, 13),
(1022, 9),
(1023, 3),
(1023, 7),
(1023, 13),
(1024, 5),
(1024, 16),
(1024, 20),
(1025, 3),
(1026, 8),
(1026, 15),
(1027, 4),
(1027, 12),
(1028, 6),
(1028, 12),
(1028, 15),
(1029, 11),
(1030, 17),
(1031, 19),
(1032, 14),
(1033, 1),
(1033, 16),
(1033, 19),
(1034, 10),
(1035, 6),
(1035, 9),
(1035, 14),
(1036, 17),
(1037, 2),
(1037, 12),
(1038, 10),
(1038, 13),
(1038, 18),
(1039, 2),
(1039, 7),
(1039, 11),
(1040, 19),
(1041, 15),
(1042, 5),
(1042, 16),
(1043, 6),
(1043, 10),
(1043, 13),
(1044, 7),
(1044, 17),
(1045, 15),
(1045, 16),
(1045, 18),
(1046, 19),
(1047, 4),
(1048, 5),
(1048, 9),
(1048, 16),
(1049, 1),
(1049, 11),
(1049, 15),
(1050, 3),
(1051, 16),
(1052, 1),
(1052, 3),
(1052, 10),
(1053, 4),
(1053, 5),
(1053, 19),
(1054, 12),
(1055, 3),
(1055, 9),
(1056, 4),
(1056, 5),
(1057, 5),
(1057, 10),
(1057, 15),
(1058, 2),
(1058, 10),
(1058, 18),
(1059, 11),
(1059, 12),
(1060, 3),
(1060, 14),
(1061, 10),
(1061, 16),
(1062, 12),
(1062, 18),
(1063, 5),
(1063, 17),
(1064, 12),
(1065, 5),
(1066, 6),
(1066, 20),
(1067, 6),
(1067, 20),
(1068, 2),
(1068, 18),
(1069, 1),
(1070, 17),
(1070, 18),
(1071, 11),
(1071, 12),
(1071, 18),
(1072, 12),
(1072, 15),
(1073, 19),
(1074, 1),
(1074, 9),
(1074, 10),
(1075, 20),
(1076, 12),
(1077, 4),
(1077, 10),
(1077, 13),
(1078, 13),
(1079, 8),
(1079, 13),
(1080, 9),
(1080, 12),
(1080, 15),
(1081, 2),
(1081, 9),
(1081, 10),
(1082, 3),
(1082, 8),
(1082, 18),
(1083, 1),
(1084, 2),
(1084, 14),
(1085, 4),
(1085, 6),
(1086, 5),
(1086, 7),
(1086, 10),
(1087, 15),
(1088, 2),
(1088, 9),
(1088, 12),
(1089, 9),
(1090, 3),
(1090, 10),
(1090, 15),
(1091, 5),
(1091, 7),
(1092, 5),
(1092, 18),
(1093, 3),
(1093, 4),
(1094, 3),
(1094, 4),
(1094, 17),
(1095, 4),
(1095, 13),
(1095, 19),
(1096, 1),
(1097, 7),
(1097, 8),
(1097, 13),
(1098, 9),
(1099, 4),
(1099, 18),
(1100, 19),
(1101, 3),
(1101, 13),
(1102, 2),
(1102, 7),
(1103, 9),
(1104, 9),
(1104, 10),
(1104, 11),
(1105, 4),
(1105, 9),
(1105, 17),
(1106, 13),
(1107, 2),
(1108, 3),
(1108, 15),
(1108, 17),
(1109, 4),
(1109, 8),
(1109, 10),
(1110, 1),
(1110, 8),
(1110, 13),
(1111, 1),
(1112, 13),
(1112, 18),
(1113, 12),
(1113, 20),
(1114, 4),
(1114, 8),
(1115, 3),
(1115, 11),
(1115, 12),
(1116, 18),
(1117, 5),
(1117, 7),
(1118, 1),
(1118, 7),
(1118, 19),
(1119, 2),
(1119, 19),
(1120, 6),
(1120, 10),
(1120, 11),
(1121, 6),
(1121, 18),
(1122, 11),
(1122, 20),
(1123, 10),
(1123, 15),
(1123, 17),
(1124, 4),
(1124, 12),
(1125, 4),
(1125, 9),
(1126, 14),
(1126, 18),
(1126, 20),
(1127, 8),
(1127, 17),
(1127, 18),
(1128, 2),
(1129, 6),
(1130, 12),
(1130, 13),
(1130, 18),
(1131, 19),
(1132, 3),
(1132, 14),
(1133, 2),
(1133, 6),
(1133, 20),
(1134, 18),
(1134, 19),
(1135, 6),
(1135, 19),
(1136, 5),
(1136, 15),
(1136, 18),
(1137, 2),
(1137, 8),
(1138, 6),
(1139, 17),
(1139, 18),
(1140, 5),
(1140, 11),
(1140, 13),
(1141, 17),
(1142, 1),
(1142, 10),
(1143, 19),
(1144, 7),
(1145, 7),
(1145, 20),
(1146, 2),
(1146, 9),
(1147, 6),
(1147, 16),
(1147, 18),
(1148, 3),
(1148, 8),
(1148, 20),
(1149, 2),
(1149, 8),
(1150, 3),
(1150, 8),
(1150, 16),
(1151, 2),
(1151, 12),
(1151, 17),
(1152, 4),
(1152, 12),
(1152, 15),
(1153, 2),
(1153, 13),
(1153, 19),
(1154, 11),
(1154, 16),
(1155, 4),
(1156, 9),
(1156, 18),
(1156, 19),
(1157, 7),
(1157, 20),
(1158, 5),
(1158, 6),
(1158, 12),
(1159, 10),
(1159, 11),
(1159, 15),
(1160, 17),
(1160, 19),
(1161, 1),
(1161, 17),
(1162, 4),
(1162, 16),
(1162, 17),
(1163, 1),
(1163, 16),
(1164, 4),
(1164, 16),
(1164, 17),
(1165, 7),
(1166, 6),
(1166, 17),
(1166, 20),
(1167, 12),
(1167, 20),
(1168, 6),
(1168, 13),
(1169, 10),
(1170, 17),
(1170, 20),
(1171, 5),
(1171, 19),
(1172, 6),
(1172, 11),
(1173, 5),
(1173, 10),
(1173, 19),
(1174, 14),
(1174, 16),
(1175, 12),
(1176, 19),
(1177, 6),
(1177, 7),
(1177, 13),
(1178, 10),
(1178, 11),
(1179, 9),
(1180, 2),
(1180, 19),
(1181, 5),
(1182, 4),
(1182, 10),
(1182, 14),
(1183, 17),
(1183, 20),
(1184, 12),
(1185, 16),
(1186, 9),
(1186, 18),
(1187, 8),
(1187, 18),
(1188, 18),
(1188, 19),
(1188, 20),
(1189, 1),
(1189, 2),
(1189, 10),
(1190, 10),
(1191, 4),
(1192, 2),
(1192, 8),
(1193, 5),
(1193, 6),
(1193, 7),
(1194, 14),
(1195, 17),
(1195, 20),
(1196, 7),
(1196, 12),
(1196, 15),
(1197, 3),
(1197, 11),
(1197, 17),
(1198, 10),
(1198, 12),
(1199, 10),
(1199, 19),
(1200, 18),
(1201, 2),
(1201, 3),
(1201, 11),
(1202, 9),
(1202, 13),
(1202, 20),
(1203, 3),
(1203, 6),
(1204, 14),
(1205, 17),
(1206, 16),
(1206, 17),
(1207, 10),
(1208, 3),
(1209, 8),
(1209, 14),
(1209, 19),
(1210, 3),
(1210, 12),
(1211, 6),
(1211, 16),
(1212, 1),
(1212, 9),
(1213, 4),
(1213, 17),
(1214, 11),
(1214, 13),
(1215, 8),
(1215, 10),
(1215, 18),
(1216, 5),
(1216, 12),
(1217, 20),
(1218, 10),
(1218, 18),
(1219, 7),
(1219, 12),
(1220, 10),
(1220, 15),
(1221, 10),
(1222, 2),
(1223, 4),
(1223, 13),
(1223, 14),
(1224, 9),
(1224, 10),
(1224, 17),
(1225, 1),
(1225, 5),
(1226, 5),
(1227, 12),
(1227, 13),
(1227, 18),
(1228, 6),
(1228, 7),
(1229, 4),
(1229, 16),
(1230, 1),
(1231, 10),
(1231, 14),
(1232, 6),
(1232, 8),
(1233, 8),
(1233, 20),
(1234, 6),
(1235, 7),
(1235, 17),
(1235, 18),
(1236, 1),
(1236, 5),
(1237, 3),
(1237, 11),
(1238, 5),
(1238, 6),
(1238, 14),
(1239, 2),
(1239, 3),
(1239, 13),
(1240, 12),
(1241, 2),
(1241, 14),
(1241, 19),
(1242, 1),
(1242, 11),
(1242, 13),
(1243, 19),
(1244, 17),
(1245, 3),
(1245, 8),
(1245, 10),
(1246, 6),
(1246, 9),
(1246, 20),
(1247, 5),
(1247, 6),
(1247, 15),
(1248, 3),
(1248, 20),
(1249, 11),
(1250, 13),
(1250, 14),
(1251, 3),
(1251, 4),
(1251, 20),
(1252, 9),
(1253, 12),
(1254, 2),
(1254, 4),
(1255, 5),
(1255, 10),
(1256, 9),
(1256, 10),
(1256, 20),
(1257, 14),
(1257, 18),
(1258, 2),
(1258, 16),
(1259, 1),
(1259, 10),
(1259, 20),
(1260, 1),
(1260, 20),
(1261, 7),
(1261, 9),
(1261, 18),
(1262, 5),
(1262, 6),
(1262, 7),
(1263, 8),
(1264, 10),
(1265, 9),
(1265, 10),
(1265, 18),
(1266, 11),
(1266, 17),
(1267, 16),
(1267, 18),
(1267, 19),
(1268, 16),
(1268, 20),
(1268, 21),
(1269, 3),
(1269, 13),
(1270, 3),
(1271, 4),
(1271, 9),
(1271, 15),
(1272, 10),
(1272, 17),
(1272, 19),
(1273, 14),
(1273, 15),
(1274, 12),
(1275, 2),
(1275, 17),
(1276, 4),
(1276, 15),
(1277, 14),
(1278, 5),
(1278, 18),
(1279, 2),
(1279, 12),
(1279, 19),
(1280, 1),
(1280, 12),
(1281, 11),
(1281, 20),
(1282, 8),
(1283, 9),
(1283, 11),
(1284, 6),
(1285, 4),
(1285, 18),
(1285, 20),
(1286, 5),
(1286, 8),
(1287, 7),
(1287, 16),
(1287, 17),
(1288, 1),
(1289, 10),
(1289, 11),
(1289, 18),
(1290, 20),
(1291, 3),
(1291, 6),
(1292, 2),
(1292, 7),
(1292, 18),
(1293, 18),
(1294, 4),
(1294, 17),
(1295, 9),
(1295, 13),
(1295, 14),
(1296, 1),
(1296, 19),
(1297, 13),
(1298, 1),
(1298, 10),
(1298, 13),
(1299, 6),
(1299, 12),
(1299, 14),
(1300, 9),
(1301, 4),
(1301, 18),
(1302, 4),
(1303, 16),
(1304, 4),
(1304, 14),
(1304, 18),
(1305, 1),
(1306, 7),
(1307, 11),
(1307, 18),
(1308, 2),
(1308, 3),
(1308, 15),
(1309, 2),
(1309, 4),
(1309, 15),
(1310, 11),
(1311, 17),
(1312, 3),
(1312, 9),
(1313, 4),
(1313, 19),
(1314, 11),
(1314, 16),
(1315, 4),
(1316, 2),
(1316, 5),
(1317, 2),
(1317, 6),
(1318, 10),
(1318, 13),
(1319, 5),
(1319, 6),
(1319, 14),
(1320, 13),
(1320, 19),
(1321, 3),
(1321, 14),
(1321, 18),
(1322, 1),
(1322, 15),
(1323, 19),
(1324, 3),
(1324, 13),
(1325, 9),
(1325, 13),
(1325, 19),
(1326, 1),
(1327, 3),
(1328, 6),
(1328, 13),
(1329, 15),
(1330, 15),
(1331, 4),
(1332, 20),
(1333, 16),
(1334, 14),
(1335, 11),
(1336, 7),
(1336, 10),
(1336, 18),
(1337, 9),
(1337, 14),
(1338, 12),
(1338, 15),
(1339, 1),
(1339, 8),
(1339, 13),
(1340, 11),
(1341, 8),
(1341, 15),
(1341, 16),
(1342, 19),
(1343, 9),
(1343, 13),
(1343, 15),
(1344, 8),
(1344, 19),
(1344, 20),
(1345, 14),
(1345, 17),
(1346, 14),
(1346, 18),
(1347, 7),
(1347, 20),
(1348, 15),
(1349, 11),
(1349, 16),
(1349, 19),
(1350, 12),
(1351, 1),
(1351, 3),
(1351, 13),
(1352, 8),
(1353, 9),
(1354, 16),
(1355, 17),
(1356, 8),
(1357, 7),
(1357, 9),
(1357, 10),
(1358, 7),
(1358, 9),
(1358, 18),
(1359, 9),
(1359, 13),
(1360, 13),
(1361, 6),
(1361, 7),
(1362, 7),
(1363, 16),
(1364, 4),
(1364, 9),
(1364, 10),
(1365, 4),
(1365, 19),
(1365, 20),
(1366, 11),
(1367, 6),
(1367, 11),
(1368, 13),
(1369, 2),
(1369, 15),
(1370, 3),
(1370, 11),
(1370, 12),
(1371, 4),
(1371, 5),
(1371, 20),
(1372, 1),
(1373, 19),
(1374, 5),
(1374, 8),
(1375, 9),
(1376, 4),
(1377, 11),
(1377, 15),
(1377, 17),
(1378, 13),
(1378, 16),
(1378, 19),
(1379, 11),
(1379, 14),
(1379, 18),
(1380, 2),
(1380, 13),
(1381, 4),
(1381, 14),
(1381, 16),
(1382, 13),
(1383, 10),
(1384, 5),
(1384, 20),
(1385, 6),
(1385, 8),
(1386, 6),
(1386, 14),
(1386, 20),
(1387, 3),
(1387, 8),
(1387, 13),
(1388, 6),
(1389, 8),
(1389, 11),
(1389, 12),
(1390, 11),
(1390, 12),
(1391, 2),
(1391, 12),
(1391, 16),
(1392, 12),
(1392, 13),
(1393, 14),
(1394, 11),
(1394, 16),
(1395, 12),
(1396, 4),
(1397, 5),
(1397, 16),
(1398, 6),
(1399, 18),
(1399, 19),
(1400, 18),
(1401, 4),
(1401, 14),
(1401, 15),
(1402, 20),
(1403, 12),
(1404, 5),
(1404, 19),
(1405, 18),
(1406, 9),
(1406, 19),
(1407, 3),
(1407, 13),
(1408, 6),
(1409, 18),
(1410, 1),
(1410, 4),
(1411, 11),
(1411, 13),
(1411, 16),
(1412, 1),
(1412, 2),
(1413, 4),
(1413, 14),
(1414, 9),
(1414, 20),
(1415, 6),
(1415, 10),
(1416, 18),
(1417, 10),
(1417, 11),
(1418, 5),
(1419, 2),
(1420, 10),
(1420, 11),
(1420, 20),
(1421, 17),
(1422, 6),
(1422, 7),
(1423, 3),
(1423, 10),
(1424, 9),
(1424, 13),
(1424, 16),
(1425, 19),
(1426, 8),
(1426, 11),
(1426, 17),
(1427, 2),
(1427, 4),
(1428, 20),
(1429, 3),
(1429, 9),
(1429, 19),
(1430, 8),
(1430, 14),
(1431, 7),
(1432, 3),
(1432, 4),
(1433, 14),
(1433, 15),
(1433, 18),
(1434, 6),
(1434, 7),
(1434, 19),
(1435, 19),
(1436, 4),
(1436, 10),
(1436, 15),
(1437, 17),
(1438, 7),
(1439, 15),
(1439, 16),
(1440, 2),
(1440, 12),
(1441, 9),
(1441, 18),
(1442, 9),
(1443, 2),
(1444, 17),
(1444, 18),
(1445, 18),
(1445, 19),
(1446, 6),
(1447, 8),
(1448, 1),
(1448, 17),
(1449, 20),
(1450, 1),
(1450, 3),
(1451, 12),
(1452, 1),
(1452, 11),
(1452, 13),
(1453, 5),
(1454, 3),
(1454, 8),
(1454, 18),
(1455, 10),
(1455, 13),
(1455, 15),
(1456, 4),
(1456, 5),
(1457, 2),
(1457, 5),
(1457, 16),
(1458, 2),
(1459, 5),
(1459, 6),
(1460, 8),
(1460, 18),
(1461, 15),
(1461, 20),
(1462, 10),
(1463, 17),
(1464, 5),
(1464, 16),
(1465, 5),
(1465, 13),
(1465, 17),
(1466, 7),
(1467, 1),
(1467, 2),
(1467, 12),
(1468, 6),
(1468, 9),
(1468, 20),
(1469, 17),
(1470, 20),
(1471, 17),
(1472, 2),
(1472, 9),
(1473, 9),
(1473, 14),
(1474, 2),
(1474, 5),
(1475, 4),
(1475, 20),
(1476, 7),
(1476, 12),
(1476, 13),
(1477, 15),
(1478, 19),
(1479, 16),
(1479, 19),
(1480, 4),
(1480, 12),
(1480, 20),
(1481, 16),
(1482, 1),
(1482, 14),
(1483, 2),
(1484, 13),
(1484, 15),
(1485, 2),
(1485, 7),
(1485, 19),
(1486, 1),
(1486, 8),
(1487, 6),
(1487, 10),
(1488, 6),
(1488, 13),
(1489, 2),
(1489, 6),
(1489, 14),
(1490, 5),
(1490, 18),
(1491, 10),
(1491, 17),
(1491, 19),
(1492, 10),
(1492, 14),
(1493, 3),
(1493, 11),
(1494, 7),
(1494, 14),
(1494, 18),
(1495, 7),
(1495, 9),
(1496, 2),
(1496, 12),
(1496, 20),
(1497, 12),
(1498, 15),
(1499, 6),
(1500, 2),
(1501, 4),
(1501, 11),
(1501, 14),
(1502, 7),
(1502, 10),
(1503, 3),
(1504, 14),
(1504, 18),
(1504, 19),
(1505, 8),
(1505, 18),
(1505, 19),
(1506, 7),
(1506, 14),
(1506, 20),
(1507, 11),
(1507, 12),
(1507, 17),
(1508, 3),
(1509, 15),
(1510, 7),
(1511, 2),
(1511, 15),
(1512, 1),
(1512, 2),
(1513, 2),
(1513, 5),
(1513, 8),
(1514, 16),
(1514, 20),
(1515, 6),
(1516, 4),
(1516, 14),
(1517, 12),
(1517, 20),
(1518, 2),
(1519, 6),
(1519, 11),
(1520, 19),
(1521, 3),
(1521, 11),
(1521, 20),
(1522, 10),
(1522, 15),
(1522, 18),
(1523, 2),
(1523, 14),
(1524, 14),
(1524, 15),
(1525, 7),
(1526, 6),
(1526, 13),
(1527, 4),
(1528, 16),
(1529, 3),
(1530, 15),
(1530, 16),
(1531, 5),
(1531, 9),
(1531, 15),
(1532, 3),
(1532, 10),
(1532, 13),
(1533, 4),
(1534, 6),
(1534, 7),
(1534, 11),
(1535, 6),
(1535, 20),
(1536, 16),
(1537, 12),
(1537, 20),
(1538, 2),
(1538, 11),
(1539, 10),
(1540, 8),
(1541, 13),
(1542, 8),
(1542, 16),
(1542, 19),
(1543, 15),
(1543, 19),
(1543, 20),
(1544, 7),
(1545, 13),
(1546, 10),
(1546, 15),
(1546, 17),
(1547, 18),
(1547, 19),
(1548, 2),
(1548, 4),
(1549, 8),
(1549, 11),
(1549, 12),
(1550, 3),
(1550, 6),
(1551, 3),
(1551, 10),
(1552, 11),
(1553, 3),
(1553, 4),
(1553, 16),
(1554, 10),
(1555, 2),
(1555, 8),
(1555, 14),
(1556, 11),
(1556, 12),
(1557, 1),
(1557, 15),
(1557, 17),
(1558, 4),
(1558, 8),
(1558, 18),
(1559, 1),
(1559, 3),
(1560, 12),
(1561, 13),
(1561, 16),
(1562, 4),
(1562, 10),
(1562, 12),
(1563, 13),
(1563, 15),
(1564, 4),
(1564, 12),
(1565, 1),
(1565, 12),
(1565, 15),
(1566, 16),
(1567, 15),
(1568, 2),
(1568, 8),
(1568, 16),
(1569, 2),
(1570, 19),
(1571, 16),
(1571, 17),
(1572, 1),
(1573, 5),
(1574, 11),
(1574, 16),
(1575, 1),
(1575, 6),
(1575, 15),
(1576, 12),
(1577, 2),
(1577, 3),
(1577, 19),
(1578, 12),
(1578, 19),
(1578, 20),
(1579, 19),
(1580, 9),
(1581, 14),
(1581, 15),
(1581, 19),
(1582, 3),
(1583, 15),
(1584, 15),
(1585, 20),
(1586, 1),
(1586, 8),
(1586, 10),
(1587, 13),
(1588, 12),
(1588, 18),
(1588, 19),
(1589, 6),
(1589, 9),
(1589, 20),
(1590, 4),
(1590, 11),
(1591, 18),
(1592, 7),
(1592, 18),
(1592, 19),
(1593, 10),
(1593, 14),
(1593, 17),
(1594, 15),
(1595, 9),
(1595, 15),
(1596, 1),
(1596, 3),
(1597, 8),
(1598, 17),
(1599, 4),
(1599, 14),
(1600, 8),
(1600, 14),
(1600, 19),
(1601, 2),
(1601, 19),
(1602, 6),
(1602, 10),
(1602, 15),
(1603, 8),
(1603, 9),
(1603, 10),
(1604, 1),
(1604, 6),
(1604, 19),
(1605, 4),
(1606, 4),
(1606, 8),
(1606, 10),
(1607, 16),
(1607, 17),
(1608, 15),
(1608, 17),
(1609, 5),
(1609, 17),
(1610, 1),
(1611, 19),
(1612, 7),
(1612, 20),
(1613, 3),
(1613, 8),
(1613, 20),
(1614, 5),
(1614, 8),
(1614, 14),
(1615, 6),
(1615, 18),
(1616, 19),
(1617, 13),
(1617, 16),
(1618, 6),
(1618, 15),
(1618, 18),
(1619, 4),
(1619, 9),
(1619, 12),
(1620, 13),
(1621, 7),
(1621, 18),
(1621, 19),
(1622, 1),
(1622, 15),
(1623, 1),
(1623, 8),
(1623, 17),
(1624, 4),
(1625, 2),
(1625, 4),
(1625, 15),
(1626, 3),
(1626, 11),
(1626, 13),
(1627, 6),
(1627, 11),
(1627, 19),
(1628, 4),
(1628, 5),
(1628, 12),
(1629, 1),
(1629, 10),
(1630, 12),
(1631, 10),
(1631, 13),
(1631, 14),
(1632, 11),
(1632, 18),
(1633, 12),
(1633, 13),
(1634, 3),
(1635, 1),
(1635, 2),
(1635, 20),
(1636, 6),
(1636, 19),
(1637, 14),
(1638, 1),
(1639, 13),
(1639, 16),
(1640, 20),
(1641, 2),
(1642, 3),
(1642, 7),
(1642, 17),
(1643, 7),
(1643, 12),
(1643, 13),
(1644, 11),
(1644, 15),
(1644, 16),
(1645, 2),
(1646, 16),
(1647, 11),
(1647, 17),
(1647, 19),
(1648, 10),
(1648, 18),
(1648, 19),
(1649, 18),
(1650, 1),
(1650, 10),
(1650, 18),
(1651, 6),
(1651, 9),
(1652, 1),
(1652, 9),
(1653, 7),
(1653, 15),
(1654, 4),
(1655, 14),
(1656, 3),
(1656, 8),
(1657, 2),
(1657, 7),
(1657, 9),
(1658, 3),
(1659, 1),
(1659, 4),
(1659, 18),
(1660, 2),
(1660, 4),
(1660, 7),
(1661, 2),
(1661, 8),
(1661, 9),
(1662, 20),
(1663, 11),
(1663, 20),
(1664, 3),
(1664, 11),
(1665, 4),
(1665, 10),
(1666, 11),
(1667, 1),
(1667, 17),
(1668, 8),
(1668, 9),
(1668, 10),
(1669, 7),
(1670, 16),
(1670, 17),
(1671, 12),
(1671, 13),
(1672, 7),
(1672, 14),
(1672, 15),
(1673, 2),
(1673, 5),
(1673, 20),
(1674, 1),
(1674, 5),
(1674, 9),
(1675, 15),
(1676, 2),
(1676, 3),
(1677, 5),
(1677, 20),
(1678, 7),
(1678, 8),
(1678, 10),
(1679, 6),
(1679, 9),
(1679, 11),
(1680, 8),
(1680, 18),
(1680, 20),
(1681, 19),
(1682, 12),
(1682, 14),
(1682, 19),
(1683, 6),
(1683, 17),
(1683, 19),
(1684, 4),
(1684, 8),
(1684, 19),
(1685, 8),
(1685, 14),
(1686, 13),
(1687, 2),
(1687, 5),
(1687, 16),
(1688, 5),
(1688, 10),
(1689, 12),
(1690, 4),
(1690, 9),
(1691, 14),
(1692, 13),
(1693, 5),
(1693, 14),
(1693, 19),
(1694, 13),
(1694, 19),
(1695, 5),
(1696, 10),
(1696, 11),
(1696, 18),
(1697, 14),
(1697, 18),
(1698, 6),
(1698, 11),
(1698, 13),
(1699, 2),
(1699, 17),
(1700, 9),
(1701, 10),
(1701, 13),
(1701, 19),
(1702, 11),
(1703, 12),
(1703, 17),
(1704, 9),
(1704, 15),
(1705, 2),
(1705, 14),
(1705, 16),
(1706, 4),
(1706, 9),
(1707, 2),
(1708, 4),
(1708, 5),
(1708, 18),
(1709, 1),
(1709, 6),
(1710, 5),
(1710, 10),
(1710, 12),
(1711, 1),
(1711, 11),
(1711, 20),
(1712, 7),
(1712, 9),
(1713, 10),
(1714, 10),
(1714, 19),
(1715, 4),
(1715, 7),
(1715, 16),
(1716, 11),
(1716, 19),
(1717, 19),
(1718, 1),
(1718, 2),
(1718, 14),
(1719, 8),
(1719, 14),
(1720, 2),
(1721, 20),
(1722, 7),
(1722, 15),
(1722, 16),
(1723, 19),
(1724, 15),
(1725, 10),
(1725, 12),
(1726, 2),
(1726, 7),
(1726, 18),
(1727, 8),
(1727, 9),
(1727, 10),
(1728, 3),
(1728, 9),
(1729, 13),
(1730, 15),
(1730, 16),
(1731, 14),
(1731, 19),
(1732, 6),
(1733, 1),
(1733, 7),
(1734, 1),
(1734, 12),
(1734, 14),
(1735, 2),
(1735, 17),
(1735, 19),
(1736, 16),
(1737, 12),
(1737, 19),
(1738, 13),
(1738, 15),
(1739, 4),
(1739, 5),
(1739, 8),
(1740, 11),
(1740, 17),
(1741, 2),
(1741, 8),
(1742, 7),
(1743, 20),
(1744, 20),
(1745, 5),
(1745, 13),
(1746, 12),
(1747, 5),
(1747, 7),
(1747, 15),
(1748, 7),
(1748, 13),
(1748, 15),
(1749, 5),
(1749, 11),
(1749, 20),
(1750, 6),
(1750, 19),
(1751, 2),
(1752, 1),
(1752, 7),
(1752, 8),
(1753, 11),
(1753, 17),
(1754, 8),
(1754, 10),
(1754, 14),
(1755, 12),
(1755, 19),
(1756, 11),
(1756, 12),
(1756, 16),
(1757, 8),
(1757, 12),
(1758, 4),
(1758, 5),
(1758, 8),
(1759, 3),
(1759, 9),
(1760, 3),
(1760, 6),
(1760, 9),
(1761, 4),
(1762, 6),
(1763, 10),
(1764, 9),
(1764, 19),
(1765, 14),
(1765, 15),
(1765, 19),
(1766, 13),
(1767, 12),
(1767, 18),
(1768, 6),
(1768, 11),
(1768, 14),
(1769, 4),
(1769, 13),
(1770, 5),
(1771, 2),
(1771, 8),
(1771, 13),
(1772, 2),
(1772, 3),
(1772, 4),
(1773, 1),
(1773, 19),
(1774, 5),
(1774, 15),
(1775, 2),
(1775, 3),
(1775, 11),
(1776, 11),
(1776, 19),
(1776, 20),
(1777, 14),
(1777, 15),
(1778, 8),
(1779, 2),
(1779, 17),
(1780, 3),
(1780, 13),
(1781, 10),
(1781, 18),
(1782, 19),
(1782, 20),
(1782, 21),
(1783, 4),
(1783, 12),
(1784, 1),
(1785, 8),
(1785, 17),
(1786, 12),
(1787, 18),
(1788, 20),
(1789, 12),
(1790, 3),
(1790, 6),
(1790, 9),
(1791, 5),
(1792, 11),
(1792, 19),
(1793, 18),
(1794, 4),
(1795, 6),
(1795, 9),
(1796, 6),
(1796, 12),
(1796, 20),
(1797, 11),
(1798, 11),
(1799, 1),
(1799, 4),
(1799, 6),
(1800, 19),
(1801, 9),
(1801, 10),
(1801, 11),
(1802, 2),
(1802, 4),
(1802, 5),
(1803, 8),
(1803, 20),
(1804, 10),
(1805, 7),
(1805, 8),
(1805, 19),
(1806, 7),
(1806, 20),
(1807, 11),
(1808, 12),
(1808, 13),
(1808, 17),
(1809, 16),
(1809, 17),
(1809, 20),
(1810, 9),
(1810, 14),
(1810, 17),
(1811, 12),
(1812, 10),
(1812, 18),
(1813, 1),
(1813, 8),
(1814, 12),
(1814, 15),
(1815, 2),
(1816, 11),
(1816, 14),
(1817, 8),
(1817, 17),
(1817, 19),
(1818, 12),
(1818, 13),
(1818, 15),
(1819, 16),
(1820, 16),
(1821, 2),
(1821, 13),
(1821, 18),
(1822, 10),
(1822, 15),
(1823, 3),
(1823, 4),
(1824, 8),
(1825, 18),
(1825, 20),
(1826, 1),
(1826, 14),
(1827, 5),
(1827, 14),
(1828, 20),
(1829, 4),
(1830, 1),
(1830, 16),
(1830, 17),
(1831, 6),
(1831, 8),
(1831, 11),
(1832, 11),
(1832, 14),
(1833, 1),
(1833, 5),
(1833, 14),
(1834, 1),
(1834, 6),
(1834, 18),
(1835, 9),
(1835, 19),
(1836, 14),
(1836, 15),
(1836, 19),
(1837, 4),
(1837, 7),
(1837, 14),
(1838, 7),
(1838, 10),
(1838, 14),
(1839, 18),
(1840, 5),
(1840, 20),
(1841, 10),
(1842, 2),
(1842, 3),
(1843, 5),
(1843, 12),
(1843, 18),
(1844, 6),
(1844, 8),
(1844, 15),
(1845, 16),
(1845, 20),
(1846, 19),
(1847, 14),
(1847, 18),
(1847, 20),
(1848, 8),
(1848, 9),
(1848, 11),
(1849, 2),
(1849, 8),
(1849, 17),
(1850, 1),
(1850, 6),
(1851, 7),
(1851, 10),
(1852, 20),
(1853, 14),
(1853, 16),
(1853, 19),
(1854, 14),
(1854, 15),
(1854, 17),
(1855, 1),
(1855, 18),
(1856, 16),
(1857, 12),
(1857, 16),
(1858, 5),
(1858, 8),
(1858, 19),
(1859, 1),
(1860, 18),
(1861, 2),
(1861, 3),
(1862, 2),
(1862, 4),
(1862, 12),
(1863, 4),
(1863, 14),
(1863, 20),
(1864, 1),
(1864, 4),
(1865, 9),
(1865, 13),
(1865, 16),
(1866, 8),
(1866, 15),
(1867, 14),
(1868, 2),
(1869, 5),
(1870, 20),
(1871, 5),
(1871, 7),
(1871, 19),
(1872, 1),
(1872, 14),
(1873, 4),
(1873, 5),
(1873, 18),
(1874, 4),
(1874, 8),
(1874, 12),
(1875, 8),
(1875, 12),
(1876, 1),
(1876, 12),
(1877, 11),
(1877, 17),
(1877, 19),
(1878, 17),
(1879, 7),
(1879, 17),
(1879, 19),
(1880, 1),
(1880, 7),
(1880, 11),
(1881, 16),
(1881, 18),
(1882, 2),
(1882, 9),
(1883, 15),
(1884, 5),
(1885, 1),
(1886, 12),
(1886, 13),
(1887, 18),
(1887, 19),
(1888, 8),
(1889, 5),
(1890, 5),
(1890, 10),
(1891, 3),
(1891, 13),
(1892, 7),
(1892, 16),
(1893, 15),
(1893, 19),
(1894, 19),
(1895, 7),
(1895, 8),
(1895, 13),
(1896, 12),
(1897, 8),
(1898, 4),
(1898, 11),
(1898, 19),
(1899, 5),
(1899, 8),
(1899, 15),
(1900, 2),
(1901, 13),
(1901, 15),
(1902, 9),
(1902, 18),
(1903, 10),
(1903, 11),
(1904, 3),
(1904, 5),
(1904, 19),
(1905, 5),
(1905, 7),
(1906, 8),
(1906, 15),
(1907, 5),
(1907, 16),
(1908, 2),
(1908, 20),
(1909, 12),
(1909, 14),
(1910, 6),
(1910, 12),
(1910, 20),
(1911, 16),
(1912, 1),
(1912, 10),
(1913, 7),
(1913, 17),
(1914, 14),
(1914, 15),
(1914, 17),
(1915, 3),
(1916, 13),
(1917, 15),
(1918, 9),
(1919, 12),
(1919, 16),
(1920, 13),
(1920, 15),
(1921, 20),
(1922, 10),
(1922, 11),
(1922, 20),
(1923, 16),
(1924, 5),
(1924, 7),
(1924, 12),
(1925, 6),
(1925, 20),
(1926, 17),
(1927, 2),
(1927, 12),
(1927, 19),
(1928, 2),
(1928, 4),
(1928, 9),
(1929, 12),
(1929, 17),
(1930, 6),
(1930, 15),
(1930, 17),
(1931, 17),
(1932, 4),
(1932, 8),
(1932, 18),
(1933, 12),
(1933, 16),
(1934, 3),
(1934, 6),
(1934, 10),
(1935, 6),
(1935, 9),
(1935, 12),
(1936, 13),
(1937, 12),
(1937, 19),
(1938, 17),
(1939, 3),
(1940, 8),
(1940, 14),
(1940, 20),
(1941, 1),
(1941, 7),
(1941, 8),
(1942, 9),
(1942, 19),
(1942, 20),
(1943, 10),
(1943, 12),
(1943, 15),
(1944, 2),
(1944, 8),
(1945, 17),
(1946, 4),
(1946, 18),
(1947, 6),
(1947, 7),
(1947, 16),
(1948, 6),
(1948, 9),
(1948, 10),
(1949, 2),
(1949, 5),
(1949, 13),
(1950, 9),
(1951, 3),
(1951, 5),
(1951, 20),
(1952, 9),
(1952, 20),
(1952, 21),
(1953, 10),
(1954, 1),
(1954, 5),
(1954, 18),
(1955, 2),
(1956, 8),
(1956, 11),
(1957, 7),
(1957, 19),
(1958, 18),
(1959, 10),
(1959, 15),
(1960, 11),
(1960, 13),
(1961, 5),
(1961, 15),
(1962, 1),
(1962, 13),
(1963, 4),
(1963, 5),
(1964, 10),
(1964, 20),
(1965, 13),
(1966, 1),
(1966, 3),
(1966, 7),
(1967, 15),
(1967, 16),
(1968, 10),
(1968, 13),
(1968, 20),
(1969, 13),
(1970, 3),
(1970, 4),
(1971, 19),
(1972, 12),
(1973, 5),
(1973, 7),
(1973, 13),
(1974, 13),
(1974, 15),
(1974, 16),
(1975, 4),
(1975, 14),
(1975, 18),
(1976, 14),
(1976, 17),
(1977, 8),
(1977, 9),
(1977, 12),
(1978, 14),
(1979, 1),
(1979, 2),
(1980, 2),
(1980, 15),
(1980, 17),
(1981, 14),
(1982, 6),
(1982, 14),
(1983, 11),
(1984, 7),
(1984, 11),
(1985, 12),
(1985, 16),
(1985, 17),
(1986, 9),
(1986, 13),
(1987, 13),
(1987, 14),
(1988, 8),
(1988, 11),
(1989, 5),
(1989, 14),
(1989, 16),
(1990, 6),
(1990, 9),
(1990, 16),
(1991, 11),
(1992, 11),
(1993, 19),
(1994, 12),
(1995, 12),
(1995, 19),
(1995, 20),
(1996, 2),
(1996, 4),
(1997, 10),
(1998, 6),
(1999, 3),
(1999, 11),
(1999, 19),
(2000, 2);

-- --------------------------------------------------------

--
-- Estructura de tabla para la tabla `lista_jugados`
--

CREATE TABLE `lista_jugados` (
  `ID_VIDEOJUEGO` int(11) NOT NULL,
  `ID_USUARIO` int(11) NOT NULL,
  `VALORACION` int(11) DEFAULT NULL
) ENGINE=InnoDB DEFAULT CHARSET=utf8;

-- --------------------------------------------------------

--
-- Estructura de tabla para la tabla `lista_pendientes`
--

CREATE TABLE `lista_pendientes` (
  `ID_VIDEOJUEGO` int(11) NOT NULL,
  `ID_USUARIO` int(11) NOT NULL
) ENGINE=InnoDB DEFAULT CHARSET=utf8;

-- --------------------------------------------------------

--
-- Estructura de tabla para la tabla `plataforma`
--

CREATE TABLE `plataforma` (
  `ID_PLATAFORMA` int(11) NOT NULL,
  `PLATAFORMA` varchar(20) NOT NULL
) ENGINE=InnoDB DEFAULT CHARSET=utf8;

--
-- Volcado de datos para la tabla `plataforma`
--

INSERT INTO `plataforma` (`ID_PLATAFORMA`, `PLATAFORMA`) VALUES
(1, 'Playstation 4'),
(2, 'Xbox One'),
(3, 'Nintendo DS'),
(4, 'Android'),
(5, 'WiiU'),
(6, 'Playstation 2'),
(7, 'DC'),
(8, 'Nintendo 64'),
(9, 'PC'),
(10, 'Switch'),
(11, 'Playstation 3'),
(12, 'iPhone'),
(13, 'Playstation VITA'),
(14, 'XBOX'),
(15, 'Game Boy Advance'),
(16, 'Nintendo Gamecube'),
(17, 'Nintendo 3DS'),
(18, 'XBOX 360'),
(19, 'Wii'),
(20, 'PSP'),
(21, 'Playstation X'),
(22, 'Super Nintendo'),
(23, 'NES'),
(24, 'Game Boy'),
(25, 'Sega Dreamcast'),
(26, 'Sega Mega Drive'),
(27, 'Game Boy Color'),
(28, 'Sega Saturn'),
(29, 'Atari 2600'),
(30, 'Sega Master System'),
(31, 'Atari 5200'),
(32, 'Oculus Go'),
(33, 'HTC VIVE'),
(34, 'Playstation VR');

-- --------------------------------------------------------

--
-- Estructura de tabla para la tabla `plataforma_videojuego`
--

CREATE TABLE `plataforma_videojuego` (
  `ID_VIDEOJUEGO` int(11) NOT NULL,
  `ID_PLATAFORMA` int(11) NOT NULL
) ENGINE=InnoDB DEFAULT CHARSET=utf8;

--
-- Volcado de datos para la tabla `plataforma_videojuego`
--

INSERT INTO `plataforma_videojuego` (`ID_VIDEOJUEGO`, `ID_PLATAFORMA`) VALUES
(1, 10),
(2, 9),
(2, 10),
(3, 18),
(3, 19),
(3, 21),
(3, 23),
(4, 1),
(5, 1),
(5, 5),
(5, 16),
(5, 21),
(6, 1),
(6, 7),
(6, 16),
(7, 1),
(7, 4),
(7, 14),
(7, 17),
(7, 19),
(8, 10),
(9, 6),
(9, 12),
(9, 13),
(9, 16),
(9, 21),
(10, 9),
(10, 18),
(10, 23),
(11, 1),
(11, 7),
(11, 18),
(11, 20),
(12, 7),
(12, 24),
(13, 2),
(13, 3),
(13, 4),
(13, 25),
(14, 17),
(14, 20),
(14, 24),
(15, 11),
(16, 3),
(16, 23),
(17, 2),
(17, 11),
(17, 17),
(17, 21),
(17, 24),
(18, 6),
(18, 21),
(18, 22),
(19, 3),
(19, 18),
(20, 1),
(20, 15),
(20, 20),
(20, 25),
(21, 17),
(21, 20),
(21, 22),
(22, 10),
(22, 15),
(22, 19),
(23, 11),
(23, 24),
(24, 5),
(24, 15),
(24, 20),
(24, 21),
(24, 23),
(25, 6),
(25, 7),
(25, 15),
(25, 22),
(25, 23),
(26, 3),
(26, 9),
(27, 11),
(27, 12),
(28, 14),
(28, 18),
(29, 21),
(30, 7),
(30, 8),
(30, 14),
(30, 24),
(31, 13),
(31, 15),
(31, 18),
(31, 24),
(32, 1),
(32, 3),
(32, 5),
(32, 7),
(32, 10),
(33, 2),
(33, 3),
(33, 18),
(34, 8),
(34, 24),
(35, 11),
(35, 13),
(35, 20),
(35, 22),
(35, 25),
(36, 2),
(36, 10),
(36, 17),
(36, 24),
(37, 1),
(37, 4),
(37, 5),
(37, 14),
(37, 17),
(38, 7),
(38, 17),
(38, 18),
(38, 20),
(38, 21),
(39, 10),
(40, 12),
(40, 25),
(41, 13),
(42, 20),
(43, 9),
(43, 11),
(43, 12),
(43, 15),
(43, 17),
(44, 2),
(44, 4),
(44, 11),
(44, 25),
(45, 11),
(45, 22),
(45, 23),
(46, 5),
(46, 13),
(46, 17),
(46, 22),
(47, 8),
(47, 9),
(47, 15),
(48, 1),
(48, 2),
(48, 3),
(48, 12),
(49, 12),
(49, 19),
(50, 22),
(51, 1),
(51, 16),
(52, 9),
(52, 15),
(52, 17),
(52, 25),
(53, 10),
(53, 17),
(53, 24),
(54, 20),
(54, 21),
(55, 3),
(55, 8),
(55, 9),
(55, 14),
(56, 2),
(56, 16),
(57, 7),
(57, 8),
(57, 12),
(57, 19),
(57, 25),
(58, 1),
(58, 10),
(58, 16),
(58, 18),
(58, 20),
(59, 8),
(59, 19),
(59, 22),
(59, 24),
(60, 7),
(60, 15),
(61, 8),
(61, 18),
(62, 5),
(62, 17),
(63, 2),
(63, 11),
(63, 13),
(63, 15),
(63, 23),
(64, 6),
(64, 11),
(64, 22),
(64, 23),
(64, 25),
(65, 20),
(66, 8),
(66, 13),
(66, 20),
(66, 23),
(67, 8),
(67, 9),
(67, 17),
(68, 13),
(68, 23),
(68, 25),
(69, 25),
(70, 2),
(70, 20),
(70, 21),
(70, 22),
(70, 23),
(71, 1),
(71, 3),
(71, 5),
(71, 9),
(71, 10),
(72, 23),
(73, 3),
(73, 7),
(73, 12),
(73, 23),
(74, 5),
(74, 6),
(74, 11),
(74, 18),
(74, 19),
(75, 4),
(75, 6),
(75, 9),
(75, 18),
(75, 19),
(76, 2),
(76, 15),
(76, 16),
(76, 22),
(77, 17),
(77, 24),
(77, 25),
(78, 9),
(78, 10),
(78, 12),
(78, 15),
(79, 5),
(79, 9),
(79, 11),
(79, 18),
(80, 3),
(80, 14),
(80, 15),
(80, 16),
(80, 24),
(81, 23),
(82, 2),
(82, 9),
(82, 12),
(82, 16),
(83, 6),
(83, 11),
(83, 15),
(83, 20),
(84, 6),
(84, 10),
(85, 6),
(85, 7),
(85, 8),
(85, 9),
(86, 16),
(86, 19),
(86, 21),
(87, 4),
(87, 9),
(87, 14),
(87, 17),
(87, 19),
(88, 13),
(88, 17),
(88, 20),
(89, 4),
(89, 13),
(89, 15),
(89, 18),
(89, 24),
(90, 9),
(91, 19),
(91, 20),
(91, 21),
(92, 16),
(92, 19),
(92, 23),
(93, 13),
(93, 17),
(93, 20),
(93, 22),
(93, 25),
(94, 2),
(94, 7),
(95, 16),
(95, 17),
(96, 4),
(96, 15),
(97, 8),
(97, 15),
(97, 25),
(98, 7),
(98, 11),
(98, 19),
(98, 23),
(99, 7),
(99, 12),
(99, 14),
(99, 23),
(99, 25),
(100, 13),
(100, 17),
(100, 18),
(101, 5),
(101, 11),
(101, 25),
(102, 8),
(102, 13),
(102, 15),
(102, 16),
(102, 20),
(103, 9),
(103, 11),
(103, 13),
(104, 12),
(104, 13),
(104, 14),
(104, 21),
(105, 2),
(105, 8),
(105, 12),
(106, 6),
(106, 16),
(106, 20),
(106, 22),
(107, 3),
(107, 5),
(107, 7),
(107, 11),
(107, 13),
(108, 3),
(108, 18),
(108, 21),
(108, 22),
(108, 23),
(109, 1),
(109, 24),
(110, 14),
(110, 22),
(110, 23),
(111, 5),
(111, 6),
(111, 9),
(111, 14),
(112, 6),
(112, 18),
(112, 19),
(112, 22),
(113, 4),
(113, 11),
(114, 1),
(114, 4),
(114, 8),
(114, 24),
(115, 18),
(116, 2),
(116, 14),
(117, 5),
(117, 8),
(117, 17),
(117, 18),
(117, 24),
(118, 16),
(119, 8),
(119, 15),
(119, 19),
(120, 5),
(120, 7),
(120, 10),
(120, 18),
(121, 8),
(122, 2),
(122, 3),
(122, 4),
(122, 20),
(122, 22),
(123, 19),
(123, 25),
(124, 7),
(124, 8),
(125, 5),
(125, 6),
(125, 12),
(125, 22),
(126, 4),
(126, 7),
(126, 23),
(126, 24),
(127, 3),
(127, 9),
(127, 10),
(127, 14),
(127, 15),
(128, 20),
(129, 1),
(129, 6),
(129, 15),
(129, 16),
(129, 17),
(130, 7),
(130, 22),
(131, 8),
(131, 9),
(131, 12),
(131, 13),
(131, 22),
(132, 4),
(132, 13),
(132, 14),
(132, 16),
(132, 18),
(133, 8),
(133, 9),
(133, 10),
(133, 20),
(134, 21),
(134, 22),
(134, 24),
(135, 5),
(135, 7),
(135, 9),
(136, 13),
(136, 14),
(136, 18),
(137, 1),
(137, 2),
(137, 10),
(137, 21),
(138, 11),
(138, 23),
(139, 9),
(139, 16),
(139, 17),
(139, 22),
(139, 23),
(140, 6),
(140, 18),
(140, 25),
(141, 8),
(142, 5),
(142, 18),
(143, 4),
(143, 8),
(143, 25),
(144, 2),
(144, 9),
(144, 17),
(144, 22),
(144, 25),
(145, 21),
(146, 22),
(147, 3),
(148, 24),
(149, 11),
(149, 16),
(149, 22),
(149, 23),
(150, 13),
(151, 5),
(151, 9),
(151, 12),
(151, 13),
(152, 13),
(152, 14),
(152, 21),
(153, 14),
(153, 16),
(153, 20),
(154, 4),
(154, 6),
(154, 11),
(155, 7),
(156, 7),
(156, 9),
(157, 1),
(157, 3),
(157, 12),
(158, 4),
(158, 17),
(159, 4),
(159, 12),
(159, 22),
(159, 23),
(160, 5),
(160, 20),
(160, 21),
(161, 8),
(161, 24),
(162, 3),
(162, 4),
(162, 9),
(163, 6),
(163, 7),
(163, 10),
(163, 21),
(164, 5),
(164, 6),
(164, 9),
(164, 18),
(165, 17),
(165, 18),
(165, 24),
(166, 7),
(166, 9),
(166, 10),
(166, 20),
(167, 12),
(167, 23),
(168, 7),
(168, 12),
(168, 16),
(169, 2),
(169, 9),
(169, 15),
(169, 18),
(169, 23),
(170, 6),
(170, 13),
(170, 15),
(171, 2),
(171, 14),
(171, 25),
(172, 16),
(173, 12),
(173, 15),
(173, 17),
(173, 21),
(173, 24),
(174, 2),
(174, 8),
(174, 11),
(175, 1),
(175, 3),
(175, 17),
(176, 5),
(176, 14),
(176, 20),
(177, 17),
(177, 18),
(177, 24),
(178, 5),
(178, 7),
(178, 9),
(178, 22),
(178, 25),
(179, 8),
(179, 18),
(179, 21),
(179, 22),
(179, 25),
(180, 4),
(180, 6),
(180, 11),
(180, 14),
(180, 23),
(181, 1),
(181, 8),
(181, 13),
(181, 16),
(182, 5),
(182, 18),
(183, 2),
(183, 14),
(183, 18),
(183, 20),
(183, 21),
(184, 21),
(184, 22),
(185, 11),
(185, 18),
(185, 19),
(185, 25),
(186, 1),
(186, 4),
(186, 14),
(186, 17),
(186, 24),
(187, 2),
(187, 10),
(187, 15),
(187, 19),
(187, 23),
(188, 5),
(188, 6),
(188, 8),
(189, 5),
(189, 7),
(189, 11),
(189, 19),
(189, 20),
(190, 2),
(190, 9),
(190, 11),
(190, 12),
(190, 23),
(191, 10),
(191, 11),
(192, 2),
(192, 3),
(192, 23),
(192, 24),
(193, 8),
(194, 24),
(195, 5),
(195, 14),
(195, 24),
(196, 18),
(196, 19),
(196, 20),
(196, 21),
(197, 3),
(197, 4),
(197, 9),
(197, 18),
(197, 21),
(198, 1),
(198, 22),
(199, 6),
(199, 18),
(199, 22),
(199, 25),
(199, 26),
(200, 10),
(200, 12),
(200, 15),
(201, 1),
(201, 10),
(201, 20),
(202, 11),
(202, 13),
(202, 14),
(202, 21),
(202, 25),
(203, 14),
(204, 7),
(204, 9),
(204, 10),
(204, 22),
(204, 25),
(205, 18),
(206, 1),
(206, 6),
(206, 9),
(206, 20),
(206, 22),
(207, 2),
(207, 3),
(207, 7),
(207, 14),
(208, 3),
(208, 14),
(208, 22),
(209, 11),
(209, 15),
(209, 22),
(209, 24),
(210, 11),
(210, 15),
(210, 19),
(210, 22),
(210, 24),
(211, 6),
(211, 10),
(211, 13),
(211, 18),
(211, 22),
(212, 7),
(212, 17),
(212, 19),
(213, 6),
(213, 17),
(213, 18),
(213, 21),
(213, 23),
(214, 15),
(214, 17),
(215, 8),
(215, 12),
(215, 24),
(216, 6),
(216, 7),
(216, 11),
(216, 14),
(217, 1),
(217, 2),
(217, 17),
(217, 19),
(217, 23),
(218, 5),
(219, 4),
(219, 10),
(220, 3),
(220, 4),
(220, 9),
(220, 16),
(221, 24),
(221, 25),
(222, 6),
(223, 8),
(223, 21),
(224, 3),
(224, 7),
(224, 22),
(224, 25),
(225, 4),
(225, 14),
(225, 16),
(225, 17),
(226, 2),
(226, 3),
(227, 4),
(227, 13),
(227, 18),
(228, 20),
(229, 14),
(229, 24),
(230, 13),
(230, 14),
(230, 15),
(230, 21),
(230, 22),
(231, 3),
(231, 10),
(231, 13),
(231, 21),
(232, 4),
(232, 25),
(233, 6),
(233, 11),
(233, 16),
(233, 17),
(233, 25),
(234, 18),
(234, 22),
(235, 12),
(235, 20),
(235, 25),
(236, 2),
(236, 6),
(236, 13),
(237, 19),
(237, 22),
(238, 1),
(238, 3),
(238, 17),
(238, 20),
(238, 21),
(239, 1),
(239, 7),
(239, 16),
(239, 18),
(239, 21),
(240, 3),
(240, 9),
(240, 10),
(240, 19),
(240, 23),
(241, 14),
(241, 15),
(241, 25),
(242, 4),
(242, 21),
(242, 23),
(242, 24),
(243, 20),
(244, 19),
(244, 22),
(244, 23),
(245, 8),
(245, 11),
(245, 13),
(245, 18),
(245, 19),
(246, 6),
(246, 10),
(246, 14),
(246, 18),
(246, 25),
(247, 8),
(247, 12),
(247, 14),
(247, 18),
(248, 11),
(248, 18),
(248, 25),
(249, 20),
(249, 25),
(250, 3),
(250, 17),
(250, 21),
(251, 2),
(251, 19),
(251, 22),
(251, 25),
(252, 19),
(252, 21),
(252, 23),
(253, 2),
(253, 9),
(253, 18),
(253, 21),
(254, 4),
(255, 4),
(255, 11),
(255, 17),
(255, 24),
(255, 25),
(256, 2),
(256, 3),
(256, 4),
(256, 15),
(257, 8),
(257, 15),
(257, 18),
(257, 21),
(258, 1),
(258, 6),
(258, 11),
(259, 5),
(259, 6),
(259, 14),
(259, 20),
(260, 9),
(261, 2),
(261, 18),
(262, 1),
(262, 9),
(262, 15),
(262, 17),
(263, 1),
(263, 23),
(263, 25),
(264, 5),
(264, 23),
(265, 4),
(265, 7),
(265, 13),
(265, 23),
(266, 10),
(266, 11),
(266, 18),
(266, 23),
(267, 19),
(267, 23),
(267, 24),
(268, 5),
(268, 13),
(268, 14),
(269, 12),
(269, 24),
(270, 9),
(270, 18),
(271, 10),
(272, 2),
(272, 16),
(272, 17),
(273, 5),
(273, 17),
(273, 20),
(273, 24),
(274, 3),
(275, 5),
(275, 9),
(275, 12),
(275, 16),
(276, 22),
(277, 6),
(277, 11),
(277, 12),
(277, 15),
(277, 24),
(278, 2),
(278, 10),
(278, 15),
(278, 18),
(278, 19),
(279, 5),
(279, 13),
(279, 19),
(279, 20),
(279, 21),
(280, 9),
(280, 10),
(280, 11),
(280, 21),
(281, 9),
(282, 5),
(282, 10),
(282, 16),
(282, 23),
(283, 3),
(284, 2),
(284, 20),
(285, 8),
(285, 12),
(286, 14),
(286, 22),
(287, 8),
(287, 13),
(288, 1),
(288, 16),
(288, 24),
(289, 8),
(289, 21),
(289, 22),
(289, 23),
(290, 17),
(290, 18),
(291, 3),
(291, 21),
(292, 6),
(292, 14),
(292, 21),
(292, 22),
(293, 6),
(293, 7),
(293, 8),
(293, 14),
(293, 17),
(294, 7),
(294, 14),
(294, 15),
(294, 16),
(295, 2),
(295, 22),
(296, 1),
(296, 10),
(297, 4),
(297, 6),
(297, 13),
(298, 2),
(298, 3),
(298, 6),
(298, 19),
(298, 21),
(299, 15),
(299, 24),
(300, 2),
(300, 22),
(301, 4),
(301, 13),
(301, 25),
(301, 26),
(302, 2),
(302, 11),
(302, 18),
(302, 19),
(303, 11),
(304, 9),
(304, 16),
(305, 6),
(305, 8),
(305, 22),
(305, 24),
(306, 10),
(306, 14),
(306, 16),
(306, 17),
(307, 2),
(307, 15),
(307, 17),
(308, 5),
(308, 16),
(308, 18),
(308, 21),
(309, 5),
(309, 9),
(309, 12),
(309, 17),
(309, 19),
(310, 6),
(310, 15),
(310, 17),
(310, 19),
(311, 7),
(312, 12),
(313, 1),
(313, 4),
(313, 6),
(313, 16),
(313, 22),
(314, 6),
(314, 18),
(314, 24),
(315, 4),
(315, 13),
(315, 22),
(316, 12),
(316, 15),
(316, 22),
(317, 6),
(317, 18),
(318, 5),
(318, 11),
(318, 13),
(318, 19),
(318, 22),
(319, 1),
(319, 6),
(319, 7),
(319, 20),
(320, 17),
(320, 22),
(320, 23),
(321, 6),
(321, 10),
(321, 12),
(322, 14),
(323, 7),
(323, 8),
(324, 10),
(324, 14),
(324, 15),
(324, 23),
(325, 4),
(325, 10),
(325, 12),
(326, 1),
(327, 14),
(328, 1),
(328, 2),
(329, 16),
(330, 1),
(330, 14),
(330, 15),
(331, 10),
(331, 12),
(332, 10),
(332, 14),
(333, 13),
(333, 15),
(334, 8),
(334, 10),
(334, 15),
(334, 16),
(334, 24),
(335, 2),
(335, 6),
(335, 7),
(335, 12),
(335, 24),
(336, 4),
(337, 6),
(337, 7),
(337, 9),
(337, 13),
(338, 5),
(338, 8),
(338, 14),
(338, 15),
(338, 18),
(339, 12),
(340, 1),
(340, 13),
(340, 20),
(340, 21),
(340, 25),
(341, 1),
(341, 22),
(342, 2),
(342, 6),
(342, 8),
(342, 21),
(343, 3),
(343, 17),
(343, 20),
(344, 2),
(344, 8),
(344, 13),
(344, 17),
(345, 16),
(345, 19),
(346, 3),
(346, 4),
(346, 8),
(346, 21),
(346, 25),
(347, 3),
(347, 22),
(347, 23),
(348, 4),
(348, 19),
(349, 8),
(349, 9),
(349, 16),
(350, 3),
(350, 18),
(350, 19),
(351, 2),
(351, 3),
(351, 17),
(351, 20),
(352, 9),
(352, 11),
(352, 14),
(352, 15),
(352, 19),
(353, 18),
(353, 24),
(354, 23),
(354, 25),
(355, 14),
(356, 14),
(357, 5),
(358, 4),
(358, 20),
(358, 24),
(359, 15),
(359, 18),
(359, 20),
(359, 21),
(359, 23),
(360, 5),
(361, 1),
(361, 9),
(361, 13),
(361, 23),
(362, 11),
(362, 12),
(363, 8),
(363, 13),
(364, 19),
(364, 20),
(365, 3),
(365, 9),
(365, 21),
(366, 4),
(366, 23),
(367, 1),
(367, 7),
(367, 9),
(367, 14),
(368, 7),
(369, 3),
(369, 7),
(369, 11),
(369, 15),
(369, 16),
(370, 6),
(370, 13),
(370, 15),
(370, 20),
(371, 2),
(371, 8),
(371, 10),
(371, 16),
(371, 21),
(372, 7),
(372, 22),
(373, 12),
(373, 16),
(373, 19),
(374, 2),
(374, 5),
(374, 7),
(375, 3),
(375, 21),
(375, 25),
(376, 11),
(377, 3),
(377, 19),
(377, 21),
(377, 22),
(378, 7),
(378, 14),
(379, 3),
(379, 7),
(379, 13),
(379, 16),
(380, 9),
(381, 5),
(381, 11),
(381, 20),
(382, 17),
(383, 11),
(383, 23),
(384, 19),
(385, 9),
(385, 22),
(386, 1),
(386, 13),
(386, 18),
(386, 22),
(386, 23),
(387, 14),
(387, 20),
(387, 21),
(387, 22),
(388, 5),
(388, 14),
(388, 16),
(388, 22),
(388, 23),
(389, 9),
(389, 19),
(389, 25),
(390, 6),
(390, 12),
(390, 18),
(390, 19),
(390, 20),
(391, 2),
(391, 10),
(391, 17),
(391, 24),
(392, 1),
(392, 10),
(392, 16),
(392, 22),
(393, 11),
(394, 17),
(394, 20),
(394, 22),
(395, 15),
(395, 17),
(396, 7),
(396, 8),
(396, 12),
(396, 16),
(396, 24),
(397, 7),
(397, 9),
(397, 14),
(397, 15),
(397, 24),
(398, 12),
(398, 15),
(398, 21),
(399, 24),
(400, 10),
(400, 20),
(400, 22),
(401, 2),
(401, 23),
(401, 25),
(401, 26),
(402, 3),
(402, 9),
(402, 14),
(402, 15),
(402, 22),
(403, 3),
(404, 4),
(404, 8),
(404, 13),
(404, 24),
(405, 14),
(405, 21),
(405, 23),
(405, 25),
(406, 5),
(406, 8),
(406, 9),
(406, 12),
(406, 21),
(407, 6),
(407, 13),
(407, 15),
(407, 22),
(407, 25),
(408, 3),
(408, 4),
(408, 5),
(408, 17),
(408, 20),
(409, 7),
(409, 9),
(409, 10),
(409, 20),
(409, 21),
(410, 3),
(411, 6),
(411, 7),
(411, 9),
(411, 10),
(411, 20),
(412, 14),
(412, 18),
(413, 1),
(413, 8),
(413, 13),
(413, 15),
(413, 18),
(414, 7),
(414, 9),
(414, 17),
(415, 3),
(415, 10),
(415, 19),
(416, 7),
(416, 8),
(416, 10),
(416, 19),
(416, 25),
(417, 18),
(417, 21),
(418, 13),
(418, 20),
(419, 16),
(419, 18),
(420, 9),
(420, 22),
(420, 24),
(421, 3),
(421, 9),
(421, 18),
(421, 19),
(421, 23),
(422, 1),
(423, 9),
(423, 19),
(424, 18),
(425, 12),
(426, 11),
(426, 13),
(426, 18),
(426, 20),
(426, 25),
(427, 2),
(427, 10),
(427, 14),
(427, 20),
(428, 13),
(428, 20),
(428, 25),
(429, 22),
(430, 3),
(431, 10),
(431, 25),
(432, 2),
(432, 8),
(432, 9),
(432, 20),
(432, 22),
(433, 2),
(433, 17),
(433, 23),
(433, 25),
(434, 19),
(435, 3),
(435, 18),
(436, 14),
(436, 16),
(436, 19),
(436, 20),
(437, 2),
(437, 16),
(438, 4),
(438, 16),
(438, 19),
(438, 22),
(439, 7),
(439, 8),
(439, 18),
(439, 20),
(440, 11),
(440, 14),
(440, 15),
(440, 18),
(441, 4),
(441, 9),
(441, 10),
(441, 12),
(441, 19),
(442, 4),
(442, 9),
(442, 11),
(442, 12),
(443, 6),
(443, 12),
(443, 13),
(443, 20),
(444, 2),
(444, 11),
(444, 18),
(444, 21),
(444, 22),
(445, 24),
(446, 1),
(446, 2),
(446, 9),
(446, 20),
(446, 24),
(447, 2),
(447, 11),
(447, 21),
(448, 15),
(448, 25),
(449, 1),
(449, 7),
(449, 8),
(449, 11),
(449, 24),
(450, 7),
(450, 24),
(451, 5),
(451, 6),
(451, 12),
(451, 13),
(451, 25),
(452, 7),
(452, 8),
(452, 25),
(453, 10),
(454, 3),
(454, 24),
(455, 14),
(456, 10),
(456, 12),
(456, 17),
(456, 23),
(456, 25),
(457, 6),
(457, 14),
(457, 16),
(457, 20),
(458, 3),
(458, 22),
(458, 25),
(459, 21),
(460, 5),
(460, 15),
(461, 1),
(461, 2),
(461, 5),
(462, 23),
(463, 6),
(463, 18),
(463, 23),
(464, 4),
(464, 5),
(464, 21),
(464, 22),
(465, 4),
(465, 5),
(465, 6),
(466, 23),
(467, 7),
(467, 9),
(467, 18),
(467, 21),
(468, 5),
(468, 6),
(468, 21),
(468, 24),
(469, 5),
(469, 6),
(469, 9),
(469, 10),
(469, 14),
(470, 1),
(470, 18),
(470, 19),
(470, 21),
(471, 17),
(472, 11),
(472, 22),
(473, 2),
(473, 4),
(473, 13),
(473, 18),
(474, 6),
(474, 9),
(474, 19),
(474, 20),
(474, 21),
(475, 15),
(475, 22),
(476, 14),
(476, 18),
(476, 24),
(477, 5),
(477, 7),
(477, 11),
(477, 21),
(478, 4),
(478, 13),
(478, 22),
(478, 24),
(478, 25),
(479, 8),
(479, 11),
(479, 12),
(479, 18),
(480, 5),
(480, 6),
(480, 7),
(480, 11),
(480, 18),
(481, 2),
(482, 4),
(482, 9),
(482, 21),
(482, 22),
(483, 2),
(483, 5),
(483, 12),
(483, 15),
(484, 3),
(484, 23),
(485, 12),
(485, 25),
(486, 7),
(486, 9),
(486, 11),
(486, 20),
(487, 5),
(487, 17),
(487, 21),
(488, 2),
(488, 10),
(488, 11),
(488, 14),
(488, 18),
(489, 4),
(489, 15),
(490, 2),
(490, 7),
(490, 12),
(490, 21),
(490, 25),
(491, 3),
(491, 15),
(491, 24),
(491, 25),
(492, 9),
(492, 19),
(493, 3),
(493, 6),
(493, 15),
(493, 24),
(493, 25),
(494, 1),
(494, 10),
(494, 22),
(495, 16),
(496, 11),
(496, 13),
(496, 14),
(496, 15),
(496, 23),
(497, 4),
(497, 6),
(497, 24),
(497, 25),
(498, 2),
(498, 11),
(499, 4),
(499, 18),
(500, 5),
(500, 6),
(500, 7),
(500, 22),
(501, 17),
(502, 11),
(503, 1),
(503, 3),
(503, 13),
(503, 22),
(504, 5),
(504, 9),
(504, 22),
(505, 2),
(505, 3),
(505, 4),
(505, 22),
(506, 12),
(506, 16),
(506, 17),
(506, 20),
(506, 21),
(507, 25),
(508, 21),
(509, 11),
(510, 7),
(510, 18),
(511, 25),
(512, 16),
(512, 19),
(513, 2),
(513, 7),
(513, 12),
(513, 15),
(514, 1),
(514, 11),
(514, 13),
(514, 23),
(514, 24),
(515, 6),
(515, 12),
(516, 2),
(516, 10),
(517, 1),
(517, 11),
(518, 6),
(518, 11),
(518, 13),
(518, 19),
(519, 6),
(519, 24),
(520, 16),
(520, 21),
(520, 22),
(520, 24),
(521, 22),
(521, 24),
(521, 25),
(522, 6),
(522, 7),
(522, 17),
(522, 21),
(522, 25),
(523, 10),
(524, 19),
(524, 21),
(525, 3),
(525, 23),
(526, 11),
(526, 20),
(527, 12),
(527, 18),
(527, 20),
(528, 6),
(528, 11),
(528, 23),
(529, 1),
(529, 16),
(529, 18),
(529, 19),
(530, 8),
(530, 12),
(530, 15),
(530, 17),
(531, 5),
(531, 13),
(531, 14),
(531, 19),
(531, 24),
(532, 23),
(533, 4),
(534, 14),
(534, 15),
(534, 17),
(534, 25),
(535, 6),
(535, 8),
(536, 3),
(536, 19),
(536, 21),
(536, 24),
(537, 1),
(537, 2),
(537, 3),
(537, 8),
(537, 24),
(538, 14),
(539, 11),
(539, 17),
(539, 20),
(540, 15),
(541, 7),
(541, 8),
(541, 12),
(541, 23),
(542, 1),
(542, 12),
(542, 18),
(543, 3),
(543, 5),
(543, 10),
(543, 16),
(544, 1),
(544, 9),
(544, 16),
(544, 20),
(545, 14),
(545, 18),
(546, 11),
(546, 19),
(546, 20),
(546, 21),
(547, 4),
(547, 14),
(547, 15),
(548, 2),
(548, 19),
(549, 5),
(549, 10),
(549, 11),
(549, 17),
(550, 11),
(550, 12),
(550, 24),
(551, 1),
(551, 15),
(551, 17),
(551, 24),
(551, 25),
(552, 3),
(552, 13),
(552, 14),
(553, 2),
(553, 9),
(553, 16),
(553, 21),
(553, 24),
(554, 4),
(555, 2),
(555, 6),
(555, 14),
(555, 18),
(556, 1),
(557, 3),
(557, 6),
(557, 21),
(557, 23),
(558, 18),
(559, 12),
(559, 17),
(559, 18),
(559, 25),
(560, 3),
(560, 24),
(561, 3),
(561, 17),
(562, 17),
(562, 22),
(563, 3),
(563, 4),
(563, 12),
(563, 13),
(563, 14),
(564, 3),
(564, 5),
(564, 7),
(564, 17),
(565, 20),
(565, 21),
(566, 13),
(566, 14),
(566, 22),
(567, 4),
(567, 16),
(567, 18),
(567, 22),
(568, 2),
(568, 9),
(568, 10),
(568, 13),
(568, 17),
(569, 17),
(570, 13),
(570, 14),
(570, 15),
(571, 1),
(571, 21),
(572, 5),
(572, 8),
(572, 12),
(572, 24),
(573, 5),
(573, 6),
(573, 7),
(573, 9),
(573, 15),
(574, 4),
(574, 5),
(574, 12),
(574, 22),
(574, 23),
(575, 15),
(576, 10),
(576, 12),
(576, 13),
(577, 23),
(578, 1),
(578, 2),
(579, 3),
(579, 8),
(579, 17),
(579, 18),
(580, 3),
(580, 4),
(581, 8),
(581, 11),
(581, 21),
(582, 1),
(582, 2),
(582, 10),
(582, 25),
(583, 8),
(583, 17),
(583, 24),
(584, 14),
(585, 11),
(585, 16),
(585, 22),
(586, 5),
(586, 10),
(587, 5),
(587, 6),
(587, 8),
(587, 20),
(587, 25),
(588, 4),
(588, 5),
(588, 7),
(588, 19),
(588, 24),
(589, 6),
(590, 1),
(590, 2),
(590, 7),
(590, 21),
(590, 22),
(591, 4),
(591, 12),
(591, 20),
(591, 22),
(591, 23),
(592, 4),
(593, 2),
(593, 8),
(593, 12),
(593, 16),
(593, 21),
(594, 10),
(594, 12),
(594, 14),
(595, 8),
(596, 14),
(597, 13),
(597, 17),
(598, 1),
(598, 5),
(598, 6),
(598, 9),
(598, 16),
(599, 3),
(599, 19),
(599, 20),
(599, 24),
(600, 3),
(600, 13),
(600, 16),
(600, 22),
(601, 1),
(601, 4),
(601, 8),
(601, 9),
(601, 25),
(602, 8),
(602, 18),
(602, 20),
(603, 8),
(603, 9),
(603, 13),
(603, 20),
(603, 22),
(604, 5),
(604, 19),
(604, 22),
(605, 21),
(606, 3),
(606, 7),
(606, 22),
(606, 23),
(607, 5),
(607, 13),
(607, 15),
(607, 22),
(607, 23),
(608, 7),
(608, 13),
(608, 19),
(608, 23),
(609, 10),
(609, 12),
(610, 5),
(610, 10),
(610, 20),
(611, 7),
(611, 8),
(611, 25),
(612, 21),
(613, 2),
(613, 16),
(613, 22),
(614, 19),
(614, 24),
(615, 2),
(615, 8),
(615, 9),
(615, 19),
(615, 20),
(616, 7),
(616, 9),
(616, 12),
(616, 13),
(616, 18),
(617, 3),
(617, 5),
(617, 19),
(617, 20),
(617, 23),
(618, 2),
(618, 4),
(618, 8),
(618, 14),
(619, 8),
(620, 1),
(620, 6),
(620, 7),
(620, 11),
(620, 25),
(621, 11),
(621, 16),
(622, 5),
(622, 21),
(622, 25),
(623, 2),
(623, 4),
(623, 14),
(623, 15),
(624, 4),
(625, 9),
(625, 11),
(625, 13),
(625, 14),
(626, 8),
(626, 9),
(626, 10),
(626, 17),
(626, 18),
(627, 2),
(627, 6),
(627, 8),
(628, 24),
(629, 1),
(629, 2),
(629, 6),
(629, 16),
(630, 19),
(630, 23),
(630, 24),
(631, 10),
(631, 21),
(631, 22),
(631, 23),
(632, 3),
(632, 4),
(632, 10),
(632, 15),
(632, 24),
(633, 19),
(633, 22),
(633, 23),
(633, 25),
(634, 1),
(634, 4),
(634, 11),
(634, 16),
(634, 21),
(635, 1),
(635, 9),
(635, 18),
(635, 23),
(635, 25),
(636, 2),
(636, 8),
(636, 9),
(637, 25),
(638, 4),
(638, 18),
(638, 22),
(638, 23),
(639, 6),
(639, 11),
(639, 24),
(640, 3),
(640, 16),
(640, 21),
(640, 24),
(641, 1),
(642, 1),
(642, 6),
(642, 11),
(642, 14),
(642, 22),
(643, 8),
(643, 16),
(643, 17),
(643, 22),
(643, 23),
(644, 15),
(645, 5),
(645, 7),
(646, 2),
(647, 1),
(647, 4),
(648, 4),
(648, 13),
(649, 3),
(650, 3),
(650, 6),
(651, 10),
(651, 11),
(652, 13),
(652, 14),
(652, 15),
(652, 16),
(652, 21),
(653, 13),
(654, 1),
(654, 4),
(654, 9),
(654, 10),
(655, 22),
(656, 24),
(657, 2),
(657, 12),
(657, 13),
(657, 18),
(657, 25),
(658, 2),
(658, 8),
(659, 8),
(659, 9),
(659, 10),
(659, 25),
(660, 5),
(660, 11),
(660, 19),
(660, 22),
(660, 24),
(661, 7),
(661, 19),
(661, 20),
(661, 25),
(662, 1),
(662, 2),
(662, 14),
(662, 19),
(662, 25),
(663, 3),
(663, 5),
(663, 9),
(664, 4),
(664, 8),
(664, 10),
(664, 11),
(665, 3),
(665, 18),
(665, 19),
(665, 22),
(666, 5),
(666, 16),
(667, 5),
(667, 9),
(667, 17),
(667, 19),
(667, 22),
(668, 3),
(668, 10),
(668, 16),
(669, 6),
(669, 15),
(670, 11),
(671, 18),
(671, 20),
(672, 6),
(672, 13),
(672, 16),
(673, 4),
(673, 12),
(674, 4),
(674, 6),
(674, 10),
(675, 1),
(675, 5),
(675, 15),
(675, 19),
(675, 23),
(676, 4),
(676, 14),
(676, 18),
(676, 23),
(677, 12),
(677, 13),
(678, 2),
(678, 4),
(678, 19),
(678, 20),
(679, 3),
(679, 7),
(679, 9),
(679, 10),
(679, 17),
(680, 8),
(680, 25),
(681, 6),
(681, 8),
(681, 9),
(681, 15),
(681, 16),
(682, 12),
(682, 25),
(683, 4),
(684, 10),
(684, 12),
(684, 13),
(684, 20),
(685, 7),
(685, 25),
(685, 26),
(685, 27),
(686, 3),
(686, 6),
(686, 10),
(687, 1),
(687, 5),
(687, 8),
(687, 10),
(687, 24),
(688, 3),
(688, 7),
(688, 18),
(688, 19),
(689, 3),
(689, 13),
(689, 16),
(689, 25),
(690, 16),
(690, 17),
(690, 20),
(690, 21),
(690, 23),
(691, 15),
(691, 16),
(691, 21),
(691, 25),
(692, 9),
(692, 10),
(692, 18),
(693, 4),
(693, 5),
(693, 12),
(693, 13),
(693, 17),
(694, 14),
(694, 23),
(695, 7),
(696, 5),
(696, 12),
(696, 16),
(696, 21),
(697, 6),
(697, 12),
(697, 14),
(698, 1),
(698, 4),
(698, 5),
(698, 21),
(698, 24),
(699, 10),
(699, 19),
(699, 23),
(700, 25),
(701, 6),
(701, 12),
(702, 20),
(703, 2),
(703, 10),
(703, 18),
(703, 20),
(703, 24),
(704, 1),
(704, 16),
(704, 22),
(705, 14),
(705, 16),
(705, 24),
(706, 14),
(707, 4),
(707, 7),
(707, 16),
(707, 19),
(707, 20),
(708, 2),
(708, 20),
(709, 14),
(709, 20),
(709, 21),
(710, 3),
(710, 10),
(710, 11),
(710, 12),
(710, 23),
(711, 8),
(712, 19),
(712, 20),
(713, 10),
(714, 4),
(714, 18),
(715, 9),
(715, 12),
(716, 8),
(716, 16),
(716, 20),
(716, 23),
(717, 20),
(717, 25),
(718, 16),
(719, 2),
(719, 17),
(719, 20),
(720, 12),
(720, 21),
(721, 11),
(722, 13),
(722, 17),
(722, 19),
(722, 23),
(723, 3),
(723, 9),
(723, 17),
(723, 22),
(723, 24),
(724, 2),
(724, 3),
(724, 18),
(724, 20),
(725, 17),
(726, 14),
(726, 24),
(727, 2),
(727, 4),
(727, 14),
(728, 5),
(728, 17),
(728, 18),
(728, 19),
(728, 22),
(729, 5),
(729, 12),
(730, 2),
(730, 10),
(730, 20),
(730, 22),
(731, 1),
(731, 3),
(731, 15),
(731, 21),
(731, 23),
(732, 5),
(732, 20),
(733, 3),
(733, 8),
(733, 11),
(733, 16),
(733, 20),
(734, 8),
(734, 22),
(735, 15),
(735, 16),
(735, 17),
(735, 23),
(735, 24),
(736, 2),
(736, 6),
(736, 11),
(736, 16),
(737, 5),
(737, 7),
(737, 8),
(737, 12),
(737, 18),
(738, 10),
(739, 7),
(739, 8),
(739, 19),
(740, 1),
(740, 17),
(740, 24),
(740, 25),
(741, 6),
(741, 23),
(742, 12),
(742, 19),
(742, 21),
(742, 22),
(742, 23),
(743, 2),
(743, 11),
(744, 2),
(744, 11),
(744, 22),
(745, 2),
(745, 5),
(745, 7),
(745, 8),
(745, 11),
(746, 5),
(746, 6),
(746, 7),
(747, 4),
(747, 7),
(747, 12),
(747, 17),
(748, 5),
(748, 9),
(748, 12),
(749, 15),
(749, 17),
(749, 19),
(750, 10),
(750, 16),
(750, 18),
(750, 24),
(750, 25),
(751, 4),
(751, 6),
(751, 10),
(751, 22),
(752, 6),
(752, 17),
(753, 24),
(753, 25),
(754, 8),
(754, 17),
(754, 21),
(755, 8),
(755, 20),
(755, 22),
(756, 4),
(757, 11),
(757, 19),
(758, 13),
(759, 2),
(759, 7),
(759, 8),
(759, 12),
(759, 18),
(760, 13),
(760, 16),
(761, 19),
(762, 4),
(762, 5),
(762, 6),
(762, 10),
(762, 13),
(763, 2),
(763, 13),
(763, 16),
(763, 23),
(763, 24),
(764, 8),
(764, 15),
(764, 24),
(765, 4),
(765, 16),
(765, 23),
(766, 1),
(766, 9),
(766, 11),
(766, 16),
(766, 18),
(767, 1),
(767, 6),
(767, 10),
(767, 12),
(767, 14),
(768, 7),
(768, 19),
(768, 23),
(768, 24),
(769, 10),
(769, 15),
(769, 16),
(770, 14),
(770, 15),
(770, 16),
(771, 1),
(771, 4),
(771, 9),
(771, 19),
(772, 12),
(772, 18),
(773, 2),
(773, 5),
(773, 16),
(773, 19),
(773, 25),
(774, 4),
(774, 7),
(774, 8),
(774, 10),
(774, 19),
(775, 8),
(775, 22),
(776, 16),
(776, 18),
(777, 11),
(777, 24),
(778, 1),
(778, 9),
(778, 18),
(779, 2),
(779, 4),
(779, 13),
(779, 16),
(779, 18),
(780, 16),
(781, 23),
(782, 2),
(782, 10),
(782, 22),
(782, 24),
(783, 15),
(783, 22),
(784, 9),
(784, 15),
(784, 17),
(784, 18),
(784, 23),
(785, 6),
(785, 7),
(785, 11),
(785, 12),
(785, 13),
(786, 7),
(786, 8),
(786, 24),
(787, 7),
(787, 16),
(787, 19),
(787, 25),
(788, 4),
(788, 5),
(788, 7),
(788, 14),
(788, 25),
(789, 12),
(789, 18),
(789, 21),
(789, 23),
(790, 6),
(790, 11),
(790, 14),
(790, 23),
(791, 5),
(791, 6),
(791, 9),
(791, 15),
(791, 19),
(792, 6),
(792, 20),
(793, 6),
(793, 13),
(793, 21),
(794, 1),
(795, 20),
(796, 2),
(796, 8),
(796, 12),
(796, 13),
(797, 7),
(797, 16),
(798, 5),
(798, 6),
(798, 19),
(799, 15),
(799, 22),
(800, 4),
(800, 12),
(800, 17),
(800, 21),
(800, 23),
(801, 15),
(802, 16),
(802, 20),
(802, 23),
(802, 24),
(803, 5),
(803, 14),
(803, 15),
(803, 22),
(803, 24),
(804, 5),
(804, 10),
(804, 14),
(804, 21),
(804, 25),
(805, 1),
(805, 14),
(805, 15),
(806, 20),
(807, 9),
(807, 16),
(807, 23),
(808, 2),
(808, 11),
(809, 1),
(809, 10),
(809, 14),
(810, 11),
(810, 18),
(810, 23),
(811, 10),
(812, 20),
(812, 21),
(813, 24),
(814, 4),
(814, 12),
(814, 16),
(814, 19),
(815, 5),
(815, 19),
(815, 21),
(816, 15),
(816, 17),
(816, 23),
(816, 24),
(817, 1),
(817, 3),
(817, 10),
(817, 11),
(817, 13),
(818, 4),
(819, 16),
(819, 17),
(820, 23),
(820, 24),
(821, 3),
(821, 16),
(821, 20),
(822, 11),
(822, 14),
(822, 18),
(823, 9),
(823, 11),
(823, 15),
(823, 22),
(823, 23),
(824, 2),
(824, 16),
(824, 19),
(825, 6),
(825, 25),
(826, 7),
(827, 2),
(827, 7),
(827, 11),
(827, 15),
(828, 4),
(828, 10),
(829, 16),
(829, 19),
(829, 21),
(830, 1),
(830, 3),
(830, 13),
(830, 14),
(831, 11),
(831, 17),
(832, 14),
(832, 15),
(832, 19),
(832, 23),
(833, 19),
(834, 1),
(835, 11),
(835, 20),
(835, 25),
(836, 2),
(836, 11),
(836, 22),
(837, 1),
(838, 6),
(838, 7),
(838, 8),
(838, 14),
(838, 24),
(839, 11),
(839, 16),
(840, 8),
(841, 6),
(841, 7),
(841, 16),
(841, 21),
(842, 3),
(842, 17),
(843, 13),
(843, 17),
(843, 24),
(843, 25),
(844, 10),
(844, 20),
(844, 22),
(844, 25),
(845, 7),
(845, 16),
(845, 25),
(846, 19),
(847, 1),
(847, 3),
(847, 23),
(848, 1),
(848, 3),
(848, 15),
(848, 20),
(849, 4),
(849, 5),
(849, 10),
(849, 25),
(850, 8),
(850, 15),
(850, 16),
(850, 22),
(851, 9),
(851, 23),
(852, 11),
(852, 14),
(852, 18),
(852, 24),
(853, 7),
(853, 8),
(854, 7),
(854, 8),
(854, 18),
(854, 20),
(855, 1),
(855, 8),
(856, 5),
(856, 15),
(856, 20),
(856, 21),
(856, 22),
(857, 8),
(858, 4),
(858, 22),
(859, 2),
(859, 8),
(859, 9),
(859, 11),
(860, 5),
(860, 14),
(860, 18),
(861, 3),
(861, 9),
(861, 16),
(861, 23),
(862, 2),
(862, 19),
(863, 17),
(863, 18),
(863, 24),
(864, 3),
(864, 6),
(864, 25),
(865, 4),
(865, 15),
(866, 16),
(866, 22),
(866, 25),
(866, 26),
(867, 10),
(867, 19),
(867, 22),
(868, 6),
(868, 11),
(868, 12),
(868, 14),
(868, 24),
(869, 15),
(869, 19),
(869, 25),
(870, 3),
(870, 8),
(870, 10),
(870, 13),
(870, 22),
(871, 5),
(871, 6),
(871, 8),
(871, 10),
(871, 16),
(872, 1),
(872, 25),
(873, 1),
(873, 10),
(873, 12),
(874, 10),
(874, 24),
(875, 5),
(875, 13),
(875, 16),
(875, 20),
(875, 22),
(876, 15),
(876, 23),
(877, 9),
(877, 13),
(877, 23),
(878, 8),
(878, 13),
(878, 16),
(879, 15),
(879, 16),
(879, 18),
(879, 19),
(879, 21),
(880, 5),
(880, 8),
(880, 14),
(881, 5),
(881, 8),
(882, 4),
(882, 24),
(883, 1),
(883, 10),
(883, 11),
(883, 12),
(884, 8),
(884, 9),
(884, 12),
(884, 24),
(885, 5),
(885, 15),
(885, 16),
(886, 7),
(886, 8),
(886, 22),
(887, 11),
(887, 22),
(888, 16),
(889, 3),
(890, 4),
(890, 7),
(890, 8),
(890, 23),
(891, 5),
(891, 15),
(891, 23),
(891, 25),
(892, 8),
(892, 15),
(892, 22),
(892, 25),
(893, 1),
(893, 15),
(893, 16),
(893, 18),
(893, 21),
(894, 6),
(894, 16),
(894, 21),
(894, 23),
(895, 2),
(895, 8),
(895, 14),
(895, 16),
(895, 21),
(896, 5),
(896, 10),
(896, 20),
(897, 10),
(897, 18),
(898, 1),
(898, 23),
(899, 9),
(899, 17),
(899, 19),
(899, 25),
(900, 15),
(900, 22),
(901, 10),
(901, 16),
(901, 25),
(902, 1),
(902, 8),
(902, 17),
(902, 21),
(902, 22),
(903, 10),
(903, 11),
(903, 15),
(904, 3),
(905, 22),
(906, 11),
(906, 18),
(906, 21),
(906, 24),
(907, 4),
(907, 8),
(907, 12),
(907, 14),
(908, 2),
(908, 8),
(908, 9),
(908, 17),
(908, 23),
(909, 15),
(910, 3),
(910, 4),
(910, 17),
(910, 20),
(911, 3),
(911, 14),
(911, 21),
(911, 22),
(911, 25),
(912, 4),
(912, 9),
(912, 22),
(912, 23),
(913, 3),
(914, 1),
(914, 11),
(915, 6),
(916, 3),
(916, 6),
(916, 13),
(916, 22),
(917, 14),
(917, 21),
(917, 23),
(918, 12),
(918, 24),
(919, 7),
(920, 5),
(920, 9),
(920, 10),
(920, 12),
(920, 19),
(921, 12),
(921, 23),
(921, 24),
(922, 16),
(923, 4),
(923, 10),
(923, 20),
(923, 21),
(924, 6),
(924, 19),
(925, 12),
(925, 14),
(925, 16),
(925, 18),
(925, 25),
(926, 5),
(926, 7),
(926, 10),
(927, 2),
(927, 12),
(927, 16),
(928, 18),
(928, 20),
(928, 22),
(928, 24),
(929, 4),
(929, 16),
(929, 22),
(929, 25),
(930, 1),
(930, 14),
(930, 23),
(931, 3),
(931, 5),
(931, 8),
(931, 22),
(931, 23),
(932, 5),
(932, 8),
(932, 9),
(932, 20),
(933, 12),
(934, 4),
(934, 5),
(934, 22),
(935, 5),
(935, 8),
(935, 20),
(935, 25),
(936, 11),
(936, 12),
(936, 23),
(937, 14),
(937, 20),
(937, 21),
(938, 1),
(938, 5),
(938, 18),
(938, 19),
(939, 7),
(939, 12),
(939, 18),
(939, 19),
(939, 23),
(940, 6),
(940, 11),
(940, 15),
(941, 3),
(941, 9),
(941, 19),
(941, 21),
(941, 22),
(942, 6),
(942, 13),
(942, 14),
(942, 15),
(943, 18),
(944, 2),
(944, 3),
(944, 10),
(944, 24),
(945, 12),
(945, 13),
(945, 18),
(945, 19),
(946, 8),
(947, 20),
(947, 24),
(948, 3),
(948, 9),
(948, 25),
(949, 8),
(949, 9),
(950, 5),
(950, 7),
(950, 10),
(950, 16),
(951, 1),
(952, 8),
(952, 18),
(952, 20),
(952, 24),
(953, 9),
(954, 5),
(954, 13),
(955, 3),
(955, 5),
(955, 21),
(956, 9),
(957, 2),
(957, 7),
(957, 10),
(957, 17),
(957, 21),
(958, 10),
(958, 22),
(958, 23),
(959, 9),
(959, 16),
(959, 17),
(959, 21),
(959, 23),
(960, 6),
(960, 10),
(960, 20),
(961, 1),
(961, 22),
(962, 3),
(963, 20),
(964, 1),
(964, 7),
(964, 15),
(964, 18),
(964, 25),
(965, 11),
(965, 16),
(965, 19),
(966, 2),
(966, 14),
(966, 20),
(967, 14),
(967, 19),
(968, 1),
(968, 2),
(969, 1),
(969, 5),
(970, 5),
(970, 17),
(970, 21),
(971, 11),
(971, 18),
(971, 19),
(971, 20),
(972, 15),
(973, 4),
(974, 17),
(975, 4),
(975, 5),
(975, 7),
(975, 11),
(975, 19),
(976, 18),
(976, 25),
(977, 20),
(978, 1),
(978, 2),
(978, 8),
(978, 17),
(978, 18),
(979, 18),
(979, 24),
(980, 19),
(980, 21),
(981, 19),
(981, 25),
(982, 11),
(982, 19),
(982, 20),
(982, 21),
(982, 22),
(983, 14),
(983, 19),
(984, 6),
(984, 7),
(984, 21),
(985, 18),
(985, 21),
(986, 7),
(986, 8),
(986, 17),
(986, 18),
(987, 6),
(987, 7),
(987, 8),
(987, 11),
(987, 17),
(988, 6),
(988, 14),
(988, 17),
(989, 6),
(989, 14),
(989, 16),
(990, 10),
(990, 13),
(990, 19),
(991, 5),
(991, 14),
(992, 4),
(992, 5),
(992, 6),
(993, 4),
(993, 6),
(994, 19),
(995, 5),
(995, 17),
(995, 19),
(996, 3),
(996, 11),
(997, 2),
(998, 8),
(998, 13),
(998, 22),
(999, 8),
(999, 9),
(999, 15),
(999, 16),
(999, 25),
(1000, 2),
(1000, 9),
(1000, 17),
(1000, 21),
(1000, 23),
(1001, 22),
(1002, 6),
(1002, 9),
(1002, 23),
(1003, 5),
(1003, 15),
(1003, 16),
(1003, 17),
(1003, 22),
(1004, 4),
(1004, 15),
(1004, 21),
(1005, 7),
(1005, 18),
(1006, 1),
(1006, 2),
(1006, 8),
(1006, 9),
(1006, 17),
(1007, 9),
(1007, 15),
(1008, 4),
(1008, 8),
(1008, 9),
(1008, 10),
(1008, 22),
(1009, 6),
(1009, 19),
(1009, 20),
(1009, 21),
(1009, 22),
(1010, 14),
(1010, 19),
(1011, 23),
(1012, 9),
(1012, 10),
(1012, 13),
(1013, 1),
(1014, 5),
(1014, 9),
(1014, 11),
(1014, 12),
(1014, 20),
(1015, 14),
(1015, 21),
(1016, 1),
(1016, 2),
(1016, 9),
(1016, 21),
(1016, 25),
(1017, 14),
(1018, 24),
(1019, 1),
(1019, 4),
(1019, 9),
(1019, 20),
(1019, 22),
(1020, 10),
(1020, 12),
(1020, 14),
(1021, 1),
(1021, 4),
(1021, 5),
(1021, 13),
(1022, 14),
(1022, 18),
(1023, 1),
(1023, 5),
(1023, 6),
(1023, 18),
(1024, 9),
(1024, 16),
(1024, 21),
(1025, 4),
(1025, 19),
(1025, 20),
(1025, 24),
(1026, 24),
(1027, 11),
(1028, 4),
(1028, 7),
(1028, 15),
(1028, 18),
(1029, 18),
(1029, 25),
(1030, 4),
(1030, 25),
(1031, 24),
(1032, 16),
(1032, 20),
(1032, 21),
(1032, 24),
(1033, 1),
(1034, 10),
(1034, 14),
(1034, 16),
(1034, 22),
(1034, 23),
(1035, 3),
(1035, 9),
(1035, 11),
(1035, 17),
(1035, 21),
(1036, 3),
(1036, 8),
(1036, 9),
(1036, 11),
(1036, 19),
(1037, 14),
(1038, 18),
(1039, 1),
(1039, 7),
(1039, 9),
(1039, 10),
(1039, 18),
(1040, 15),
(1040, 16),
(1040, 18),
(1040, 19),
(1040, 25),
(1041, 8),
(1041, 10),
(1041, 25),
(1041, 26),
(1042, 12),
(1042, 15),
(1042, 18),
(1042, 21),
(1042, 24),
(1043, 13),
(1043, 17),
(1043, 19),
(1043, 24),
(1044, 10),
(1044, 12),
(1044, 20),
(1045, 9),
(1045, 20),
(1046, 6),
(1047, 23),
(1048, 8),
(1048, 9),
(1048, 17),
(1048, 25),
(1049, 11),
(1049, 16),
(1050, 19),
(1051, 12),
(1052, 2),
(1052, 3),
(1052, 11),
(1052, 17),
(1053, 15),
(1053, 21),
(1053, 22),
(1053, 24),
(1053, 25),
(1054, 4),
(1054, 16),
(1054, 18),
(1054, 19),
(1054, 24),
(1055, 1),
(1055, 2),
(1055, 19),
(1056, 1),
(1056, 7),
(1057, 10),
(1057, 12),
(1057, 13),
(1058, 15),
(1059, 7),
(1059, 8),
(1059, 12),
(1059, 24),
(1060, 11),
(1060, 15),
(1060, 16),
(1060, 18),
(1060, 20),
(1061, 15),
(1061, 16),
(1061, 21),
(1061, 22),
(1062, 4),
(1062, 7),
(1063, 5),
(1063, 9),
(1063, 22),
(1064, 8),
(1064, 12),
(1065, 15),
(1066, 2),
(1066, 8),
(1066, 11),
(1066, 14),
(1066, 22),
(1067, 5),
(1067, 13),
(1068, 12),
(1068, 13),
(1068, 14),
(1068, 24),
(1069, 20),
(1069, 22),
(1069, 24),
(1070, 20),
(1070, 21),
(1071, 6),
(1071, 7),
(1072, 4),
(1072, 18),
(1072, 19),
(1072, 22),
(1073, 21),
(1073, 25),
(1074, 2),
(1074, 16),
(1074, 17),
(1074, 21),
(1075, 13),
(1075, 17),
(1076, 2),
(1076, 8),
(1076, 18),
(1077, 2),
(1077, 13),
(1077, 17),
(1077, 25),
(1078, 25),
(1079, 9),
(1079, 14),
(1080, 2),
(1080, 6),
(1080, 10),
(1080, 12),
(1081, 13),
(1081, 15),
(1081, 17),
(1082, 2),
(1082, 5),
(1082, 6),
(1083, 6),
(1083, 18),
(1083, 24),
(1084, 4),
(1084, 13),
(1084, 14),
(1084, 17),
(1084, 20),
(1085, 2),
(1085, 22),
(1085, 23),
(1085, 24),
(1086, 3),
(1086, 18),
(1086, 19),
(1086, 22),
(1086, 24),
(1087, 18),
(1088, 7),
(1089, 12),
(1089, 15),
(1089, 18),
(1089, 20),
(1090, 11),
(1090, 12),
(1090, 21),
(1091, 18),
(1092, 4),
(1092, 9),
(1092, 13),
(1092, 22),
(1093, 4),
(1093, 5),
(1093, 21),
(1093, 24),
(1094, 23),
(1095, 2),
(1095, 4),
(1095, 5),
(1095, 8),
(1095, 9),
(1096, 10),
(1097, 1),
(1098, 6),
(1098, 8),
(1098, 13),
(1098, 20),
(1098, 24),
(1099, 7),
(1099, 9),
(1100, 2),
(1100, 3),
(1100, 5),
(1100, 19),
(1101, 12),
(1102, 11),
(1102, 19),
(1102, 24),
(1103, 2),
(1103, 10),
(1103, 20),
(1104, 3),
(1104, 6),
(1104, 8),
(1104, 9),
(1104, 18),
(1105, 4),
(1105, 9),
(1105, 22),
(1105, 25),
(1106, 14),
(1107, 1),
(1107, 25),
(1108, 10),
(1108, 18),
(1108, 19),
(1109, 10),
(1109, 22),
(1110, 19),
(1111, 5),
(1111, 10),
(1111, 11),
(1112, 17),
(1112, 22),
(1112, 23),
(1113, 3),
(1113, 8),
(1113, 18),
(1113, 23),
(1113, 24),
(1114, 15),
(1114, 18),
(1114, 25),
(1115, 21),
(1116, 10),
(1117, 8),
(1117, 25),
(1118, 8),
(1119, 8),
(1119, 11),
(1119, 12),
(1119, 16),
(1119, 25),
(1120, 4),
(1120, 7),
(1120, 10),
(1120, 11),
(1120, 14),
(1121, 20),
(1122, 2),
(1122, 12),
(1122, 16),
(1123, 1),
(1123, 13),
(1124, 7),
(1125, 3),
(1125, 16),
(1125, 17),
(1125, 22),
(1125, 24),
(1126, 6),
(1126, 7),
(1126, 11),
(1126, 20),
(1126, 22),
(1127, 5),
(1127, 19),
(1128, 1),
(1128, 6),
(1128, 9),
(1128, 11),
(1129, 4),
(1129, 5),
(1129, 7),
(1129, 16),
(1129, 17),
(1130, 4),
(1130, 8),
(1130, 12),
(1130, 15),
(1131, 1),
(1131, 24),
(1132, 7),
(1132, 10),
(1132, 14),
(1132, 15),
(1132, 16),
(1133, 13),
(1134, 16),
(1134, 21),
(1135, 18),
(1136, 7),
(1136, 8),
(1136, 17),
(1136, 24),
(1136, 25),
(1137, 5),
(1137, 12),
(1137, 15),
(1137, 17),
(1138, 25),
(1139, 4),
(1140, 18),
(1141, 2),
(1141, 3),
(1141, 4),
(1141, 5),
(1142, 2),
(1142, 4),
(1142, 21),
(1142, 23),
(1143, 11),
(1143, 13),
(1143, 25),
(1144, 3),
(1144, 5),
(1144, 16),
(1144, 17),
(1144, 19),
(1145, 2),
(1145, 4),
(1145, 7),
(1145, 12),
(1145, 23),
(1146, 1),
(1146, 2),
(1147, 12),
(1147, 13),
(1148, 15),
(1148, 16),
(1149, 12),
(1150, 8),
(1150, 21),
(1150, 24),
(1151, 3),
(1151, 17),
(1152, 5),
(1152, 6),
(1152, 11),
(1153, 20),
(1154, 1),
(1154, 2),
(1154, 4),
(1154, 9),
(1155, 2),
(1155, 17),
(1156, 3),
(1156, 12),
(1156, 13),
(1156, 17),
(1156, 25),
(1157, 5),
(1157, 7),
(1157, 23),
(1157, 25),
(1158, 13),
(1158, 17),
(1158, 22),
(1159, 2),
(1159, 11),
(1159, 20),
(1159, 21),
(1160, 8),
(1160, 20),
(1161, 6),
(1161, 12),
(1161, 17),
(1161, 22),
(1161, 24),
(1162, 9),
(1162, 14),
(1162, 16),
(1162, 18),
(1162, 25),
(1163, 1),
(1164, 2),
(1164, 5),
(1164, 8),
(1164, 15),
(1164, 20),
(1165, 6),
(1166, 6),
(1166, 11),
(1166, 12),
(1166, 14),
(1166, 15),
(1167, 21),
(1167, 22),
(1167, 23),
(1168, 1),
(1169, 13),
(1169, 15),
(1170, 13),
(1170, 23),
(1171, 19),
(1171, 25),
(1172, 5),
(1173, 3),
(1173, 9),
(1173, 12),
(1173, 17),
(1174, 14),
(1174, 16),
(1174, 18),
(1174, 24),
(1175, 16),
(1175, 17),
(1176, 1),
(1176, 7),
(1176, 14),
(1176, 18),
(1176, 23),
(1177, 2),
(1177, 5),
(1178, 14),
(1179, 2),
(1179, 15),
(1179, 19),
(1180, 6),
(1181, 6),
(1181, 12),
(1181, 14),
(1181, 18),
(1182, 1),
(1182, 6),
(1182, 14),
(1182, 17),
(1182, 22),
(1183, 3),
(1183, 6),
(1183, 11),
(1183, 12),
(1184, 21),
(1184, 22),
(1185, 5),
(1185, 16),
(1186, 8),
(1187, 1),
(1187, 18),
(1188, 5),
(1188, 20),
(1189, 1),
(1189, 2),
(1189, 4),
(1189, 15),
(1189, 18),
(1190, 8),
(1190, 10),
(1190, 19),
(1190, 20),
(1191, 7),
(1191, 19),
(1192, 15),
(1192, 18),
(1192, 19),
(1192, 20),
(1193, 10),
(1193, 15),
(1194, 1),
(1194, 6),
(1194, 9),
(1195, 9),
(1195, 12),
(1195, 13),
(1196, 12),
(1196, 16),
(1196, 23),
(1196, 24),
(1196, 25),
(1197, 13),
(1197, 14),
(1197, 18),
(1197, 21),
(1197, 25),
(1198, 25),
(1198, 26),
(1199, 5),
(1199, 8),
(1199, 15),
(1200, 7),
(1200, 10),
(1200, 12),
(1200, 13),
(1200, 22),
(1201, 11),
(1201, 19),
(1202, 4),
(1203, 23),
(1204, 6),
(1204, 8),
(1204, 10),
(1204, 25),
(1205, 3),
(1205, 22),
(1206, 6),
(1206, 12),
(1207, 4),
(1207, 12),
(1207, 16),
(1208, 7),
(1208, 14),
(1208, 15),
(1208, 19),
(1208, 22),
(1209, 16),
(1210, 10),
(1210, 14),
(1210, 15),
(1210, 23),
(1210, 24),
(1211, 3),
(1211, 4),
(1211, 5),
(1211, 10),
(1212, 10),
(1212, 12),
(1212, 17),
(1213, 4),
(1213, 9),
(1213, 18),
(1214, 11),
(1215, 1),
(1215, 3),
(1215, 4),
(1215, 11),
(1216, 24),
(1217, 5),
(1217, 10),
(1217, 11),
(1217, 19),
(1217, 25),
(1218, 4),
(1218, 18),
(1219, 3),
(1219, 19),
(1219, 20),
(1220, 11),
(1220, 21),
(1221, 3),
(1221, 16),
(1221, 19),
(1221, 24),
(1222, 23),
(1223, 16),
(1223, 25),
(1224, 6),
(1224, 9),
(1224, 17),
(1224, 22),
(1224, 23),
(1225, 14),
(1226, 3),
(1226, 6),
(1226, 11),
(1226, 12),
(1227, 7),
(1227, 21),
(1228, 9),
(1228, 20),
(1229, 1),
(1229, 10),
(1229, 18),
(1230, 7),
(1230, 13),
(1230, 25),
(1231, 2),
(1231, 4),
(1231, 11),
(1231, 16),
(1232, 3),
(1232, 8),
(1232, 18),
(1232, 20),
(1233, 4),
(1233, 6),
(1233, 8),
(1233, 13),
(1233, 16),
(1234, 7),
(1234, 23),
(1234, 24),
(1235, 15),
(1236, 25),
(1237, 10),
(1237, 12),
(1237, 18),
(1237, 20),
(1237, 23),
(1238, 6),
(1238, 12),
(1239, 7),
(1240, 4),
(1240, 10),
(1240, 16),
(1241, 21),
(1241, 22),
(1241, 23),
(1241, 24),
(1242, 2),
(1242, 4),
(1242, 9),
(1242, 13),
(1242, 21),
(1243, 1),
(1244, 1),
(1244, 5),
(1244, 24),
(1245, 3),
(1245, 8),
(1245, 10),
(1246, 3),
(1246, 4),
(1246, 10),
(1246, 13),
(1246, 25),
(1247, 21),
(1248, 7),
(1248, 13),
(1248, 14),
(1248, 17),
(1248, 22),
(1249, 3),
(1249, 6),
(1249, 13),
(1249, 19),
(1249, 25),
(1250, 11),
(1251, 10),
(1252, 12),
(1253, 2),
(1253, 7),
(1253, 10),
(1253, 13),
(1253, 15),
(1254, 2),
(1254, 19),
(1254, 23),
(1254, 24),
(1255, 1),
(1255, 2),
(1255, 17),
(1256, 5),
(1256, 11),
(1256, 13),
(1256, 23),
(1256, 24),
(1257, 8),
(1257, 14),
(1257, 15),
(1257, 25),
(1258, 12),
(1258, 22),
(1259, 6),
(1259, 8),
(1260, 2),
(1260, 4),
(1260, 6),
(1261, 1),
(1261, 3),
(1261, 5),
(1261, 6),
(1261, 19),
(1262, 8),
(1263, 7),
(1263, 13),
(1263, 20),
(1263, 23),
(1264, 5),
(1264, 7),
(1264, 8),
(1265, 8),
(1265, 16),
(1265, 20),
(1265, 22),
(1266, 1),
(1266, 4),
(1266, 15),
(1266, 16),
(1266, 20),
(1267, 11),
(1267, 23),
(1267, 25),
(1268, 7),
(1268, 12),
(1268, 20),
(1269, 20),
(1270, 1),
(1270, 17),
(1271, 1),
(1271, 2),
(1271, 9),
(1271, 18),
(1272, 8),
(1272, 20),
(1273, 3),
(1273, 4),
(1273, 5),
(1273, 6),
(1273, 19),
(1274, 8),
(1274, 13),
(1274, 20),
(1275, 7),
(1275, 16),
(1276, 8),
(1277, 8),
(1277, 23),
(1277, 24),
(1278, 8),
(1278, 12),
(1278, 21),
(1279, 4),
(1279, 14),
(1279, 23),
(1279, 25),
(1280, 8),
(1281, 8),
(1281, 12),
(1281, 16),
(1281, 21),
(1282, 1),
(1282, 2),
(1282, 3),
(1282, 4),
(1282, 15),
(1283, 15),
(1284, 18),
(1285, 15),
(1286, 14),
(1286, 15),
(1286, 17),
(1286, 21),
(1287, 19),
(1287, 24),
(1288, 9),
(1289, 4),
(1289, 7),
(1290, 18),
(1290, 21),
(1290, 24),
(1291, 8),
(1291, 23),
(1291, 24),
(1292, 15),
(1293, 7),
(1293, 8),
(1293, 12),
(1293, 17),
(1294, 7),
(1294, 10),
(1294, 12),
(1294, 25),
(1294, 26),
(1295, 2),
(1295, 16),
(1295, 17),
(1295, 18),
(1296, 13),
(1297, 8),
(1297, 15),
(1297, 21),
(1298, 10),
(1298, 25),
(1299, 6),
(1299, 11),
(1299, 23),
(1300, 2),
(1301, 1),
(1301, 8),
(1301, 20),
(1302, 6),
(1302, 15),
(1303, 1),
(1304, 7),
(1304, 9),
(1304, 11),
(1304, 21),
(1304, 23),
(1305, 18),
(1306, 6),
(1306, 11),
(1306, 13),
(1306, 17),
(1307, 19),
(1308, 16),
(1309, 6),
(1310, 6),
(1310, 18),
(1310, 19),
(1310, 20),
(1310, 24),
(1311, 3),
(1311, 7),
(1311, 8),
(1311, 12),
(1312, 4),
(1312, 18),
(1313, 11),
(1313, 13),
(1313, 17),
(1314, 4),
(1314, 20),
(1315, 15),
(1316, 7),
(1316, 8),
(1316, 12),
(1316, 18),
(1317, 8),
(1317, 9),
(1317, 13),
(1317, 15),
(1318, 24),
(1319, 1),
(1319, 9),
(1319, 10),
(1319, 19),
(1320, 4),
(1320, 10),
(1320, 12),
(1321, 1),
(1321, 13),
(1321, 25),
(1321, 26),
(1322, 2),
(1322, 3),
(1322, 5),
(1322, 21),
(1323, 1),
(1323, 10),
(1323, 20),
(1323, 22),
(1324, 2),
(1324, 3),
(1324, 4),
(1325, 9),
(1325, 22),
(1325, 25),
(1326, 3),
(1326, 11),
(1326, 16),
(1327, 7),
(1328, 6),
(1328, 12),
(1328, 18),
(1328, 19),
(1328, 20),
(1329, 15),
(1329, 24),
(1330, 1),
(1330, 21),
(1331, 9),
(1331, 16),
(1331, 20),
(1331, 22),
(1331, 23),
(1332, 10),
(1333, 2),
(1333, 8),
(1334, 2),
(1334, 4),
(1334, 16),
(1334, 18),
(1335, 4),
(1335, 5),
(1335, 20),
(1335, 21),
(1335, 22),
(1336, 8),
(1337, 5),
(1338, 4),
(1338, 9),
(1338, 20),
(1338, 23),
(1339, 9),
(1340, 2),
(1340, 7),
(1340, 8),
(1340, 14),
(1340, 15),
(1341, 5),
(1341, 13),
(1341, 22),
(1341, 23),
(1342, 5),
(1342, 23),
(1342, 24),
(1343, 4),
(1343, 6),
(1343, 17),
(1343, 18),
(1343, 20),
(1344, 7),
(1344, 15),
(1344, 25),
(1345, 11),
(1345, 18),
(1346, 1),
(1346, 4),
(1346, 10),
(1347, 11),
(1348, 17),
(1349, 3),
(1349, 5),
(1349, 7),
(1350, 15),
(1351, 4),
(1351, 6),
(1351, 22),
(1352, 3),
(1352, 10),
(1353, 2),
(1353, 3),
(1353, 4),
(1353, 5),
(1354, 5),
(1355, 18),
(1355, 23),
(1356, 5),
(1356, 18),
(1357, 4),
(1357, 24),
(1358, 14),
(1358, 19),
(1358, 22),
(1359, 1),
(1359, 7),
(1359, 9),
(1360, 17),
(1360, 18),
(1360, 19),
(1360, 24),
(1361, 1),
(1361, 5),
(1361, 23),
(1362, 9),
(1362, 14),
(1362, 21),
(1363, 14),
(1363, 18),
(1363, 23),
(1363, 24),
(1364, 1),
(1364, 5),
(1364, 8),
(1364, 17),
(1365, 7),
(1365, 10),
(1366, 2),
(1366, 10),
(1366, 13),
(1366, 14),
(1366, 25),
(1367, 10),
(1367, 13),
(1367, 14),
(1367, 24),
(1368, 24),
(1369, 7),
(1369, 8),
(1369, 11),
(1369, 14),
(1369, 24),
(1370, 19),
(1371, 15),
(1372, 6),
(1372, 12),
(1372, 18),
(1372, 19),
(1372, 25),
(1373, 3),
(1373, 12),
(1373, 16),
(1373, 17),
(1373, 18),
(1374, 5),
(1374, 25),
(1375, 1),
(1375, 14),
(1375, 17),
(1375, 19),
(1376, 17),
(1377, 14),
(1377, 16),
(1377, 24),
(1378, 7),
(1378, 13),
(1378, 16),
(1379, 8),
(1379, 25),
(1380, 3),
(1380, 17),
(1380, 20),
(1380, 22),
(1380, 25),
(1381, 12),
(1381, 19),
(1382, 24),
(1383, 12),
(1383, 14),
(1383, 16),
(1384, 16),
(1385, 4),
(1385, 13),
(1385, 25),
(1386, 5),
(1386, 21),
(1386, 22),
(1386, 23),
(1387, 5),
(1388, 19),
(1388, 20),
(1388, 24),
(1389, 8),
(1389, 12),
(1389, 16),
(1390, 5),
(1390, 12),
(1390, 19),
(1390, 21),
(1390, 25),
(1391, 5),
(1391, 6),
(1391, 9),
(1391, 14),
(1391, 15),
(1392, 9),
(1392, 12),
(1392, 13),
(1392, 23),
(1393, 7),
(1393, 8),
(1393, 16),
(1393, 21),
(1393, 23),
(1394, 4),
(1394, 14),
(1394, 16),
(1394, 23),
(1395, 7),
(1396, 3),
(1396, 5),
(1396, 6),
(1396, 8),
(1396, 15),
(1397, 14),
(1398, 8),
(1398, 13),
(1398, 24),
(1398, 25),
(1399, 2),
(1400, 19),
(1401, 1),
(1401, 7),
(1401, 11),
(1402, 1),
(1402, 2),
(1402, 15),
(1402, 17),
(1403, 18),
(1404, 2),
(1404, 10),
(1404, 19),
(1404, 22),
(1404, 23),
(1405, 6),
(1405, 7),
(1405, 8),
(1405, 13),
(1405, 19),
(1406, 1),
(1406, 14),
(1406, 17),
(1407, 10),
(1407, 11),
(1407, 13),
(1407, 17),
(1407, 20),
(1408, 23),
(1408, 24),
(1409, 3),
(1410, 10),
(1410, 12),
(1410, 19),
(1410, 22),
(1410, 24),
(1411, 2),
(1411, 3),
(1411, 13),
(1411, 21),
(1412, 11),
(1412, 17),
(1412, 19),
(1413, 15),
(1413, 16),
(1413, 17),
(1414, 20),
(1415, 8),
(1415, 16),
(1416, 6),
(1417, 5),
(1418, 17),
(1418, 18),
(1418, 19),
(1419, 6),
(1419, 14),
(1419, 15),
(1420, 1),
(1420, 4),
(1420, 15),
(1420, 18),
(1420, 24),
(1421, 1),
(1421, 11),
(1421, 14),
(1421, 20),
(1421, 23),
(1422, 3),
(1422, 15),
(1423, 18),
(1423, 24),
(1424, 24),
(1425, 16),
(1426, 6),
(1426, 20),
(1426, 24),
(1426, 25),
(1427, 6),
(1427, 16),
(1428, 24),
(1429, 3),
(1429, 14),
(1429, 19),
(1430, 12),
(1430, 13),
(1430, 14),
(1431, 1),
(1431, 2),
(1431, 3),
(1431, 13),
(1431, 17),
(1432, 8),
(1432, 14),
(1432, 22),
(1432, 24),
(1433, 6),
(1433, 9),
(1433, 13),
(1433, 14),
(1433, 25),
(1434, 1),
(1434, 16),
(1435, 1),
(1435, 13),
(1435, 21),
(1435, 24),
(1436, 3),
(1436, 12),
(1436, 13),
(1436, 14),
(1436, 25),
(1437, 10),
(1437, 18),
(1437, 23),
(1437, 25),
(1437, 26),
(1438, 2),
(1438, 3),
(1438, 14),
(1438, 22),
(1439, 11),
(1439, 17),
(1439, 19),
(1439, 21),
(1439, 22),
(1440, 1),
(1440, 5),
(1440, 6),
(1440, 8),
(1440, 14),
(1441, 2),
(1441, 9),
(1442, 8),
(1442, 19),
(1443, 10),
(1443, 18),
(1444, 4),
(1444, 7),
(1444, 16),
(1445, 17),
(1445, 18),
(1446, 2),
(1446, 19),
(1446, 25),
(1447, 4),
(1447, 20),
(1448, 1),
(1449, 7),
(1449, 16),
(1449, 25),
(1450, 3),
(1450, 15),
(1450, 17),
(1450, 18),
(1450, 19),
(1451, 2),
(1451, 24),
(1452, 6),
(1452, 8),
(1452, 14),
(1452, 17),
(1453, 9),
(1453, 21),
(1454, 3),
(1454, 6),
(1454, 21),
(1455, 1),
(1455, 16),
(1456, 5),
(1456, 10),
(1456, 16),
(1456, 20),
(1457, 8),
(1457, 14),
(1457, 15),
(1457, 16),
(1457, 22),
(1458, 22),
(1459, 4),
(1460, 16),
(1460, 20),
(1460, 23),
(1461, 1),
(1461, 17),
(1461, 19),
(1461, 20),
(1462, 8),
(1462, 10),
(1462, 12),
(1462, 13),
(1463, 3),
(1463, 16),
(1463, 17),
(1463, 23),
(1463, 24),
(1464, 4),
(1464, 9),
(1464, 14),
(1464, 16),
(1464, 22),
(1465, 12),
(1465, 22),
(1466, 4),
(1466, 11),
(1466, 25),
(1467, 9),
(1468, 7),
(1468, 14),
(1468, 22),
(1469, 5),
(1470, 1),
(1471, 15),
(1471, 16),
(1472, 12),
(1472, 23),
(1473, 4),
(1474, 1),
(1474, 15),
(1474, 22),
(1474, 23),
(1474, 24),
(1475, 13),
(1476, 1),
(1476, 11),
(1476, 12),
(1476, 25),
(1476, 26),
(1477, 5),
(1477, 6),
(1477, 14),
(1477, 20),
(1477, 24),
(1478, 6),
(1478, 9),
(1478, 10),
(1478, 11),
(1478, 12),
(1479, 7),
(1479, 14),
(1479, 22),
(1479, 25),
(1480, 5),
(1480, 17),
(1480, 18),
(1480, 19),
(1481, 13),
(1481, 14),
(1481, 22),
(1482, 4),
(1482, 5),
(1482, 11),
(1482, 19),
(1482, 23),
(1483, 6),
(1483, 16),
(1483, 19),
(1483, 24),
(1483, 25),
(1484, 6),
(1485, 8),
(1486, 10),
(1486, 12),
(1486, 16),
(1486, 19),
(1487, 13),
(1488, 2),
(1488, 20),
(1489, 3),
(1489, 12),
(1489, 15),
(1489, 16),
(1489, 22),
(1490, 6),
(1490, 7),
(1490, 8),
(1490, 25),
(1491, 1),
(1491, 7),
(1491, 8),
(1491, 20),
(1491, 22),
(1492, 13),
(1493, 19),
(1494, 6),
(1494, 7),
(1494, 8),
(1494, 10),
(1494, 13),
(1495, 2),
(1495, 5),
(1495, 10),
(1496, 20),
(1497, 7),
(1497, 14),
(1497, 16),
(1497, 19),
(1497, 23),
(1498, 1),
(1498, 13),
(1498, 16),
(1498, 19),
(1499, 5),
(1499, 17),
(1500, 3),
(1500, 9),
(1500, 16),
(1501, 4),
(1501, 7),
(1501, 19),
(1501, 21),
(1502, 5),
(1502, 6),
(1502, 19),
(1502, 20),
(1503, 15),
(1504, 8),
(1504, 25),
(1505, 5),
(1506, 2),
(1506, 9),
(1506, 10),
(1506, 13),
(1506, 20),
(1507, 3),
(1507, 25),
(1508, 23),
(1508, 25),
(1509, 3),
(1509, 9),
(1509, 10),
(1509, 21),
(1510, 4),
(1510, 10),
(1510, 12),
(1510, 18),
(1511, 8),
(1511, 21),
(1512, 5),
(1512, 11),
(1512, 18),
(1513, 2),
(1513, 3),
(1513, 8),
(1513, 9),
(1513, 22),
(1514, 1),
(1514, 8),
(1514, 10),
(1514, 19),
(1515, 5),
(1515, 13),
(1515, 14),
(1515, 22),
(1515, 25),
(1516, 1),
(1516, 16),
(1516, 17),
(1517, 2),
(1517, 11),
(1517, 13),
(1517, 18),
(1517, 21),
(1518, 2),
(1519, 7),
(1519, 14),
(1520, 1),
(1520, 4),
(1520, 5),
(1521, 2),
(1521, 5),
(1521, 10),
(1521, 17),
(1521, 25),
(1522, 10),
(1523, 6),
(1523, 7),
(1523, 17),
(1523, 19),
(1524, 3),
(1524, 6),
(1524, 7),
(1524, 16),
(1524, 17),
(1525, 6),
(1525, 14),
(1525, 17),
(1525, 24),
(1526, 15),
(1527, 11),
(1527, 13),
(1528, 4),
(1528, 5),
(1528, 22),
(1528, 23),
(1529, 3),
(1530, 1),
(1530, 23),
(1531, 2),
(1531, 25),
(1532, 7),
(1532, 10),
(1532, 20),
(1533, 3),
(1533, 11),
(1533, 20),
(1534, 20),
(1535, 3),
(1536, 5),
(1537, 9),
(1537, 10),
(1537, 11),
(1537, 20),
(1538, 12),
(1538, 13),
(1538, 15),
(1538, 25),
(1539, 2),
(1539, 10),
(1539, 13),
(1540, 2),
(1540, 14),
(1540, 15),
(1540, 16),
(1540, 25),
(1541, 7),
(1541, 9),
(1541, 10),
(1542, 15),
(1542, 24),
(1543, 6),
(1543, 15),
(1543, 20),
(1544, 12),
(1544, 19),
(1544, 24),
(1545, 2),
(1545, 21),
(1546, 7),
(1547, 2),
(1547, 16),
(1547, 17),
(1548, 17),
(1548, 21),
(1548, 24),
(1549, 3),
(1549, 5),
(1549, 7),
(1549, 22),
(1549, 24),
(1550, 21),
(1551, 4),
(1551, 8),
(1551, 14),
(1551, 24),
(1552, 2),
(1552, 12),
(1552, 14),
(1553, 1),
(1553, 6),
(1553, 18),
(1553, 21),
(1553, 24),
(1554, 20),
(1555, 11),
(1555, 12),
(1556, 5),
(1556, 20),
(1557, 5),
(1557, 12),
(1557, 22),
(1557, 25),
(1558, 14),
(1558, 22),
(1559, 5),
(1559, 18),
(1560, 2),
(1560, 7),
(1561, 4),
(1561, 8),
(1561, 19),
(1561, 23),
(1562, 7),
(1562, 16),
(1562, 20),
(1563, 3),
(1563, 8),
(1563, 9),
(1563, 12),
(1564, 5),
(1564, 6),
(1564, 9),
(1564, 17),
(1565, 6),
(1565, 7),
(1565, 8),
(1565, 9),
(1565, 13),
(1566, 15),
(1567, 8),
(1567, 15),
(1568, 7),
(1568, 15),
(1569, 1),
(1570, 4),
(1570, 6),
(1570, 17),
(1570, 18),
(1570, 22),
(1571, 5),
(1571, 10),
(1571, 23),
(1572, 2),
(1572, 3),
(1572, 15),
(1572, 17),
(1572, 20),
(1573, 7),
(1573, 8),
(1574, 9),
(1574, 11),
(1574, 12),
(1574, 15),
(1574, 17),
(1575, 9),
(1576, 2),
(1576, 3),
(1576, 22),
(1577, 17),
(1578, 2),
(1578, 13),
(1579, 5),
(1579, 12),
(1579, 25),
(1580, 4),
(1580, 11),
(1580, 12),
(1580, 13),
(1580, 14),
(1581, 9),
(1581, 19),
(1581, 20),
(1582, 7),
(1582, 8),
(1582, 17),
(1582, 21),
(1583, 11),
(1583, 15),
(1583, 23),
(1584, 1),
(1584, 16),
(1585, 6),
(1585, 16),
(1586, 12),
(1586, 13),
(1587, 3),
(1587, 15),
(1588, 15),
(1589, 2),
(1589, 5),
(1589, 8),
(1589, 18),
(1589, 21),
(1590, 9),
(1590, 24),
(1590, 25),
(1591, 6),
(1591, 25),
(1592, 3),
(1592, 11),
(1592, 13),
(1593, 7),
(1593, 8),
(1594, 9),
(1594, 21),
(1594, 22),
(1594, 24),
(1595, 1),
(1595, 4),
(1595, 7),
(1595, 24),
(1596, 7),
(1596, 14),
(1596, 17),
(1596, 21),
(1596, 23),
(1597, 9),
(1597, 17),
(1597, 25),
(1598, 19),
(1598, 23),
(1599, 10),
(1600, 5),
(1600, 6),
(1600, 19),
(1600, 20),
(1600, 22),
(1601, 6),
(1601, 16),
(1602, 1),
(1602, 9),
(1602, 10),
(1602, 25),
(1603, 4),
(1604, 14),
(1604, 15),
(1604, 21),
(1604, 24),
(1605, 8),
(1605, 12),
(1605, 18),
(1606, 6),
(1606, 13),
(1607, 7),
(1608, 1),
(1608, 12),
(1608, 14),
(1608, 19),
(1608, 20),
(1609, 1),
(1609, 14),
(1609, 23),
(1610, 2),
(1610, 10),
(1610, 12),
(1611, 4),
(1611, 5),
(1611, 6),
(1611, 17),
(1612, 13),
(1612, 19),
(1613, 12),
(1613, 14),
(1613, 17),
(1613, 22),
(1614, 6),
(1614, 11),
(1614, 20),
(1615, 15),
(1616, 10),
(1616, 15),
(1617, 1),
(1617, 4),
(1617, 5),
(1617, 19),
(1618, 21),
(1619, 1),
(1619, 2),
(1619, 5),
(1619, 11),
(1620, 8),
(1621, 8),
(1621, 16),
(1621, 17),
(1621, 20),
(1622, 10),
(1623, 5),
(1623, 6),
(1623, 7),
(1623, 8),
(1623, 10),
(1624, 7),
(1624, 11),
(1624, 17),
(1624, 24),
(1625, 1),
(1625, 15),
(1625, 25),
(1626, 4),
(1626, 5),
(1626, 11),
(1626, 12),
(1626, 18),
(1627, 4),
(1627, 22),
(1627, 23),
(1627, 24),
(1627, 25),
(1628, 11),
(1628, 19),
(1629, 14),
(1630, 5),
(1630, 22),
(1631, 3),
(1631, 22),
(1632, 10),
(1633, 1),
(1633, 3),
(1633, 6),
(1634, 24),
(1635, 3),
(1635, 14),
(1635, 18),
(1635, 22),
(1635, 23),
(1636, 8),
(1636, 11),
(1637, 4),
(1637, 7),
(1637, 23),
(1637, 24),
(1637, 25),
(1638, 6),
(1638, 7),
(1639, 8),
(1639, 9),
(1639, 21),
(1640, 5),
(1640, 14),
(1640, 21),
(1641, 4),
(1641, 17),
(1641, 23),
(1641, 25),
(1642, 6),
(1642, 15),
(1642, 21),
(1643, 14),
(1643, 16),
(1643, 17),
(1643, 21),
(1644, 13),
(1644, 22),
(1645, 7),
(1645, 10),
(1645, 21),
(1646, 9),
(1646, 17),
(1646, 23),
(1647, 8),
(1647, 19),
(1647, 25),
(1648, 14),
(1648, 18),
(1649, 1),
(1649, 7),
(1650, 25),
(1651, 2),
(1651, 16),
(1651, 20),
(1651, 24),
(1652, 14),
(1652, 23),
(1653, 3),
(1653, 4),
(1653, 10),
(1653, 11),
(1653, 12),
(1654, 2),
(1654, 14),
(1654, 16),
(1655, 7),
(1655, 14),
(1655, 15),
(1655, 20),
(1655, 24),
(1656, 10),
(1657, 16),
(1658, 1),
(1658, 13),
(1658, 16),
(1658, 22),
(1658, 25),
(1659, 16),
(1659, 22),
(1660, 17),
(1660, 18),
(1661, 2),
(1661, 16),
(1661, 19),
(1662, 3),
(1662, 7),
(1662, 21),
(1663, 3),
(1664, 17),
(1664, 20),
(1665, 11),
(1665, 13),
(1666, 16),
(1667, 15),
(1667, 22),
(1667, 23),
(1667, 24),
(1668, 19),
(1668, 20),
(1669, 15),
(1669, 25),
(1670, 14),
(1670, 15),
(1670, 16),
(1670, 18),
(1670, 22),
(1671, 5),
(1671, 10),
(1671, 18),
(1671, 24),
(1672, 18),
(1672, 24),
(1673, 17),
(1674, 8),
(1674, 9),
(1674, 10),
(1675, 9),
(1675, 11),
(1675, 22),
(1676, 4),
(1676, 8),
(1676, 10),
(1676, 14),
(1677, 8),
(1678, 7),
(1678, 8),
(1678, 17),
(1678, 19),
(1679, 6),
(1679, 11),
(1679, 18),
(1679, 19),
(1679, 22),
(1680, 8),
(1680, 9),
(1681, 2),
(1681, 4),
(1681, 22),
(1682, 2),
(1682, 7),
(1682, 11),
(1683, 1),
(1684, 4),
(1684, 5),
(1684, 8),
(1684, 11),
(1685, 4),
(1685, 6),
(1685, 25),
(1686, 3),
(1686, 6),
(1686, 7),
(1686, 11),
(1686, 13),
(1687, 7),
(1687, 8),
(1687, 14),
(1687, 17),
(1688, 19),
(1689, 3),
(1689, 9),
(1689, 14),
(1690, 4),
(1690, 16),
(1691, 2),
(1691, 3),
(1691, 7),
(1691, 8),
(1691, 23),
(1692, 9),
(1692, 15),
(1692, 16),
(1692, 19),
(1692, 20),
(1693, 9),
(1693, 18),
(1694, 3),
(1695, 6),
(1695, 14),
(1696, 9),
(1696, 10),
(1696, 13),
(1696, 17),
(1697, 1),
(1697, 13),
(1697, 15),
(1698, 6),
(1698, 22),
(1699, 3),
(1699, 15),
(1700, 1),
(1700, 12),
(1700, 14),
(1700, 15),
(1701, 6),
(1701, 7),
(1701, 24),
(1701, 25),
(1702, 10),
(1702, 11),
(1702, 14),
(1702, 16),
(1702, 17),
(1703, 2),
(1703, 11),
(1703, 13),
(1703, 23),
(1704, 8),
(1704, 12),
(1704, 24),
(1704, 25),
(1704, 26),
(1705, 2),
(1705, 16),
(1705, 20),
(1705, 24),
(1706, 2),
(1706, 8),
(1706, 15),
(1706, 20),
(1706, 21),
(1707, 4),
(1707, 15),
(1708, 9),
(1709, 4),
(1709, 8),
(1709, 9),
(1709, 16),
(1709, 21),
(1710, 3),
(1710, 10),
(1711, 8),
(1711, 16),
(1712, 3),
(1712, 8),
(1712, 9),
(1712, 14),
(1712, 15),
(1713, 1),
(1714, 4),
(1714, 18),
(1715, 6),
(1716, 5),
(1716, 6),
(1716, 7),
(1716, 10),
(1716, 13),
(1717, 11),
(1717, 12),
(1717, 15),
(1717, 17),
(1717, 22),
(1718, 14),
(1719, 7),
(1720, 5),
(1720, 18),
(1720, 21),
(1720, 24),
(1721, 10),
(1721, 21),
(1721, 24),
(1721, 25),
(1722, 7),
(1722, 10),
(1722, 17),
(1722, 21),
(1722, 24),
(1723, 11),
(1723, 13),
(1723, 22),
(1723, 23),
(1724, 20),
(1725, 3),
(1725, 7),
(1725, 16),
(1725, 18),
(1725, 21),
(1726, 8),
(1726, 15),
(1726, 19),
(1726, 23),
(1727, 3),
(1727, 6),
(1727, 10),
(1727, 16),
(1727, 24),
(1728, 25),
(1729, 19),
(1730, 22),
(1731, 1),
(1731, 9),
(1731, 10),
(1732, 2),
(1732, 6),
(1732, 12),
(1733, 21),
(1733, 24),
(1734, 16),
(1734, 22),
(1735, 2),
(1735, 3),
(1735, 10),
(1735, 14),
(1735, 15),
(1736, 22),
(1737, 1),
(1737, 6),
(1737, 13),
(1738, 16),
(1738, 21),
(1738, 22),
(1739, 16),
(1739, 24),
(1739, 25),
(1740, 17),
(1740, 18),
(1741, 1),
(1742, 3),
(1742, 10),
(1742, 11),
(1742, 12),
(1743, 1),
(1743, 3),
(1743, 5),
(1743, 25),
(1744, 25),
(1745, 1),
(1745, 9),
(1745, 10),
(1745, 16),
(1745, 20),
(1746, 2),
(1746, 10),
(1746, 12),
(1746, 16),
(1747, 21),
(1748, 3),
(1748, 9),
(1748, 12),
(1748, 15),
(1748, 17),
(1749, 15),
(1749, 21),
(1749, 23),
(1750, 6),
(1750, 14),
(1750, 15),
(1750, 24),
(1751, 19),
(1751, 20),
(1751, 21),
(1751, 25),
(1752, 7),
(1752, 19),
(1753, 6),
(1754, 9),
(1754, 25),
(1755, 2),
(1755, 4),
(1755, 13),
(1755, 14),
(1755, 23),
(1756, 23),
(1757, 3),
(1757, 4),
(1758, 11),
(1759, 6),
(1759, 7),
(1759, 13),
(1759, 15),
(1760, 3),
(1760, 6),
(1760, 12),
(1760, 14),
(1760, 16),
(1761, 6),
(1761, 7),
(1761, 9),
(1761, 15),
(1762, 3),
(1763, 3),
(1763, 4),
(1763, 5),
(1763, 6),
(1763, 7),
(1764, 2),
(1764, 14),
(1765, 11),
(1765, 12),
(1765, 20),
(1765, 22),
(1765, 23),
(1766, 4),
(1766, 12),
(1766, 18),
(1767, 3),
(1767, 17),
(1767, 18),
(1768, 14),
(1768, 17),
(1768, 18),
(1768, 25),
(1769, 12),
(1770, 7),
(1770, 10),
(1770, 13),
(1770, 19),
(1770, 21),
(1771, 4),
(1771, 7),
(1771, 12),
(1771, 18),
(1772, 11),
(1772, 12),
(1772, 19),
(1772, 22),
(1772, 23),
(1773, 17),
(1774, 4),
(1774, 14),
(1774, 19),
(1775, 4),
(1775, 10),
(1775, 13),
(1775, 16),
(1776, 13),
(1776, 18),
(1777, 11),
(1777, 12),
(1777, 14),
(1777, 21),
(1778, 25),
(1779, 6),
(1779, 13),
(1779, 19),
(1779, 20),
(1779, 24),
(1780, 1),
(1780, 7),
(1780, 11),
(1780, 18),
(1781, 2),
(1781, 9),
(1781, 13),
(1781, 20),
(1782, 7),
(1782, 10),
(1782, 11),
(1782, 18),
(1782, 21),
(1783, 3),
(1783, 4),
(1783, 16),
(1783, 18),
(1783, 19),
(1784, 10),
(1784, 15),
(1785, 5),
(1785, 25),
(1786, 3),
(1786, 22),
(1786, 24),
(1787, 13),
(1787, 14),
(1787, 15),
(1787, 23),
(1788, 1),
(1788, 10),
(1788, 12),
(1788, 19),
(1789, 7),
(1790, 4),
(1790, 8),
(1790, 22),
(1790, 23),
(1791, 17),
(1791, 20),
(1791, 25),
(1792, 3),
(1792, 4),
(1792, 18),
(1792, 24),
(1792, 25),
(1793, 9),
(1793, 12),
(1793, 16),
(1794, 3),
(1794, 9),
(1794, 23),
(1795, 11),
(1795, 17),
(1796, 3),
(1797, 2),
(1797, 7),
(1797, 15),
(1797, 23),
(1797, 25),
(1798, 4),
(1798, 15),
(1798, 16),
(1798, 24),
(1799, 5),
(1799, 6),
(1799, 11),
(1799, 16),
(1799, 19),
(1800, 20),
(1800, 22),
(1800, 23),
(1800, 24),
(1801, 2),
(1801, 19),
(1802, 6),
(1802, 9),
(1802, 10),
(1802, 11),
(1802, 25),
(1803, 6),
(1803, 18),
(1804, 17),
(1805, 1),
(1805, 20),
(1805, 21),
(1805, 22),
(1805, 23),
(1806, 8),
(1806, 9),
(1806, 10),
(1806, 11),
(1806, 22),
(1807, 2),
(1808, 5),
(1808, 10),
(1808, 12),
(1808, 14),
(1808, 17),
(1809, 2),
(1809, 13),
(1809, 23),
(1810, 16),
(1810, 24),
(1811, 1),
(1811, 9),
(1811, 10),
(1812, 6),
(1812, 16),
(1812, 22),
(1813, 23),
(1814, 12),
(1814, 14),
(1814, 23),
(1814, 24),
(1815, 10),
(1815, 17),
(1815, 19),
(1816, 1),
(1816, 20),
(1816, 23),
(1817, 9),
(1817, 13),
(1817, 15),
(1818, 4),
(1818, 9),
(1818, 12),
(1818, 22),
(1819, 9),
(1820, 13),
(1820, 15),
(1820, 17),
(1820, 25),
(1821, 5),
(1822, 1),
(1822, 2),
(1822, 3),
(1822, 14),
(1823, 3),
(1823, 9),
(1823, 12),
(1823, 14),
(1823, 17),
(1824, 2),
(1824, 4),
(1824, 6),
(1824, 18),
(1824, 19),
(1825, 4),
(1825, 11),
(1825, 13),
(1825, 20),
(1825, 25),
(1826, 5),
(1827, 2),
(1827, 4),
(1827, 13),
(1827, 23),
(1828, 4),
(1828, 6),
(1828, 8),
(1828, 12),
(1829, 15),
(1829, 24),
(1830, 6),
(1831, 5),
(1831, 11),
(1831, 17),
(1832, 23),
(1833, 4),
(1833, 13),
(1833, 17);
INSERT INTO `plataforma_videojuego` (`ID_VIDEOJUEGO`, `ID_PLATAFORMA`) VALUES
(1833, 18),
(1833, 21),
(1834, 10),
(1834, 11),
(1834, 17),
(1835, 22),
(1836, 8),
(1836, 19),
(1837, 3),
(1837, 7),
(1837, 11),
(1837, 16),
(1838, 1),
(1838, 11),
(1838, 20),
(1839, 11),
(1840, 6),
(1840, 9),
(1840, 10),
(1840, 13),
(1840, 17),
(1841, 9),
(1841, 18),
(1842, 14),
(1843, 8),
(1843, 10),
(1843, 19),
(1843, 21),
(1844, 1),
(1844, 2),
(1844, 25),
(1845, 3),
(1845, 18),
(1845, 22),
(1845, 24),
(1846, 8),
(1846, 15),
(1846, 25),
(1847, 21),
(1848, 2),
(1848, 6),
(1849, 3),
(1849, 7),
(1849, 11),
(1849, 12),
(1850, 9),
(1850, 12),
(1850, 17),
(1851, 6),
(1851, 7),
(1852, 17),
(1852, 23),
(1852, 25),
(1853, 21),
(1854, 11),
(1855, 7),
(1855, 10),
(1856, 9),
(1856, 15),
(1856, 23),
(1856, 24),
(1856, 25),
(1857, 9),
(1857, 10),
(1857, 21),
(1857, 23),
(1858, 4),
(1858, 9),
(1858, 13),
(1858, 19),
(1859, 6),
(1860, 5),
(1860, 7),
(1860, 24),
(1861, 12),
(1861, 14),
(1861, 23),
(1862, 6),
(1862, 7),
(1862, 12),
(1862, 18),
(1862, 22),
(1863, 15),
(1863, 16),
(1863, 21),
(1863, 24),
(1864, 7),
(1864, 15),
(1864, 24),
(1864, 25),
(1864, 26),
(1865, 2),
(1865, 11),
(1865, 16),
(1865, 20),
(1865, 21),
(1866, 2),
(1866, 13),
(1867, 3),
(1867, 5),
(1867, 6),
(1867, 10),
(1867, 14),
(1868, 2),
(1868, 10),
(1868, 16),
(1868, 19),
(1868, 22),
(1869, 3),
(1869, 23),
(1870, 4),
(1870, 6),
(1870, 10),
(1870, 12),
(1870, 14),
(1871, 24),
(1872, 6),
(1872, 13),
(1872, 16),
(1872, 19),
(1872, 24),
(1873, 15),
(1873, 17),
(1873, 22),
(1873, 23),
(1874, 3),
(1874, 10),
(1874, 13),
(1874, 16),
(1874, 18),
(1875, 6),
(1875, 10),
(1875, 13),
(1875, 14),
(1875, 20),
(1876, 13),
(1876, 21),
(1876, 22),
(1876, 23),
(1877, 8),
(1877, 9),
(1877, 18),
(1877, 19),
(1877, 23),
(1878, 4),
(1878, 13),
(1878, 20),
(1878, 21),
(1879, 4),
(1879, 8),
(1879, 10),
(1880, 12),
(1881, 1),
(1881, 2),
(1881, 7),
(1881, 25),
(1882, 1),
(1882, 4),
(1882, 5),
(1882, 19),
(1883, 1),
(1883, 2),
(1883, 3),
(1883, 14),
(1883, 23),
(1884, 6),
(1884, 7),
(1884, 15),
(1884, 16),
(1885, 8),
(1885, 15),
(1886, 5),
(1886, 10),
(1887, 2),
(1887, 3),
(1888, 5),
(1889, 22),
(1889, 24),
(1890, 9),
(1891, 21),
(1891, 23),
(1892, 10),
(1892, 13),
(1892, 19),
(1893, 8),
(1893, 15),
(1894, 4),
(1894, 11),
(1894, 16),
(1895, 4),
(1895, 9),
(1895, 16),
(1895, 24),
(1895, 25),
(1896, 25),
(1897, 13),
(1897, 23),
(1897, 24),
(1897, 25),
(1898, 17),
(1899, 6),
(1899, 7),
(1899, 22),
(1899, 24),
(1900, 3),
(1900, 9),
(1900, 15),
(1900, 19),
(1900, 20),
(1901, 22),
(1901, 23),
(1902, 11),
(1902, 24),
(1902, 25),
(1903, 1),
(1903, 9),
(1904, 6),
(1905, 9),
(1905, 14),
(1906, 21),
(1906, 22),
(1907, 17),
(1907, 18),
(1907, 22),
(1907, 23),
(1907, 24),
(1908, 2),
(1908, 17),
(1908, 18),
(1909, 3),
(1909, 5),
(1909, 7),
(1909, 15),
(1909, 18),
(1910, 20),
(1911, 2),
(1911, 7),
(1911, 8),
(1911, 23),
(1912, 4),
(1913, 7),
(1914, 8),
(1914, 12),
(1914, 22),
(1915, 1),
(1916, 1),
(1916, 11),
(1916, 15),
(1916, 16),
(1916, 18),
(1917, 9),
(1917, 13),
(1917, 14),
(1917, 17),
(1917, 18),
(1918, 8),
(1918, 17),
(1919, 2),
(1919, 18),
(1920, 9),
(1920, 25),
(1920, 26),
(1921, 15),
(1921, 17),
(1921, 18),
(1921, 23),
(1922, 9),
(1922, 11),
(1922, 20),
(1923, 12),
(1924, 4),
(1924, 22),
(1924, 24),
(1924, 25),
(1925, 1),
(1925, 5),
(1925, 25),
(1926, 14),
(1926, 23),
(1927, 1),
(1927, 5),
(1927, 11),
(1927, 22),
(1927, 24),
(1928, 1),
(1928, 21),
(1928, 22),
(1928, 25),
(1929, 8),
(1929, 22),
(1929, 23),
(1929, 25),
(1930, 6),
(1930, 15),
(1930, 20),
(1930, 21),
(1931, 2),
(1931, 9),
(1931, 22),
(1932, 6),
(1932, 18),
(1932, 19),
(1933, 20),
(1933, 25),
(1934, 16),
(1935, 14),
(1936, 4),
(1936, 8),
(1936, 18),
(1936, 19),
(1936, 24),
(1937, 6),
(1937, 9),
(1937, 11),
(1937, 16),
(1937, 25),
(1938, 9),
(1938, 21),
(1938, 22),
(1938, 24),
(1939, 7),
(1939, 13),
(1940, 10),
(1940, 11),
(1940, 14),
(1940, 16),
(1940, 19),
(1941, 3),
(1942, 13),
(1942, 20),
(1943, 8),
(1943, 9),
(1943, 15),
(1943, 18),
(1943, 25),
(1944, 6),
(1944, 12),
(1944, 15),
(1944, 16),
(1944, 23),
(1945, 1),
(1945, 17),
(1946, 4),
(1947, 13),
(1948, 1),
(1948, 2),
(1948, 3),
(1948, 13),
(1949, 11),
(1949, 17),
(1950, 5),
(1951, 17),
(1952, 2),
(1952, 3),
(1952, 11),
(1952, 16),
(1952, 17),
(1953, 12),
(1954, 3),
(1954, 4),
(1954, 8),
(1954, 9),
(1954, 23),
(1955, 1),
(1955, 13),
(1956, 2),
(1956, 11),
(1956, 14),
(1956, 15),
(1956, 20),
(1957, 14),
(1957, 25),
(1957, 26),
(1958, 3),
(1958, 15),
(1958, 18),
(1958, 21),
(1958, 25),
(1959, 5),
(1960, 8),
(1960, 12),
(1960, 13),
(1960, 22),
(1961, 1),
(1961, 9),
(1961, 19),
(1962, 2),
(1962, 16),
(1962, 23),
(1962, 24),
(1963, 3),
(1963, 4),
(1963, 8),
(1963, 10),
(1963, 24),
(1964, 1),
(1964, 6),
(1964, 11),
(1965, 8),
(1965, 9),
(1965, 10),
(1965, 12),
(1966, 2),
(1966, 18),
(1967, 10),
(1967, 12),
(1967, 18),
(1968, 6),
(1968, 14),
(1968, 21),
(1969, 12),
(1969, 19),
(1969, 23),
(1970, 2),
(1970, 5),
(1970, 20),
(1971, 5),
(1972, 21),
(1973, 9),
(1973, 15),
(1973, 19),
(1973, 22),
(1974, 2),
(1974, 11),
(1974, 14),
(1974, 15),
(1974, 20),
(1975, 11),
(1975, 16),
(1975, 23),
(1976, 5),
(1977, 7),
(1977, 9),
(1977, 20),
(1978, 9),
(1978, 13),
(1979, 5),
(1979, 6),
(1979, 22),
(1979, 24),
(1980, 3),
(1980, 11),
(1980, 12),
(1981, 5),
(1982, 8),
(1982, 22),
(1983, 5),
(1983, 21),
(1984, 5),
(1984, 16),
(1984, 25),
(1985, 3),
(1985, 8),
(1985, 19),
(1985, 21),
(1986, 8),
(1987, 5),
(1987, 13),
(1988, 4),
(1989, 3),
(1989, 20),
(1990, 4),
(1991, 3),
(1991, 11),
(1991, 15),
(1991, 23),
(1992, 10),
(1992, 18),
(1992, 25),
(1993, 2),
(1993, 5),
(1993, 18),
(1993, 25),
(1994, 3),
(1994, 8),
(1994, 9),
(1995, 13),
(1995, 23),
(1996, 20),
(1996, 22),
(1997, 2),
(1997, 3),
(1997, 5),
(1997, 12),
(1998, 11),
(1998, 22),
(1999, 7),
(1999, 13),
(1999, 22),
(1999, 23),
(1999, 24),
(2000, 6),
(2000, 13);

-- --------------------------------------------------------

--
-- Estructura de tabla para la tabla `textos`
--

CREATE TABLE `textos` (
  `ID_TEXTO` int(11) NOT NULL,
  `TEXTO_ES` varchar(200) NOT NULL,
  `TEXTO_EN` varchar(200) NOT NULL,
  `TEXTO_PT` varchar(200) NOT NULL
) ENGINE=InnoDB DEFAULT CHARSET=utf8;

-- --------------------------------------------------------

--
-- Estructura de tabla para la tabla `usuario`
--

CREATE TABLE `usuario` (
  `ID_USUARIO` int(11) NOT NULL,
  `CONTRASEÑA` varchar(20) NOT NULL,
  `NOMBRE_USUARIO` varchar(20) NOT NULL,
  `APELLIDOS_USUARIO` varchar(40) NOT NULL,
  `EMAIL` varchar(30) NOT NULL
) ENGINE=InnoDB DEFAULT CHARSET=utf8;

--
-- Volcado de datos para la tabla `usuario`
--

INSERT INTO `usuario` (`ID_USUARIO`, `CONTRASEÑA`, `NOMBRE_USUARIO`, `APELLIDOS_USUARIO`, `EMAIL`) VALUES
(1, '1', 'Nombre_Usuario_1', 'Apellido_Usuario_1', 'email_1@email.com'),
(2, '2', 'Nombre_Usuario_2', 'Apellido_Usuario_2', 'email_2@email.com'),
(3, '3', 'Nombre_Usuario_3', 'Apellido_Usuario_3', 'email_3@email.com'),
(4, '4', 'Nombre_Usuario_4', 'Apellido_Usuario_4', 'email_4@email.com'),
(5, '5', 'Nombre_Usuario_5', 'Apellido_Usuario_5', 'email_5@email.com'),
(6, '6', 'Nombre_Usuario_6', 'Apellido_Usuario_6', 'email_6@email.com'),
(7, '7', 'Nombre_Usuario_7', 'Apellido_Usuario_7', 'email_7@email.com'),
(8, '8', 'Nombre_Usuario_8', 'Apellido_Usuario_8', 'email_8@email.com'),
(9, '9', 'Nombre_Usuario_9', 'Apellido_Usuario_9', 'email_9@email.com'),
(10, '10', 'Nombre_Usuario_10', 'Apellido_Usuario_10', 'email_10@email.com'),
(11, '11', 'Nombre_Usuario_11', 'Apellido_Usuario_11', 'email_11@email.com'),
(12, '12', 'Nombre_Usuario_12', 'Apellido_Usuario_12', 'email_12@email.com'),
(13, '13', 'Nombre_Usuario_13', 'Apellido_Usuario_13', 'email_13@email.com'),
(14, '14', 'Nombre_Usuario_14', 'Apellido_Usuario_14', 'email_14@email.com'),
(15, '15', 'Nombre_Usuario_15', 'Apellido_Usuario_15', 'email_15@email.com'),
(16, '16', 'Nombre_Usuario_16', 'Apellido_Usuario_16', 'email_16@email.com'),
(17, '17', 'Nombre_Usuario_17', 'Apellido_Usuario_17', 'email_17@email.com'),
(18, '18', 'Nombre_Usuario_18', 'Apellido_Usuario_18', 'email_18@email.com'),
(19, '19', 'Nombre_Usuario_19', 'Apellido_Usuario_19', 'email_19@email.com'),
(20, '20', 'Nombre_Usuario_20', 'Apellido_Usuario_20', 'email_20@email.com'),
(21, '21', 'Nombre_Usuario_21', 'Apellido_Usuario_21', 'email_21@email.com'),
(22, '22', 'Nombre_Usuario_22', 'Apellido_Usuario_22', 'email_22@email.com'),
(23, '23', 'Nombre_Usuario_23', 'Apellido_Usuario_23', 'email_23@email.com'),
(24, '24', 'Nombre_Usuario_24', 'Apellido_Usuario_24', 'email_24@email.com'),
(25, '25', 'Nombre_Usuario_25', 'Apellido_Usuario_25', 'email_25@email.com'),
(26, '26', 'Nombre_Usuario_26', 'Apellido_Usuario_26', 'email_26@email.com'),
(27, '27', 'Nombre_Usuario_27', 'Apellido_Usuario_27', 'email_27@email.com'),
(28, '28', 'Nombre_Usuario_28', 'Apellido_Usuario_28', 'email_28@email.com'),
(29, '29', 'Nombre_Usuario_29', 'Apellido_Usuario_29', 'email_29@email.com'),
(30, '30', 'Nombre_Usuario_30', 'Apellido_Usuario_30', 'email_30@email.com'),
(31, '31', 'Nombre_Usuario_31', 'Apellido_Usuario_31', 'email_31@email.com'),
(32, '32', 'Nombre_Usuario_32', 'Apellido_Usuario_32', 'email_32@email.com'),
(33, '33', 'Nombre_Usuario_33', 'Apellido_Usuario_33', 'email_33@email.com'),
(34, '34', 'Nombre_Usuario_34', 'Apellido_Usuario_34', 'email_34@email.com'),
(35, '35', 'Nombre_Usuario_35', 'Apellido_Usuario_35', 'email_35@email.com'),
(36, '36', 'Nombre_Usuario_36', 'Apellido_Usuario_36', 'email_36@email.com'),
(37, '37', 'Nombre_Usuario_37', 'Apellido_Usuario_37', 'email_37@email.com'),
(38, '38', 'Nombre_Usuario_38', 'Apellido_Usuario_38', 'email_38@email.com'),
(39, '39', 'Nombre_Usuario_39', 'Apellido_Usuario_39', 'email_39@email.com'),
(40, '40', 'Nombre_Usuario_40', 'Apellido_Usuario_40', 'email_40@email.com'),
(41, '41', 'Nombre_Usuario_41', 'Apellido_Usuario_41', 'email_41@email.com'),
(42, '42', 'Nombre_Usuario_42', 'Apellido_Usuario_42', 'email_42@email.com'),
(43, '43', 'Nombre_Usuario_43', 'Apellido_Usuario_43', 'email_43@email.com'),
(44, '44', 'Nombre_Usuario_44', 'Apellido_Usuario_44', 'email_44@email.com'),
(45, '45', 'Nombre_Usuario_45', 'Apellido_Usuario_45', 'email_45@email.com'),
(46, '46', 'Nombre_Usuario_46', 'Apellido_Usuario_46', 'email_46@email.com'),
(47, '47', 'Nombre_Usuario_47', 'Apellido_Usuario_47', 'email_47@email.com'),
(48, '48', 'Nombre_Usuario_48', 'Apellido_Usuario_48', 'email_48@email.com'),
(49, '49', 'Nombre_Usuario_49', 'Apellido_Usuario_49', 'email_49@email.com'),
(50, '50', 'Nombre_Usuario_50', 'Apellido_Usuario_50', 'email_50@email.com'),
(51, '51', 'Nombre_Usuario_51', 'Apellido_Usuario_51', 'email_51@email.com'),
(52, '52', 'Nombre_Usuario_52', 'Apellido_Usuario_52', 'email_52@email.com'),
(53, '53', 'Nombre_Usuario_53', 'Apellido_Usuario_53', 'email_53@email.com'),
(54, '54', 'Nombre_Usuario_54', 'Apellido_Usuario_54', 'email_54@email.com'),
(55, '55', 'Nombre_Usuario_55', 'Apellido_Usuario_55', 'email_55@email.com'),
(56, '56', 'Nombre_Usuario_56', 'Apellido_Usuario_56', 'email_56@email.com'),
(57, '57', 'Nombre_Usuario_57', 'Apellido_Usuario_57', 'email_57@email.com'),
(58, '58', 'Nombre_Usuario_58', 'Apellido_Usuario_58', 'email_58@email.com'),
(59, '59', 'Nombre_Usuario_59', 'Apellido_Usuario_59', 'email_59@email.com'),
(60, '60', 'Nombre_Usuario_60', 'Apellido_Usuario_60', 'email_60@email.com'),
(61, '61', 'Nombre_Usuario_61', 'Apellido_Usuario_61', 'email_61@email.com'),
(62, '62', 'Nombre_Usuario_62', 'Apellido_Usuario_62', 'email_62@email.com'),
(63, '63', 'Nombre_Usuario_63', 'Apellido_Usuario_63', 'email_63@email.com'),
(64, '64', 'Nombre_Usuario_64', 'Apellido_Usuario_64', 'email_64@email.com'),
(65, '65', 'Nombre_Usuario_65', 'Apellido_Usuario_65', 'email_65@email.com'),
(66, '66', 'Nombre_Usuario_66', 'Apellido_Usuario_66', 'email_66@email.com'),
(67, '67', 'Nombre_Usuario_67', 'Apellido_Usuario_67', 'email_67@email.com'),
(68, '68', 'Nombre_Usuario_68', 'Apellido_Usuario_68', 'email_68@email.com'),
(69, '69', 'Nombre_Usuario_69', 'Apellido_Usuario_69', 'email_69@email.com'),
(70, '70', 'Nombre_Usuario_70', 'Apellido_Usuario_70', 'email_70@email.com'),
(71, '71', 'Nombre_Usuario_71', 'Apellido_Usuario_71', 'email_71@email.com'),
(72, '72', 'Nombre_Usuario_72', 'Apellido_Usuario_72', 'email_72@email.com'),
(73, '73', 'Nombre_Usuario_73', 'Apellido_Usuario_73', 'email_73@email.com'),
(74, '74', 'Nombre_Usuario_74', 'Apellido_Usuario_74', 'email_74@email.com'),
(75, '75', 'Nombre_Usuario_75', 'Apellido_Usuario_75', 'email_75@email.com'),
(76, '76', 'Nombre_Usuario_76', 'Apellido_Usuario_76', 'email_76@email.com'),
(77, '77', 'Nombre_Usuario_77', 'Apellido_Usuario_77', 'email_77@email.com'),
(78, '78', 'Nombre_Usuario_78', 'Apellido_Usuario_78', 'email_78@email.com'),
(79, '79', 'Nombre_Usuario_79', 'Apellido_Usuario_79', 'email_79@email.com'),
(80, '80', 'Nombre_Usuario_80', 'Apellido_Usuario_80', 'email_80@email.com'),
(81, '81', 'Nombre_Usuario_81', 'Apellido_Usuario_81', 'email_81@email.com'),
(82, '82', 'Nombre_Usuario_82', 'Apellido_Usuario_82', 'email_82@email.com'),
(83, '83', 'Nombre_Usuario_83', 'Apellido_Usuario_83', 'email_83@email.com'),
(84, '84', 'Nombre_Usuario_84', 'Apellido_Usuario_84', 'email_84@email.com'),
(85, '85', 'Nombre_Usuario_85', 'Apellido_Usuario_85', 'email_85@email.com'),
(86, '86', 'Nombre_Usuario_86', 'Apellido_Usuario_86', 'email_86@email.com'),
(87, '87', 'Nombre_Usuario_87', 'Apellido_Usuario_87', 'email_87@email.com'),
(88, '88', 'Nombre_Usuario_88', 'Apellido_Usuario_88', 'email_88@email.com'),
(89, '89', 'Nombre_Usuario_89', 'Apellido_Usuario_89', 'email_89@email.com'),
(90, '90', 'Nombre_Usuario_90', 'Apellido_Usuario_90', 'email_90@email.com'),
(91, '91', 'Nombre_Usuario_91', 'Apellido_Usuario_91', 'email_91@email.com'),
(92, '92', 'Nombre_Usuario_92', 'Apellido_Usuario_92', 'email_92@email.com'),
(93, '93', 'Nombre_Usuario_93', 'Apellido_Usuario_93', 'email_93@email.com'),
(94, '94', 'Nombre_Usuario_94', 'Apellido_Usuario_94', 'email_94@email.com'),
(95, '95', 'Nombre_Usuario_95', 'Apellido_Usuario_95', 'email_95@email.com'),
(96, '96', 'Nombre_Usuario_96', 'Apellido_Usuario_96', 'email_96@email.com'),
(97, '97', 'Nombre_Usuario_97', 'Apellido_Usuario_97', 'email_97@email.com'),
(98, '98', 'Nombre_Usuario_98', 'Apellido_Usuario_98', 'email_98@email.com'),
(99, '99', 'Nombre_Usuario_99', 'Apellido_Usuario_99', 'email_99@email.com'),
(100, '100', 'Nombre_Usuario_100', 'Apellido_Usuario_100', 'email_100@email.com'),
(101, '101', 'Nombre_Usuario_101', 'Apellido_Usuario_101', 'email_101@email.com'),
(102, '102', 'Nombre_Usuario_102', 'Apellido_Usuario_102', 'email_102@email.com'),
(103, '103', 'Nombre_Usuario_103', 'Apellido_Usuario_103', 'email_103@email.com'),
(104, '104', 'Nombre_Usuario_104', 'Apellido_Usuario_104', 'email_104@email.com'),
(105, '105', 'Nombre_Usuario_105', 'Apellido_Usuario_105', 'email_105@email.com'),
(106, '106', 'Nombre_Usuario_106', 'Apellido_Usuario_106', 'email_106@email.com'),
(107, '107', 'Nombre_Usuario_107', 'Apellido_Usuario_107', 'email_107@email.com'),
(108, '108', 'Nombre_Usuario_108', 'Apellido_Usuario_108', 'email_108@email.com'),
(109, '109', 'Nombre_Usuario_109', 'Apellido_Usuario_109', 'email_109@email.com'),
(110, '110', 'Nombre_Usuario_110', 'Apellido_Usuario_110', 'email_110@email.com'),
(111, '111', 'Nombre_Usuario_111', 'Apellido_Usuario_111', 'email_111@email.com'),
(112, '112', 'Nombre_Usuario_112', 'Apellido_Usuario_112', 'email_112@email.com'),
(113, '113', 'Nombre_Usuario_113', 'Apellido_Usuario_113', 'email_113@email.com'),
(114, '114', 'Nombre_Usuario_114', 'Apellido_Usuario_114', 'email_114@email.com'),
(115, '115', 'Nombre_Usuario_115', 'Apellido_Usuario_115', 'email_115@email.com'),
(116, '116', 'Nombre_Usuario_116', 'Apellido_Usuario_116', 'email_116@email.com'),
(117, '117', 'Nombre_Usuario_117', 'Apellido_Usuario_117', 'email_117@email.com'),
(118, '118', 'Nombre_Usuario_118', 'Apellido_Usuario_118', 'email_118@email.com'),
(119, '119', 'Nombre_Usuario_119', 'Apellido_Usuario_119', 'email_119@email.com'),
(120, '120', 'Nombre_Usuario_120', 'Apellido_Usuario_120', 'email_120@email.com'),
(121, '121', 'Nombre_Usuario_121', 'Apellido_Usuario_121', 'email_121@email.com'),
(122, '122', 'Nombre_Usuario_122', 'Apellido_Usuario_122', 'email_122@email.com'),
(123, '123', 'Nombre_Usuario_123', 'Apellido_Usuario_123', 'email_123@email.com'),
(124, '124', 'Nombre_Usuario_124', 'Apellido_Usuario_124', 'email_124@email.com'),
(125, '125', 'Nombre_Usuario_125', 'Apellido_Usuario_125', 'email_125@email.com'),
(126, '126', 'Nombre_Usuario_126', 'Apellido_Usuario_126', 'email_126@email.com'),
(127, '127', 'Nombre_Usuario_127', 'Apellido_Usuario_127', 'email_127@email.com'),
(128, '128', 'Nombre_Usuario_128', 'Apellido_Usuario_128', 'email_128@email.com'),
(129, '129', 'Nombre_Usuario_129', 'Apellido_Usuario_129', 'email_129@email.com'),
(130, '130', 'Nombre_Usuario_130', 'Apellido_Usuario_130', 'email_130@email.com'),
(131, '131', 'Nombre_Usuario_131', 'Apellido_Usuario_131', 'email_131@email.com'),
(132, '132', 'Nombre_Usuario_132', 'Apellido_Usuario_132', 'email_132@email.com'),
(133, '133', 'Nombre_Usuario_133', 'Apellido_Usuario_133', 'email_133@email.com'),
(134, '134', 'Nombre_Usuario_134', 'Apellido_Usuario_134', 'email_134@email.com'),
(135, '135', 'Nombre_Usuario_135', 'Apellido_Usuario_135', 'email_135@email.com'),
(136, '136', 'Nombre_Usuario_136', 'Apellido_Usuario_136', 'email_136@email.com'),
(137, '137', 'Nombre_Usuario_137', 'Apellido_Usuario_137', 'email_137@email.com'),
(138, '138', 'Nombre_Usuario_138', 'Apellido_Usuario_138', 'email_138@email.com'),
(139, '139', 'Nombre_Usuario_139', 'Apellido_Usuario_139', 'email_139@email.com'),
(140, '140', 'Nombre_Usuario_140', 'Apellido_Usuario_140', 'email_140@email.com'),
(141, '141', 'Nombre_Usuario_141', 'Apellido_Usuario_141', 'email_141@email.com'),
(142, '142', 'Nombre_Usuario_142', 'Apellido_Usuario_142', 'email_142@email.com'),
(143, '143', 'Nombre_Usuario_143', 'Apellido_Usuario_143', 'email_143@email.com'),
(144, '144', 'Nombre_Usuario_144', 'Apellido_Usuario_144', 'email_144@email.com'),
(145, '145', 'Nombre_Usuario_145', 'Apellido_Usuario_145', 'email_145@email.com'),
(146, '146', 'Nombre_Usuario_146', 'Apellido_Usuario_146', 'email_146@email.com'),
(147, '147', 'Nombre_Usuario_147', 'Apellido_Usuario_147', 'email_147@email.com'),
(148, '148', 'Nombre_Usuario_148', 'Apellido_Usuario_148', 'email_148@email.com'),
(149, '149', 'Nombre_Usuario_149', 'Apellido_Usuario_149', 'email_149@email.com'),
(150, '150', 'Nombre_Usuario_150', 'Apellido_Usuario_150', 'email_150@email.com'),
(151, '151', 'Nombre_Usuario_151', 'Apellido_Usuario_151', 'email_151@email.com'),
(152, '152', 'Nombre_Usuario_152', 'Apellido_Usuario_152', 'email_152@email.com'),
(153, '153', 'Nombre_Usuario_153', 'Apellido_Usuario_153', 'email_153@email.com'),
(154, '154', 'Nombre_Usuario_154', 'Apellido_Usuario_154', 'email_154@email.com'),
(155, '155', 'Nombre_Usuario_155', 'Apellido_Usuario_155', 'email_155@email.com'),
(156, '156', 'Nombre_Usuario_156', 'Apellido_Usuario_156', 'email_156@email.com'),
(157, '157', 'Nombre_Usuario_157', 'Apellido_Usuario_157', 'email_157@email.com'),
(158, '158', 'Nombre_Usuario_158', 'Apellido_Usuario_158', 'email_158@email.com'),
(159, '159', 'Nombre_Usuario_159', 'Apellido_Usuario_159', 'email_159@email.com'),
(160, '160', 'Nombre_Usuario_160', 'Apellido_Usuario_160', 'email_160@email.com'),
(161, '161', 'Nombre_Usuario_161', 'Apellido_Usuario_161', 'email_161@email.com'),
(162, '162', 'Nombre_Usuario_162', 'Apellido_Usuario_162', 'email_162@email.com'),
(163, '163', 'Nombre_Usuario_163', 'Apellido_Usuario_163', 'email_163@email.com'),
(164, '164', 'Nombre_Usuario_164', 'Apellido_Usuario_164', 'email_164@email.com'),
(165, '165', 'Nombre_Usuario_165', 'Apellido_Usuario_165', 'email_165@email.com'),
(166, '166', 'Nombre_Usuario_166', 'Apellido_Usuario_166', 'email_166@email.com'),
(167, '167', 'Nombre_Usuario_167', 'Apellido_Usuario_167', 'email_167@email.com'),
(168, '168', 'Nombre_Usuario_168', 'Apellido_Usuario_168', 'email_168@email.com'),
(169, '169', 'Nombre_Usuario_169', 'Apellido_Usuario_169', 'email_169@email.com'),
(170, '170', 'Nombre_Usuario_170', 'Apellido_Usuario_170', 'email_170@email.com'),
(171, '171', 'Nombre_Usuario_171', 'Apellido_Usuario_171', 'email_171@email.com'),
(172, '172', 'Nombre_Usuario_172', 'Apellido_Usuario_172', 'email_172@email.com'),
(173, '173', 'Nombre_Usuario_173', 'Apellido_Usuario_173', 'email_173@email.com'),
(174, '174', 'Nombre_Usuario_174', 'Apellido_Usuario_174', 'email_174@email.com'),
(175, '175', 'Nombre_Usuario_175', 'Apellido_Usuario_175', 'email_175@email.com'),
(176, '176', 'Nombre_Usuario_176', 'Apellido_Usuario_176', 'email_176@email.com'),
(177, '177', 'Nombre_Usuario_177', 'Apellido_Usuario_177', 'email_177@email.com'),
(178, '178', 'Nombre_Usuario_178', 'Apellido_Usuario_178', 'email_178@email.com'),
(179, '179', 'Nombre_Usuario_179', 'Apellido_Usuario_179', 'email_179@email.com'),
(180, '180', 'Nombre_Usuario_180', 'Apellido_Usuario_180', 'email_180@email.com'),
(181, '181', 'Nombre_Usuario_181', 'Apellido_Usuario_181', 'email_181@email.com'),
(182, '182', 'Nombre_Usuario_182', 'Apellido_Usuario_182', 'email_182@email.com'),
(183, '183', 'Nombre_Usuario_183', 'Apellido_Usuario_183', 'email_183@email.com'),
(184, '184', 'Nombre_Usuario_184', 'Apellido_Usuario_184', 'email_184@email.com'),
(185, '185', 'Nombre_Usuario_185', 'Apellido_Usuario_185', 'email_185@email.com'),
(186, '186', 'Nombre_Usuario_186', 'Apellido_Usuario_186', 'email_186@email.com'),
(187, '187', 'Nombre_Usuario_187', 'Apellido_Usuario_187', 'email_187@email.com'),
(188, '188', 'Nombre_Usuario_188', 'Apellido_Usuario_188', 'email_188@email.com'),
(189, '189', 'Nombre_Usuario_189', 'Apellido_Usuario_189', 'email_189@email.com'),
(190, '190', 'Nombre_Usuario_190', 'Apellido_Usuario_190', 'email_190@email.com'),
(191, '191', 'Nombre_Usuario_191', 'Apellido_Usuario_191', 'email_191@email.com'),
(192, '192', 'Nombre_Usuario_192', 'Apellido_Usuario_192', 'email_192@email.com'),
(193, '193', 'Nombre_Usuario_193', 'Apellido_Usuario_193', 'email_193@email.com'),
(194, '194', 'Nombre_Usuario_194', 'Apellido_Usuario_194', 'email_194@email.com'),
(195, '195', 'Nombre_Usuario_195', 'Apellido_Usuario_195', 'email_195@email.com'),
(196, '196', 'Nombre_Usuario_196', 'Apellido_Usuario_196', 'email_196@email.com'),
(197, '197', 'Nombre_Usuario_197', 'Apellido_Usuario_197', 'email_197@email.com'),
(198, '198', 'Nombre_Usuario_198', 'Apellido_Usuario_198', 'email_198@email.com'),
(199, '199', 'Nombre_Usuario_199', 'Apellido_Usuario_199', 'email_199@email.com'),
(200, '200', 'Nombre_Usuario_200', 'Apellido_Usuario_200', 'email_200@email.com'),
(201, '201', 'Nombre_Usuario_201', 'Apellido_Usuario_201', 'email_201@email.com'),
(202, '202', 'Nombre_Usuario_202', 'Apellido_Usuario_202', 'email_202@email.com'),
(203, '203', 'Nombre_Usuario_203', 'Apellido_Usuario_203', 'email_203@email.com'),
(204, '204', 'Nombre_Usuario_204', 'Apellido_Usuario_204', 'email_204@email.com'),
(205, '205', 'Nombre_Usuario_205', 'Apellido_Usuario_205', 'email_205@email.com'),
(206, '206', 'Nombre_Usuario_206', 'Apellido_Usuario_206', 'email_206@email.com'),
(207, '207', 'Nombre_Usuario_207', 'Apellido_Usuario_207', 'email_207@email.com'),
(208, '208', 'Nombre_Usuario_208', 'Apellido_Usuario_208', 'email_208@email.com'),
(209, '209', 'Nombre_Usuario_209', 'Apellido_Usuario_209', 'email_209@email.com'),
(210, '210', 'Nombre_Usuario_210', 'Apellido_Usuario_210', 'email_210@email.com'),
(211, '211', 'Nombre_Usuario_211', 'Apellido_Usuario_211', 'email_211@email.com'),
(212, '212', 'Nombre_Usuario_212', 'Apellido_Usuario_212', 'email_212@email.com'),
(213, '213', 'Nombre_Usuario_213', 'Apellido_Usuario_213', 'email_213@email.com'),
(214, '214', 'Nombre_Usuario_214', 'Apellido_Usuario_214', 'email_214@email.com'),
(215, '215', 'Nombre_Usuario_215', 'Apellido_Usuario_215', 'email_215@email.com'),
(216, '216', 'Nombre_Usuario_216', 'Apellido_Usuario_216', 'email_216@email.com'),
(217, '217', 'Nombre_Usuario_217', 'Apellido_Usuario_217', 'email_217@email.com'),
(218, '218', 'Nombre_Usuario_218', 'Apellido_Usuario_218', 'email_218@email.com'),
(219, '219', 'Nombre_Usuario_219', 'Apellido_Usuario_219', 'email_219@email.com'),
(220, '220', 'Nombre_Usuario_220', 'Apellido_Usuario_220', 'email_220@email.com'),
(221, '221', 'Nombre_Usuario_221', 'Apellido_Usuario_221', 'email_221@email.com'),
(222, '222', 'Nombre_Usuario_222', 'Apellido_Usuario_222', 'email_222@email.com'),
(223, '223', 'Nombre_Usuario_223', 'Apellido_Usuario_223', 'email_223@email.com'),
(224, '224', 'Nombre_Usuario_224', 'Apellido_Usuario_224', 'email_224@email.com'),
(225, '225', 'Nombre_Usuario_225', 'Apellido_Usuario_225', 'email_225@email.com'),
(226, '226', 'Nombre_Usuario_226', 'Apellido_Usuario_226', 'email_226@email.com'),
(227, '227', 'Nombre_Usuario_227', 'Apellido_Usuario_227', 'email_227@email.com'),
(228, '228', 'Nombre_Usuario_228', 'Apellido_Usuario_228', 'email_228@email.com'),
(229, '229', 'Nombre_Usuario_229', 'Apellido_Usuario_229', 'email_229@email.com'),
(230, '230', 'Nombre_Usuario_230', 'Apellido_Usuario_230', 'email_230@email.com'),
(231, '231', 'Nombre_Usuario_231', 'Apellido_Usuario_231', 'email_231@email.com'),
(232, '232', 'Nombre_Usuario_232', 'Apellido_Usuario_232', 'email_232@email.com'),
(233, '233', 'Nombre_Usuario_233', 'Apellido_Usuario_233', 'email_233@email.com'),
(234, '234', 'Nombre_Usuario_234', 'Apellido_Usuario_234', 'email_234@email.com'),
(235, '235', 'Nombre_Usuario_235', 'Apellido_Usuario_235', 'email_235@email.com'),
(236, '236', 'Nombre_Usuario_236', 'Apellido_Usuario_236', 'email_236@email.com'),
(237, '237', 'Nombre_Usuario_237', 'Apellido_Usuario_237', 'email_237@email.com'),
(238, '238', 'Nombre_Usuario_238', 'Apellido_Usuario_238', 'email_238@email.com'),
(239, '239', 'Nombre_Usuario_239', 'Apellido_Usuario_239', 'email_239@email.com'),
(240, '240', 'Nombre_Usuario_240', 'Apellido_Usuario_240', 'email_240@email.com'),
(241, '241', 'Nombre_Usuario_241', 'Apellido_Usuario_241', 'email_241@email.com'),
(242, '242', 'Nombre_Usuario_242', 'Apellido_Usuario_242', 'email_242@email.com'),
(243, '243', 'Nombre_Usuario_243', 'Apellido_Usuario_243', 'email_243@email.com'),
(244, '244', 'Nombre_Usuario_244', 'Apellido_Usuario_244', 'email_244@email.com'),
(245, '245', 'Nombre_Usuario_245', 'Apellido_Usuario_245', 'email_245@email.com'),
(246, '246', 'Nombre_Usuario_246', 'Apellido_Usuario_246', 'email_246@email.com'),
(247, '247', 'Nombre_Usuario_247', 'Apellido_Usuario_247', 'email_247@email.com'),
(248, '248', 'Nombre_Usuario_248', 'Apellido_Usuario_248', 'email_248@email.com'),
(249, '249', 'Nombre_Usuario_249', 'Apellido_Usuario_249', 'email_249@email.com'),
(250, '250', 'Nombre_Usuario_250', 'Apellido_Usuario_250', 'email_250@email.com'),
(251, '251', 'Nombre_Usuario_251', 'Apellido_Usuario_251', 'email_251@email.com'),
(252, '252', 'Nombre_Usuario_252', 'Apellido_Usuario_252', 'email_252@email.com'),
(253, '253', 'Nombre_Usuario_253', 'Apellido_Usuario_253', 'email_253@email.com'),
(254, '254', 'Nombre_Usuario_254', 'Apellido_Usuario_254', 'email_254@email.com'),
(255, '255', 'Nombre_Usuario_255', 'Apellido_Usuario_255', 'email_255@email.com'),
(256, '256', 'Nombre_Usuario_256', 'Apellido_Usuario_256', 'email_256@email.com'),
(257, '257', 'Nombre_Usuario_257', 'Apellido_Usuario_257', 'email_257@email.com'),
(258, '258', 'Nombre_Usuario_258', 'Apellido_Usuario_258', 'email_258@email.com'),
(259, '259', 'Nombre_Usuario_259', 'Apellido_Usuario_259', 'email_259@email.com'),
(260, '260', 'Nombre_Usuario_260', 'Apellido_Usuario_260', 'email_260@email.com'),
(261, '261', 'Nombre_Usuario_261', 'Apellido_Usuario_261', 'email_261@email.com'),
(262, '262', 'Nombre_Usuario_262', 'Apellido_Usuario_262', 'email_262@email.com'),
(263, '263', 'Nombre_Usuario_263', 'Apellido_Usuario_263', 'email_263@email.com'),
(264, '264', 'Nombre_Usuario_264', 'Apellido_Usuario_264', 'email_264@email.com'),
(265, '265', 'Nombre_Usuario_265', 'Apellido_Usuario_265', 'email_265@email.com'),
(266, '266', 'Nombre_Usuario_266', 'Apellido_Usuario_266', 'email_266@email.com'),
(267, '267', 'Nombre_Usuario_267', 'Apellido_Usuario_267', 'email_267@email.com'),
(268, '268', 'Nombre_Usuario_268', 'Apellido_Usuario_268', 'email_268@email.com'),
(269, '269', 'Nombre_Usuario_269', 'Apellido_Usuario_269', 'email_269@email.com'),
(270, '270', 'Nombre_Usuario_270', 'Apellido_Usuario_270', 'email_270@email.com'),
(271, '271', 'Nombre_Usuario_271', 'Apellido_Usuario_271', 'email_271@email.com'),
(272, '272', 'Nombre_Usuario_272', 'Apellido_Usuario_272', 'email_272@email.com'),
(273, '273', 'Nombre_Usuario_273', 'Apellido_Usuario_273', 'email_273@email.com'),
(274, '274', 'Nombre_Usuario_274', 'Apellido_Usuario_274', 'email_274@email.com'),
(275, '275', 'Nombre_Usuario_275', 'Apellido_Usuario_275', 'email_275@email.com'),
(276, '276', 'Nombre_Usuario_276', 'Apellido_Usuario_276', 'email_276@email.com'),
(277, '277', 'Nombre_Usuario_277', 'Apellido_Usuario_277', 'email_277@email.com'),
(278, '278', 'Nombre_Usuario_278', 'Apellido_Usuario_278', 'email_278@email.com'),
(279, '279', 'Nombre_Usuario_279', 'Apellido_Usuario_279', 'email_279@email.com'),
(280, '280', 'Nombre_Usuario_280', 'Apellido_Usuario_280', 'email_280@email.com'),
(281, '281', 'Nombre_Usuario_281', 'Apellido_Usuario_281', 'email_281@email.com'),
(282, '282', 'Nombre_Usuario_282', 'Apellido_Usuario_282', 'email_282@email.com'),
(283, '283', 'Nombre_Usuario_283', 'Apellido_Usuario_283', 'email_283@email.com'),
(284, '284', 'Nombre_Usuario_284', 'Apellido_Usuario_284', 'email_284@email.com'),
(285, '285', 'Nombre_Usuario_285', 'Apellido_Usuario_285', 'email_285@email.com'),
(286, '286', 'Nombre_Usuario_286', 'Apellido_Usuario_286', 'email_286@email.com'),
(287, '287', 'Nombre_Usuario_287', 'Apellido_Usuario_287', 'email_287@email.com'),
(288, '288', 'Nombre_Usuario_288', 'Apellido_Usuario_288', 'email_288@email.com'),
(289, '289', 'Nombre_Usuario_289', 'Apellido_Usuario_289', 'email_289@email.com'),
(290, '290', 'Nombre_Usuario_290', 'Apellido_Usuario_290', 'email_290@email.com'),
(291, '291', 'Nombre_Usuario_291', 'Apellido_Usuario_291', 'email_291@email.com'),
(292, '292', 'Nombre_Usuario_292', 'Apellido_Usuario_292', 'email_292@email.com'),
(293, '293', 'Nombre_Usuario_293', 'Apellido_Usuario_293', 'email_293@email.com'),
(294, '294', 'Nombre_Usuario_294', 'Apellido_Usuario_294', 'email_294@email.com'),
(295, '295', 'Nombre_Usuario_295', 'Apellido_Usuario_295', 'email_295@email.com'),
(296, '296', 'Nombre_Usuario_296', 'Apellido_Usuario_296', 'email_296@email.com'),
(297, '297', 'Nombre_Usuario_297', 'Apellido_Usuario_297', 'email_297@email.com'),
(298, '298', 'Nombre_Usuario_298', 'Apellido_Usuario_298', 'email_298@email.com'),
(299, '299', 'Nombre_Usuario_299', 'Apellido_Usuario_299', 'email_299@email.com'),
(300, '300', 'Nombre_Usuario_300', 'Apellido_Usuario_300', 'email_300@email.com'),
(301, '301', 'Nombre_Usuario_301', 'Apellido_Usuario_301', 'email_301@email.com'),
(302, '302', 'Nombre_Usuario_302', 'Apellido_Usuario_302', 'email_302@email.com'),
(303, '303', 'Nombre_Usuario_303', 'Apellido_Usuario_303', 'email_303@email.com'),
(304, '304', 'Nombre_Usuario_304', 'Apellido_Usuario_304', 'email_304@email.com'),
(305, '305', 'Nombre_Usuario_305', 'Apellido_Usuario_305', 'email_305@email.com'),
(306, '306', 'Nombre_Usuario_306', 'Apellido_Usuario_306', 'email_306@email.com'),
(307, '307', 'Nombre_Usuario_307', 'Apellido_Usuario_307', 'email_307@email.com'),
(308, '308', 'Nombre_Usuario_308', 'Apellido_Usuario_308', 'email_308@email.com'),
(309, '309', 'Nombre_Usuario_309', 'Apellido_Usuario_309', 'email_309@email.com'),
(310, '310', 'Nombre_Usuario_310', 'Apellido_Usuario_310', 'email_310@email.com'),
(311, '311', 'Nombre_Usuario_311', 'Apellido_Usuario_311', 'email_311@email.com'),
(312, '312', 'Nombre_Usuario_312', 'Apellido_Usuario_312', 'email_312@email.com'),
(313, '313', 'Nombre_Usuario_313', 'Apellido_Usuario_313', 'email_313@email.com'),
(314, '314', 'Nombre_Usuario_314', 'Apellido_Usuario_314', 'email_314@email.com'),
(315, '315', 'Nombre_Usuario_315', 'Apellido_Usuario_315', 'email_315@email.com'),
(316, '316', 'Nombre_Usuario_316', 'Apellido_Usuario_316', 'email_316@email.com'),
(317, '317', 'Nombre_Usuario_317', 'Apellido_Usuario_317', 'email_317@email.com'),
(318, '318', 'Nombre_Usuario_318', 'Apellido_Usuario_318', 'email_318@email.com'),
(319, '319', 'Nombre_Usuario_319', 'Apellido_Usuario_319', 'email_319@email.com'),
(320, '320', 'Nombre_Usuario_320', 'Apellido_Usuario_320', 'email_320@email.com'),
(321, '321', 'Nombre_Usuario_321', 'Apellido_Usuario_321', 'email_321@email.com'),
(322, '322', 'Nombre_Usuario_322', 'Apellido_Usuario_322', 'email_322@email.com'),
(323, '323', 'Nombre_Usuario_323', 'Apellido_Usuario_323', 'email_323@email.com'),
(324, '324', 'Nombre_Usuario_324', 'Apellido_Usuario_324', 'email_324@email.com'),
(325, '325', 'Nombre_Usuario_325', 'Apellido_Usuario_325', 'email_325@email.com'),
(326, '326', 'Nombre_Usuario_326', 'Apellido_Usuario_326', 'email_326@email.com'),
(327, '327', 'Nombre_Usuario_327', 'Apellido_Usuario_327', 'email_327@email.com'),
(328, '328', 'Nombre_Usuario_328', 'Apellido_Usuario_328', 'email_328@email.com'),
(329, '329', 'Nombre_Usuario_329', 'Apellido_Usuario_329', 'email_329@email.com'),
(330, '330', 'Nombre_Usuario_330', 'Apellido_Usuario_330', 'email_330@email.com'),
(331, '331', 'Nombre_Usuario_331', 'Apellido_Usuario_331', 'email_331@email.com'),
(332, '332', 'Nombre_Usuario_332', 'Apellido_Usuario_332', 'email_332@email.com'),
(333, '333', 'Nombre_Usuario_333', 'Apellido_Usuario_333', 'email_333@email.com'),
(334, '334', 'Nombre_Usuario_334', 'Apellido_Usuario_334', 'email_334@email.com'),
(335, '335', 'Nombre_Usuario_335', 'Apellido_Usuario_335', 'email_335@email.com'),
(336, '336', 'Nombre_Usuario_336', 'Apellido_Usuario_336', 'email_336@email.com'),
(337, '337', 'Nombre_Usuario_337', 'Apellido_Usuario_337', 'email_337@email.com'),
(338, '338', 'Nombre_Usuario_338', 'Apellido_Usuario_338', 'email_338@email.com'),
(339, '339', 'Nombre_Usuario_339', 'Apellido_Usuario_339', 'email_339@email.com'),
(340, '340', 'Nombre_Usuario_340', 'Apellido_Usuario_340', 'email_340@email.com'),
(341, '341', 'Nombre_Usuario_341', 'Apellido_Usuario_341', 'email_341@email.com'),
(342, '342', 'Nombre_Usuario_342', 'Apellido_Usuario_342', 'email_342@email.com'),
(343, '343', 'Nombre_Usuario_343', 'Apellido_Usuario_343', 'email_343@email.com'),
(344, '344', 'Nombre_Usuario_344', 'Apellido_Usuario_344', 'email_344@email.com'),
(345, '345', 'Nombre_Usuario_345', 'Apellido_Usuario_345', 'email_345@email.com'),
(346, '346', 'Nombre_Usuario_346', 'Apellido_Usuario_346', 'email_346@email.com'),
(347, '347', 'Nombre_Usuario_347', 'Apellido_Usuario_347', 'email_347@email.com'),
(348, '348', 'Nombre_Usuario_348', 'Apellido_Usuario_348', 'email_348@email.com'),
(349, '349', 'Nombre_Usuario_349', 'Apellido_Usuario_349', 'email_349@email.com'),
(350, '350', 'Nombre_Usuario_350', 'Apellido_Usuario_350', 'email_350@email.com'),
(351, '351', 'Nombre_Usuario_351', 'Apellido_Usuario_351', 'email_351@email.com'),
(352, '352', 'Nombre_Usuario_352', 'Apellido_Usuario_352', 'email_352@email.com'),
(353, '353', 'Nombre_Usuario_353', 'Apellido_Usuario_353', 'email_353@email.com'),
(354, '354', 'Nombre_Usuario_354', 'Apellido_Usuario_354', 'email_354@email.com'),
(355, '355', 'Nombre_Usuario_355', 'Apellido_Usuario_355', 'email_355@email.com'),
(356, '356', 'Nombre_Usuario_356', 'Apellido_Usuario_356', 'email_356@email.com'),
(357, '357', 'Nombre_Usuario_357', 'Apellido_Usuario_357', 'email_357@email.com'),
(358, '358', 'Nombre_Usuario_358', 'Apellido_Usuario_358', 'email_358@email.com'),
(359, '359', 'Nombre_Usuario_359', 'Apellido_Usuario_359', 'email_359@email.com'),
(360, '360', 'Nombre_Usuario_360', 'Apellido_Usuario_360', 'email_360@email.com'),
(361, '361', 'Nombre_Usuario_361', 'Apellido_Usuario_361', 'email_361@email.com'),
(362, '362', 'Nombre_Usuario_362', 'Apellido_Usuario_362', 'email_362@email.com'),
(363, '363', 'Nombre_Usuario_363', 'Apellido_Usuario_363', 'email_363@email.com'),
(364, '364', 'Nombre_Usuario_364', 'Apellido_Usuario_364', 'email_364@email.com'),
(365, '365', 'Nombre_Usuario_365', 'Apellido_Usuario_365', 'email_365@email.com'),
(366, '366', 'Nombre_Usuario_366', 'Apellido_Usuario_366', 'email_366@email.com'),
(367, '367', 'Nombre_Usuario_367', 'Apellido_Usuario_367', 'email_367@email.com'),
(368, '368', 'Nombre_Usuario_368', 'Apellido_Usuario_368', 'email_368@email.com'),
(369, '369', 'Nombre_Usuario_369', 'Apellido_Usuario_369', 'email_369@email.com'),
(370, '370', 'Nombre_Usuario_370', 'Apellido_Usuario_370', 'email_370@email.com'),
(371, '371', 'Nombre_Usuario_371', 'Apellido_Usuario_371', 'email_371@email.com'),
(372, '372', 'Nombre_Usuario_372', 'Apellido_Usuario_372', 'email_372@email.com'),
(373, '373', 'Nombre_Usuario_373', 'Apellido_Usuario_373', 'email_373@email.com'),
(374, '374', 'Nombre_Usuario_374', 'Apellido_Usuario_374', 'email_374@email.com'),
(375, '375', 'Nombre_Usuario_375', 'Apellido_Usuario_375', 'email_375@email.com'),
(376, '376', 'Nombre_Usuario_376', 'Apellido_Usuario_376', 'email_376@email.com'),
(377, '377', 'Nombre_Usuario_377', 'Apellido_Usuario_377', 'email_377@email.com'),
(378, '378', 'Nombre_Usuario_378', 'Apellido_Usuario_378', 'email_378@email.com'),
(379, '379', 'Nombre_Usuario_379', 'Apellido_Usuario_379', 'email_379@email.com'),
(380, '380', 'Nombre_Usuario_380', 'Apellido_Usuario_380', 'email_380@email.com'),
(381, '381', 'Nombre_Usuario_381', 'Apellido_Usuario_381', 'email_381@email.com'),
(382, '382', 'Nombre_Usuario_382', 'Apellido_Usuario_382', 'email_382@email.com'),
(383, '383', 'Nombre_Usuario_383', 'Apellido_Usuario_383', 'email_383@email.com'),
(384, '384', 'Nombre_Usuario_384', 'Apellido_Usuario_384', 'email_384@email.com'),
(385, '385', 'Nombre_Usuario_385', 'Apellido_Usuario_385', 'email_385@email.com'),
(386, '386', 'Nombre_Usuario_386', 'Apellido_Usuario_386', 'email_386@email.com'),
(387, '387', 'Nombre_Usuario_387', 'Apellido_Usuario_387', 'email_387@email.com'),
(388, '388', 'Nombre_Usuario_388', 'Apellido_Usuario_388', 'email_388@email.com'),
(389, '389', 'Nombre_Usuario_389', 'Apellido_Usuario_389', 'email_389@email.com'),
(390, '390', 'Nombre_Usuario_390', 'Apellido_Usuario_390', 'email_390@email.com'),
(391, '391', 'Nombre_Usuario_391', 'Apellido_Usuario_391', 'email_391@email.com'),
(392, '392', 'Nombre_Usuario_392', 'Apellido_Usuario_392', 'email_392@email.com'),
(393, '393', 'Nombre_Usuario_393', 'Apellido_Usuario_393', 'email_393@email.com'),
(394, '394', 'Nombre_Usuario_394', 'Apellido_Usuario_394', 'email_394@email.com'),
(395, '395', 'Nombre_Usuario_395', 'Apellido_Usuario_395', 'email_395@email.com'),
(396, '396', 'Nombre_Usuario_396', 'Apellido_Usuario_396', 'email_396@email.com'),
(397, '397', 'Nombre_Usuario_397', 'Apellido_Usuario_397', 'email_397@email.com'),
(398, '398', 'Nombre_Usuario_398', 'Apellido_Usuario_398', 'email_398@email.com'),
(399, '399', 'Nombre_Usuario_399', 'Apellido_Usuario_399', 'email_399@email.com'),
(400, '400', 'Nombre_Usuario_400', 'Apellido_Usuario_400', 'email_400@email.com'),
(401, '401', 'Nombre_Usuario_401', 'Apellido_Usuario_401', 'email_401@email.com'),
(402, '402', 'Nombre_Usuario_402', 'Apellido_Usuario_402', 'email_402@email.com'),
(403, '403', 'Nombre_Usuario_403', 'Apellido_Usuario_403', 'email_403@email.com'),
(404, '404', 'Nombre_Usuario_404', 'Apellido_Usuario_404', 'email_404@email.com'),
(405, '405', 'Nombre_Usuario_405', 'Apellido_Usuario_405', 'email_405@email.com'),
(406, '406', 'Nombre_Usuario_406', 'Apellido_Usuario_406', 'email_406@email.com'),
(407, '407', 'Nombre_Usuario_407', 'Apellido_Usuario_407', 'email_407@email.com'),
(408, '408', 'Nombre_Usuario_408', 'Apellido_Usuario_408', 'email_408@email.com'),
(409, '409', 'Nombre_Usuario_409', 'Apellido_Usuario_409', 'email_409@email.com'),
(410, '410', 'Nombre_Usuario_410', 'Apellido_Usuario_410', 'email_410@email.com'),
(411, '411', 'Nombre_Usuario_411', 'Apellido_Usuario_411', 'email_411@email.com'),
(412, '412', 'Nombre_Usuario_412', 'Apellido_Usuario_412', 'email_412@email.com'),
(413, '413', 'Nombre_Usuario_413', 'Apellido_Usuario_413', 'email_413@email.com'),
(414, '414', 'Nombre_Usuario_414', 'Apellido_Usuario_414', 'email_414@email.com'),
(415, '415', 'Nombre_Usuario_415', 'Apellido_Usuario_415', 'email_415@email.com'),
(416, '416', 'Nombre_Usuario_416', 'Apellido_Usuario_416', 'email_416@email.com'),
(417, '417', 'Nombre_Usuario_417', 'Apellido_Usuario_417', 'email_417@email.com'),
(418, '418', 'Nombre_Usuario_418', 'Apellido_Usuario_418', 'email_418@email.com'),
(419, '419', 'Nombre_Usuario_419', 'Apellido_Usuario_419', 'email_419@email.com'),
(420, '420', 'Nombre_Usuario_420', 'Apellido_Usuario_420', 'email_420@email.com'),
(421, '421', 'Nombre_Usuario_421', 'Apellido_Usuario_421', 'email_421@email.com'),
(422, '422', 'Nombre_Usuario_422', 'Apellido_Usuario_422', 'email_422@email.com'),
(423, '423', 'Nombre_Usuario_423', 'Apellido_Usuario_423', 'email_423@email.com'),
(424, '424', 'Nombre_Usuario_424', 'Apellido_Usuario_424', 'email_424@email.com'),
(425, '425', 'Nombre_Usuario_425', 'Apellido_Usuario_425', 'email_425@email.com'),
(426, '426', 'Nombre_Usuario_426', 'Apellido_Usuario_426', 'email_426@email.com'),
(427, '427', 'Nombre_Usuario_427', 'Apellido_Usuario_427', 'email_427@email.com'),
(428, '428', 'Nombre_Usuario_428', 'Apellido_Usuario_428', 'email_428@email.com'),
(429, '429', 'Nombre_Usuario_429', 'Apellido_Usuario_429', 'email_429@email.com'),
(430, '430', 'Nombre_Usuario_430', 'Apellido_Usuario_430', 'email_430@email.com'),
(431, '431', 'Nombre_Usuario_431', 'Apellido_Usuario_431', 'email_431@email.com'),
(432, '432', 'Nombre_Usuario_432', 'Apellido_Usuario_432', 'email_432@email.com'),
(433, '433', 'Nombre_Usuario_433', 'Apellido_Usuario_433', 'email_433@email.com'),
(434, '434', 'Nombre_Usuario_434', 'Apellido_Usuario_434', 'email_434@email.com'),
(435, '435', 'Nombre_Usuario_435', 'Apellido_Usuario_435', 'email_435@email.com'),
(436, '436', 'Nombre_Usuario_436', 'Apellido_Usuario_436', 'email_436@email.com'),
(437, '437', 'Nombre_Usuario_437', 'Apellido_Usuario_437', 'email_437@email.com'),
(438, '438', 'Nombre_Usuario_438', 'Apellido_Usuario_438', 'email_438@email.com'),
(439, '439', 'Nombre_Usuario_439', 'Apellido_Usuario_439', 'email_439@email.com'),
(440, '440', 'Nombre_Usuario_440', 'Apellido_Usuario_440', 'email_440@email.com'),
(441, '441', 'Nombre_Usuario_441', 'Apellido_Usuario_441', 'email_441@email.com'),
(442, '442', 'Nombre_Usuario_442', 'Apellido_Usuario_442', 'email_442@email.com'),
(443, '443', 'Nombre_Usuario_443', 'Apellido_Usuario_443', 'email_443@email.com'),
(444, '444', 'Nombre_Usuario_444', 'Apellido_Usuario_444', 'email_444@email.com'),
(445, '445', 'Nombre_Usuario_445', 'Apellido_Usuario_445', 'email_445@email.com'),
(446, '446', 'Nombre_Usuario_446', 'Apellido_Usuario_446', 'email_446@email.com'),
(447, '447', 'Nombre_Usuario_447', 'Apellido_Usuario_447', 'email_447@email.com'),
(448, '448', 'Nombre_Usuario_448', 'Apellido_Usuario_448', 'email_448@email.com'),
(449, '449', 'Nombre_Usuario_449', 'Apellido_Usuario_449', 'email_449@email.com'),
(450, '450', 'Nombre_Usuario_450', 'Apellido_Usuario_450', 'email_450@email.com'),
(451, '451', 'Nombre_Usuario_451', 'Apellido_Usuario_451', 'email_451@email.com'),
(452, '452', 'Nombre_Usuario_452', 'Apellido_Usuario_452', 'email_452@email.com'),
(453, '453', 'Nombre_Usuario_453', 'Apellido_Usuario_453', 'email_453@email.com'),
(454, '454', 'Nombre_Usuario_454', 'Apellido_Usuario_454', 'email_454@email.com'),
(455, '455', 'Nombre_Usuario_455', 'Apellido_Usuario_455', 'email_455@email.com'),
(456, '456', 'Nombre_Usuario_456', 'Apellido_Usuario_456', 'email_456@email.com'),
(457, '457', 'Nombre_Usuario_457', 'Apellido_Usuario_457', 'email_457@email.com'),
(458, '458', 'Nombre_Usuario_458', 'Apellido_Usuario_458', 'email_458@email.com'),
(459, '459', 'Nombre_Usuario_459', 'Apellido_Usuario_459', 'email_459@email.com'),
(460, '460', 'Nombre_Usuario_460', 'Apellido_Usuario_460', 'email_460@email.com'),
(461, '461', 'Nombre_Usuario_461', 'Apellido_Usuario_461', 'email_461@email.com'),
(462, '462', 'Nombre_Usuario_462', 'Apellido_Usuario_462', 'email_462@email.com'),
(463, '463', 'Nombre_Usuario_463', 'Apellido_Usuario_463', 'email_463@email.com'),
(464, '464', 'Nombre_Usuario_464', 'Apellido_Usuario_464', 'email_464@email.com'),
(465, '465', 'Nombre_Usuario_465', 'Apellido_Usuario_465', 'email_465@email.com'),
(466, '466', 'Nombre_Usuario_466', 'Apellido_Usuario_466', 'email_466@email.com'),
(467, '467', 'Nombre_Usuario_467', 'Apellido_Usuario_467', 'email_467@email.com'),
(468, '468', 'Nombre_Usuario_468', 'Apellido_Usuario_468', 'email_468@email.com'),
(469, '469', 'Nombre_Usuario_469', 'Apellido_Usuario_469', 'email_469@email.com'),
(470, '470', 'Nombre_Usuario_470', 'Apellido_Usuario_470', 'email_470@email.com'),
(471, '471', 'Nombre_Usuario_471', 'Apellido_Usuario_471', 'email_471@email.com'),
(472, '472', 'Nombre_Usuario_472', 'Apellido_Usuario_472', 'email_472@email.com'),
(473, '473', 'Nombre_Usuario_473', 'Apellido_Usuario_473', 'email_473@email.com'),
(474, '474', 'Nombre_Usuario_474', 'Apellido_Usuario_474', 'email_474@email.com'),
(475, '475', 'Nombre_Usuario_475', 'Apellido_Usuario_475', 'email_475@email.com'),
(476, '476', 'Nombre_Usuario_476', 'Apellido_Usuario_476', 'email_476@email.com'),
(477, '477', 'Nombre_Usuario_477', 'Apellido_Usuario_477', 'email_477@email.com'),
(478, '478', 'Nombre_Usuario_478', 'Apellido_Usuario_478', 'email_478@email.com'),
(479, '479', 'Nombre_Usuario_479', 'Apellido_Usuario_479', 'email_479@email.com'),
(480, '480', 'Nombre_Usuario_480', 'Apellido_Usuario_480', 'email_480@email.com'),
(481, '481', 'Nombre_Usuario_481', 'Apellido_Usuario_481', 'email_481@email.com'),
(482, '482', 'Nombre_Usuario_482', 'Apellido_Usuario_482', 'email_482@email.com'),
(483, '483', 'Nombre_Usuario_483', 'Apellido_Usuario_483', 'email_483@email.com'),
(484, '484', 'Nombre_Usuario_484', 'Apellido_Usuario_484', 'email_484@email.com'),
(485, '485', 'Nombre_Usuario_485', 'Apellido_Usuario_485', 'email_485@email.com'),
(486, '486', 'Nombre_Usuario_486', 'Apellido_Usuario_486', 'email_486@email.com'),
(487, '487', 'Nombre_Usuario_487', 'Apellido_Usuario_487', 'email_487@email.com'),
(488, '488', 'Nombre_Usuario_488', 'Apellido_Usuario_488', 'email_488@email.com'),
(489, '489', 'Nombre_Usuario_489', 'Apellido_Usuario_489', 'email_489@email.com'),
(490, '490', 'Nombre_Usuario_490', 'Apellido_Usuario_490', 'email_490@email.com'),
(491, '491', 'Nombre_Usuario_491', 'Apellido_Usuario_491', 'email_491@email.com'),
(492, '492', 'Nombre_Usuario_492', 'Apellido_Usuario_492', 'email_492@email.com'),
(493, '493', 'Nombre_Usuario_493', 'Apellido_Usuario_493', 'email_493@email.com'),
(494, '494', 'Nombre_Usuario_494', 'Apellido_Usuario_494', 'email_494@email.com'),
(495, '495', 'Nombre_Usuario_495', 'Apellido_Usuario_495', 'email_495@email.com'),
(496, '496', 'Nombre_Usuario_496', 'Apellido_Usuario_496', 'email_496@email.com'),
(497, '497', 'Nombre_Usuario_497', 'Apellido_Usuario_497', 'email_497@email.com'),
(498, '498', 'Nombre_Usuario_498', 'Apellido_Usuario_498', 'email_498@email.com'),
(499, '499', 'Nombre_Usuario_499', 'Apellido_Usuario_499', 'email_499@email.com'),
(500, '500', 'Nombre_Usuario_500', 'Apellido_Usuario_500', 'email_500@email.com');

-- --------------------------------------------------------

--
-- Estructura de tabla para la tabla `videojuegos`
--

CREATE TABLE `videojuegos` (
  `ID_VIDEOJUEGO` int(11) NOT NULL,
  `NOMBRE` varchar(40) DEFAULT NULL,
  `COMPAÑIA` int(11) DEFAULT NULL,
  `FECHA_LANZAMIENTO` date DEFAULT NULL,
  `N_JUGADORES` int(11) DEFAULT NULL,
  `RATING` varchar(5) DEFAULT NULL
) ENGINE=InnoDB DEFAULT CHARSET=utf8;

--
-- Volcado de datos para la tabla `videojuegos`
--

INSERT INTO `videojuegos` (`ID_VIDEOJUEGO`, `NOMBRE`, `COMPAÑIA`, `FECHA_LANZAMIENTO`, `N_JUGADORES`, `RATING`) VALUES
(1, 'Nombre_Videojuego_1', 50, '1983-06-19', 1, '3'),
(2, 'Nombre_Videojuego_2', 37, '1997-01-15', 2, '7'),
(3, 'Nombre_Videojuego_3', 17, '1990-04-07', 3, '12'),
(4, 'Nombre_Videojuego_4', 31, '2018-05-24', 4, '16'),
(5, 'Nombre_Videojuego_5', 48, '1980-10-15', 5, '18'),
(6, 'Nombre_Videojuego_6', 2, '1984-01-21', 0, 'TODOS'),
(7, 'Nombre_Videojuego_7', 4, '2005-05-03', 1, '3'),
(8, 'Nombre_Videojuego_8', 1, '2016-08-19', 2, '7'),
(9, 'Nombre_Videojuego_9', 13, '2003-07-07', 3, '12'),
(10, 'Nombre_Videojuego_10', 3, '2017-03-24', 4, '16'),
(11, 'Nombre_Videojuego_11', 9, '1981-06-18', 5, '18'),
(12, 'Nombre_Videojuego_12', 39, '2016-09-17', 0, 'TODOS'),
(13, 'Nombre_Videojuego_13', 24, '2009-11-13', 1, '3'),
(14, 'Nombre_Videojuego_14', 13, '1978-04-12', 2, '7'),
(15, 'Nombre_Videojuego_15', 28, '2017-12-19', 3, '12'),
(16, 'Nombre_Videojuego_16', 25, '2003-01-24', 4, '16'),
(17, 'Nombre_Videojuego_17', 44, '1985-04-15', 5, '18'),
(18, 'Nombre_Videojuego_18', 42, '1994-04-04', 0, 'TODOS'),
(19, 'Nombre_Videojuego_19', 50, '1984-01-15', 1, '3'),
(20, 'Nombre_Videojuego_20', 39, '1984-07-02', 2, '7'),
(21, 'Nombre_Videojuego_21', 20, '1993-05-13', 3, '12'),
(22, 'Nombre_Videojuego_22', 17, '2005-04-16', 4, '16'),
(23, 'Nombre_Videojuego_23', 41, '2006-02-28', 5, '18'),
(24, 'Nombre_Videojuego_24', 41, '1999-04-02', 0, 'TODOS'),
(25, 'Nombre_Videojuego_25', 42, '1981-11-06', 1, '3'),
(26, 'Nombre_Videojuego_26', 33, '1998-07-22', 2, '7'),
(27, 'Nombre_Videojuego_27', 38, '1997-02-26', 3, '12'),
(28, 'Nombre_Videojuego_28', 43, '2002-08-27', 4, '16'),
(29, 'Nombre_Videojuego_29', 44, '1987-11-18', 5, '18'),
(30, 'Nombre_Videojuego_30', 46, '2009-10-06', 0, 'TODOS'),
(31, 'Nombre_Videojuego_31', 6, '1979-11-18', 1, '3'),
(32, 'Nombre_Videojuego_32', 30, '2015-02-13', 2, '7'),
(33, 'Nombre_Videojuego_33', 13, '1987-04-16', 3, '12'),
(34, 'Nombre_Videojuego_34', 35, '1978-06-19', 4, '16'),
(35, 'Nombre_Videojuego_35', 15, '1980-09-02', 5, '18'),
(36, 'Nombre_Videojuego_36', 24, '1995-09-26', 0, 'TODOS'),
(37, 'Nombre_Videojuego_37', 42, '2007-06-25', 1, '3'),
(38, 'Nombre_Videojuego_38', 8, '2005-07-07', 2, '7'),
(39, 'Nombre_Videojuego_39', 16, '1978-11-14', 3, '12'),
(40, 'Nombre_Videojuego_40', 37, '2016-01-08', 4, '16'),
(41, 'Nombre_Videojuego_41', 38, '2005-05-15', 5, '18'),
(42, 'Nombre_Videojuego_42', 29, '1993-04-18', 0, 'TODOS'),
(43, 'Nombre_Videojuego_43', 46, '1982-07-06', 1, '3'),
(44, 'Nombre_Videojuego_44', 23, '1980-12-19', 2, '7'),
(45, 'Nombre_Videojuego_45', 25, '2015-09-11', 3, '12'),
(46, 'Nombre_Videojuego_46', 38, '1999-02-03', 4, '16'),
(47, 'Nombre_Videojuego_47', 27, '1996-08-20', 5, '18'),
(48, 'Nombre_Videojuego_48', 24, '2002-08-06', 0, 'TODOS'),
(49, 'Nombre_Videojuego_49', 4, '1983-12-09', 1, '3'),
(50, 'Nombre_Videojuego_50', 36, '2009-01-05', 2, '7'),
(51, 'Nombre_Videojuego_51', 49, '1980-10-20', 3, '12'),
(52, 'Nombre_Videojuego_52', 5, '2019-09-08', 4, '16'),
(53, 'Nombre_Videojuego_53', 7, '1991-07-28', 5, '18'),
(54, 'Nombre_Videojuego_54', 18, '1982-11-17', 0, 'TODOS'),
(55, 'Nombre_Videojuego_55', 45, '2000-10-23', 1, '3'),
(56, 'Nombre_Videojuego_56', 41, '2019-04-24', 2, '7'),
(57, 'Nombre_Videojuego_57', 4, '1991-07-26', 3, '12'),
(58, 'Nombre_Videojuego_58', 28, '1978-08-12', 4, '16'),
(59, 'Nombre_Videojuego_59', 46, '1988-01-02', 5, '18'),
(60, 'Nombre_Videojuego_60', 36, '1981-10-19', 0, 'TODOS'),
(61, 'Nombre_Videojuego_61', 8, '1985-06-05', 1, '3'),
(62, 'Nombre_Videojuego_62', 49, '1996-10-03', 2, '7'),
(63, 'Nombre_Videojuego_63', 35, '1993-11-01', 3, '12'),
(64, 'Nombre_Videojuego_64', 5, '2000-06-06', 4, '16'),
(65, 'Nombre_Videojuego_65', 39, '2007-01-08', 5, '18'),
(66, 'Nombre_Videojuego_66', 21, '2010-10-15', 0, 'TODOS'),
(67, 'Nombre_Videojuego_67', 25, '2000-03-20', 1, '3'),
(68, 'Nombre_Videojuego_68', 23, '1991-12-14', 2, '7'),
(69, 'Nombre_Videojuego_69', 18, '1997-10-01', 3, '12'),
(70, 'Nombre_Videojuego_70', 46, '1980-06-21', 4, '16'),
(71, 'Nombre_Videojuego_71', 38, '2016-08-03', 5, '18'),
(72, 'Nombre_Videojuego_72', 46, '2011-03-22', 0, 'TODOS'),
(73, 'Nombre_Videojuego_73', 41, '1985-02-08', 1, '3'),
(74, 'Nombre_Videojuego_74', 16, '1988-02-26', 2, '7'),
(75, 'Nombre_Videojuego_75', 10, '1994-03-16', 3, '12'),
(76, 'Nombre_Videojuego_76', 7, '1989-04-03', 4, '16'),
(77, 'Nombre_Videojuego_77', 20, '2003-06-19', 5, '18'),
(78, 'Nombre_Videojuego_78', 36, '1988-05-06', 0, 'TODOS'),
(79, 'Nombre_Videojuego_79', 45, '2019-08-28', 1, '3'),
(80, 'Nombre_Videojuego_80', 12, '1986-11-18', 2, '7'),
(81, 'Nombre_Videojuego_81', 5, '2007-09-11', 3, '12'),
(82, 'Nombre_Videojuego_82', 11, '1985-07-04', 4, '16'),
(83, 'Nombre_Videojuego_83', 47, '1983-09-07', 5, '18'),
(84, 'Nombre_Videojuego_84', 31, '1993-05-25', 0, 'TODOS'),
(85, 'Nombre_Videojuego_85', 31, '1990-01-22', 1, '3'),
(86, 'Nombre_Videojuego_86', 29, '2008-01-15', 2, '7'),
(87, 'Nombre_Videojuego_87', 45, '2007-05-03', 3, '12'),
(88, 'Nombre_Videojuego_88', 34, '1998-06-24', 4, '16'),
(89, 'Nombre_Videojuego_89', 34, '1986-07-06', 5, '18'),
(90, 'Nombre_Videojuego_90', 19, '1987-09-26', 0, 'TODOS'),
(91, 'Nombre_Videojuego_91', 4, '1996-10-03', 1, '3'),
(92, 'Nombre_Videojuego_92', 13, '1980-02-24', 2, '7'),
(93, 'Nombre_Videojuego_93', 3, '2002-07-14', 3, '12'),
(94, 'Nombre_Videojuego_94', 42, '1991-01-02', 4, '16'),
(95, 'Nombre_Videojuego_95', 25, '1986-08-21', 5, '18'),
(96, 'Nombre_Videojuego_96', 12, '2009-04-08', 0, 'TODOS'),
(97, 'Nombre_Videojuego_97', 46, '2015-02-17', 1, '3'),
(98, 'Nombre_Videojuego_98', 9, '1979-12-08', 2, '7'),
(99, 'Nombre_Videojuego_99', 30, '1977-03-27', 3, '12'),
(100, 'Nombre_Videojuego_100', 33, '1996-06-09', 4, '16'),
(101, 'Nombre_Videojuego_101', 38, '1980-04-08', 5, '18'),
(102, 'Nombre_Videojuego_102', 39, '1992-10-04', 0, 'TODOS'),
(103, 'Nombre_Videojuego_103', 39, '1991-06-18', 1, '3'),
(104, 'Nombre_Videojuego_104', 6, '1994-01-08', 2, '7'),
(105, 'Nombre_Videojuego_105', 43, '1997-03-19', 3, '12'),
(106, 'Nombre_Videojuego_106', 42, '1999-02-03', 4, '16'),
(107, 'Nombre_Videojuego_107', 29, '2004-04-19', 5, '18'),
(108, 'Nombre_Videojuego_108', 32, '2016-07-01', 0, 'TODOS'),
(109, 'Nombre_Videojuego_109', 11, '2003-03-17', 1, '3'),
(110, 'Nombre_Videojuego_110', 36, '2006-11-10', 2, '7'),
(111, 'Nombre_Videojuego_111', 37, '2017-07-25', 3, '12'),
(112, 'Nombre_Videojuego_112', 41, '2016-03-03', 4, '16'),
(113, 'Nombre_Videojuego_113', 47, '1978-12-11', 5, '18'),
(114, 'Nombre_Videojuego_114', 41, '1987-05-21', 0, 'TODOS'),
(115, 'Nombre_Videojuego_115', 45, '2000-09-11', 1, '3'),
(116, 'Nombre_Videojuego_116', 24, '1990-03-17', 2, '7'),
(117, 'Nombre_Videojuego_117', 12, '1977-11-04', 3, '12'),
(118, 'Nombre_Videojuego_118', 14, '1999-03-19', 4, '16'),
(119, 'Nombre_Videojuego_119', 8, '1982-09-03', 5, '18'),
(120, 'Nombre_Videojuego_120', 27, '1978-03-05', 0, 'TODOS'),
(121, 'Nombre_Videojuego_121', 40, '2018-07-08', 1, '3'),
(122, 'Nombre_Videojuego_122', 5, '1985-02-06', 2, '7'),
(123, 'Nombre_Videojuego_123', 12, '2007-04-16', 3, '12'),
(124, 'Nombre_Videojuego_124', 22, '1982-08-19', 4, '16'),
(125, 'Nombre_Videojuego_125', 44, '1984-10-26', 5, '18'),
(126, 'Nombre_Videojuego_126', 50, '1981-12-10', 0, 'TODOS'),
(127, 'Nombre_Videojuego_127', 31, '2019-04-23', 1, '3'),
(128, 'Nombre_Videojuego_128', 39, '1986-09-22', 2, '7'),
(129, 'Nombre_Videojuego_129', 27, '1977-10-09', 3, '12'),
(130, 'Nombre_Videojuego_130', 46, '2007-07-07', 4, '16'),
(131, 'Nombre_Videojuego_131', 10, '2007-11-19', 5, '18'),
(132, 'Nombre_Videojuego_132', 25, '1983-12-05', 0, 'TODOS'),
(133, 'Nombre_Videojuego_133', 41, '1992-09-05', 1, '3'),
(134, 'Nombre_Videojuego_134', 3, '2016-07-15', 2, '7'),
(135, 'Nombre_Videojuego_135', 45, '1992-11-02', 3, '12'),
(136, 'Nombre_Videojuego_136', 12, '1984-12-02', 4, '16'),
(137, 'Nombre_Videojuego_137', 50, '2012-06-04', 5, '18'),
(138, 'Nombre_Videojuego_138', 35, '2008-10-25', 0, 'TODOS'),
(139, 'Nombre_Videojuego_139', 42, '2009-06-23', 1, '3'),
(140, 'Nombre_Videojuego_140', 17, '1980-10-01', 2, '7'),
(141, 'Nombre_Videojuego_141', 39, '2013-03-24', 3, '12'),
(142, 'Nombre_Videojuego_142', 21, '1978-10-16', 4, '16'),
(143, 'Nombre_Videojuego_143', 26, '1980-08-10', 5, '18'),
(144, 'Nombre_Videojuego_144', 45, '2015-10-05', 0, 'TODOS'),
(145, 'Nombre_Videojuego_145', 26, '2006-03-15', 1, '3'),
(146, 'Nombre_Videojuego_146', 11, '1989-05-04', 2, '7'),
(147, 'Nombre_Videojuego_147', 20, '2013-04-25', 3, '12'),
(148, 'Nombre_Videojuego_148', 29, '2006-04-18', 4, '16'),
(149, 'Nombre_Videojuego_149', 20, '2001-09-28', 5, '18'),
(150, 'Nombre_Videojuego_150', 3, '2002-01-04', 0, 'TODOS'),
(151, 'Nombre_Videojuego_151', 32, '1988-03-21', 1, '3'),
(152, 'Nombre_Videojuego_152', 19, '2010-03-16', 2, '7'),
(153, 'Nombre_Videojuego_153', 38, '1991-07-03', 3, '12'),
(154, 'Nombre_Videojuego_154', 4, '1985-10-01', 4, '16'),
(155, 'Nombre_Videojuego_155', 10, '1994-12-22', 5, '18'),
(156, 'Nombre_Videojuego_156', 13, '1980-01-09', 0, 'TODOS'),
(157, 'Nombre_Videojuego_157', 10, '1992-09-21', 1, '3'),
(158, 'Nombre_Videojuego_158', 28, '2009-07-04', 2, '7'),
(159, 'Nombre_Videojuego_159', 4, '2019-08-07', 3, '12'),
(160, 'Nombre_Videojuego_160', 31, '2019-03-25', 4, '16'),
(161, 'Nombre_Videojuego_161', 45, '1984-04-08', 5, '18'),
(162, 'Nombre_Videojuego_162', 15, '2018-10-22', 0, 'TODOS'),
(163, 'Nombre_Videojuego_163', 46, '2014-09-23', 1, '3'),
(164, 'Nombre_Videojuego_164', 32, '1985-07-04', 2, '7'),
(165, 'Nombre_Videojuego_165', 42, '1982-11-11', 3, '12'),
(166, 'Nombre_Videojuego_166', 45, '2010-07-07', 4, '16'),
(167, 'Nombre_Videojuego_167', 36, '1982-02-16', 5, '18'),
(168, 'Nombre_Videojuego_168', 33, '1984-12-21', 0, 'TODOS'),
(169, 'Nombre_Videojuego_169', 50, '2011-08-13', 1, '3'),
(170, 'Nombre_Videojuego_170', 18, '1983-07-09', 2, '7'),
(171, 'Nombre_Videojuego_171', 50, '2012-12-18', 3, '12'),
(172, 'Nombre_Videojuego_172', 7, '2002-12-01', 4, '16'),
(173, 'Nombre_Videojuego_173', 34, '1999-04-16', 5, '18'),
(174, 'Nombre_Videojuego_174', 29, '1990-04-12', 0, 'TODOS'),
(175, 'Nombre_Videojuego_175', 1, '1997-01-22', 1, '3'),
(176, 'Nombre_Videojuego_176', 42, '1990-05-24', 2, '7'),
(177, 'Nombre_Videojuego_177', 35, '2003-08-15', 3, '12'),
(178, 'Nombre_Videojuego_178', 15, '2007-08-03', 4, '16'),
(179, 'Nombre_Videojuego_179', 20, '1984-04-06', 5, '18'),
(180, 'Nombre_Videojuego_180', 29, '1997-10-28', 0, 'TODOS'),
(181, 'Nombre_Videojuego_181', 30, '2007-09-28', 1, '3'),
(182, 'Nombre_Videojuego_182', 41, '1980-10-20', 2, '7'),
(183, 'Nombre_Videojuego_183', 44, '1985-11-19', 3, '12'),
(184, 'Nombre_Videojuego_184', 7, '2018-10-19', 4, '16'),
(185, 'Nombre_Videojuego_185', 2, '2011-08-13', 5, '18'),
(186, 'Nombre_Videojuego_186', 8, '2009-10-26', 0, 'TODOS'),
(187, 'Nombre_Videojuego_187', 25, '2005-06-27', 1, '3'),
(188, 'Nombre_Videojuego_188', 37, '1979-04-20', 2, '7'),
(189, 'Nombre_Videojuego_189', 45, '1994-04-06', 3, '12'),
(190, 'Nombre_Videojuego_190', 7, '2004-04-14', 4, '16'),
(191, 'Nombre_Videojuego_191', 38, '1992-08-03', 5, '18'),
(192, 'Nombre_Videojuego_192', 38, '2000-04-22', 0, 'TODOS'),
(193, 'Nombre_Videojuego_193', 35, '1995-10-11', 1, '3'),
(194, 'Nombre_Videojuego_194', 35, '2000-11-07', 2, '7'),
(195, 'Nombre_Videojuego_195', 20, '2006-10-14', 3, '12'),
(196, 'Nombre_Videojuego_196', 49, '2017-07-08', 4, '16'),
(197, 'Nombre_Videojuego_197', 35, '1985-07-21', 5, '18'),
(198, 'Nombre_Videojuego_198', 13, '1997-04-22', 0, 'TODOS'),
(199, 'Nombre_Videojuego_199', 1, '2014-11-15', 1, '3'),
(200, 'Nombre_Videojuego_200', 2, '1981-01-02', 2, '7'),
(201, 'Nombre_Videojuego_201', 16, '1978-12-21', 3, '12'),
(202, 'Nombre_Videojuego_202', 15, '2008-08-22', 4, '16'),
(203, 'Nombre_Videojuego_203', 17, '1985-11-05', 5, '18'),
(204, 'Nombre_Videojuego_204', 20, '1979-03-09', 0, 'TODOS'),
(205, 'Nombre_Videojuego_205', 18, '1984-05-08', 1, '3'),
(206, 'Nombre_Videojuego_206', 1, '1995-06-23', 2, '7'),
(207, 'Nombre_Videojuego_207', 21, '2001-11-01', 3, '12'),
(208, 'Nombre_Videojuego_208', 29, '1984-08-21', 4, '16'),
(209, 'Nombre_Videojuego_209', 12, '1985-09-20', 5, '18'),
(210, 'Nombre_Videojuego_210', 8, '2008-04-27', 0, 'TODOS'),
(211, 'Nombre_Videojuego_211', 18, '1977-03-08', 1, '3'),
(212, 'Nombre_Videojuego_212', 47, '2002-07-06', 2, '7'),
(213, 'Nombre_Videojuego_213', 17, '2005-08-12', 3, '12'),
(214, 'Nombre_Videojuego_214', 41, '1987-10-25', 4, '16'),
(215, 'Nombre_Videojuego_215', 2, '2002-08-10', 5, '18'),
(216, 'Nombre_Videojuego_216', 28, '2018-03-22', 0, 'TODOS'),
(217, 'Nombre_Videojuego_217', 15, '1997-02-26', 1, '3'),
(218, 'Nombre_Videojuego_218', 34, '1998-11-08', 2, '7'),
(219, 'Nombre_Videojuego_219', 17, '1989-06-05', 3, '12'),
(220, 'Nombre_Videojuego_220', 45, '1991-04-21', 4, '16'),
(221, 'Nombre_Videojuego_221', 10, '1990-09-12', 5, '18'),
(222, 'Nombre_Videojuego_222', 1, '1993-06-15', 0, 'TODOS'),
(223, 'Nombre_Videojuego_223', 19, '1981-07-10', 1, '3'),
(224, 'Nombre_Videojuego_224', 19, '2005-07-19', 2, '7'),
(225, 'Nombre_Videojuego_225', 1, '2007-08-16', 3, '12'),
(226, 'Nombre_Videojuego_226', 10, '2000-06-06', 4, '16'),
(227, 'Nombre_Videojuego_227', 10, '1989-09-24', 5, '18'),
(228, 'Nombre_Videojuego_228', 38, '1983-06-24', 0, 'TODOS'),
(229, 'Nombre_Videojuego_229', 41, '1995-08-06', 1, '3'),
(230, 'Nombre_Videojuego_230', 46, '1982-04-25', 2, '7'),
(231, 'Nombre_Videojuego_231', 30, '2018-06-18', 3, '12'),
(232, 'Nombre_Videojuego_232', 27, '1988-12-06', 4, '16'),
(233, 'Nombre_Videojuego_233', 4, '1991-08-07', 5, '18'),
(234, 'Nombre_Videojuego_234', 47, '1981-06-24', 0, 'TODOS'),
(235, 'Nombre_Videojuego_235', 16, '1995-02-22', 1, '3'),
(236, 'Nombre_Videojuego_236', 5, '2011-05-16', 2, '7'),
(237, 'Nombre_Videojuego_237', 50, '2000-09-26', 3, '12'),
(238, 'Nombre_Videojuego_238', 33, '1977-11-05', 4, '16'),
(239, 'Nombre_Videojuego_239', 12, '1981-03-13', 5, '18'),
(240, 'Nombre_Videojuego_240', 39, '1991-08-25', 0, 'TODOS'),
(241, 'Nombre_Videojuego_241', 42, '1982-07-24', 1, '3'),
(242, 'Nombre_Videojuego_242', 4, '2001-12-18', 2, '7'),
(243, 'Nombre_Videojuego_243', 13, '1993-12-21', 3, '12'),
(244, 'Nombre_Videojuego_244', 42, '2018-01-14', 4, '16'),
(245, 'Nombre_Videojuego_245', 10, '1983-09-07', 5, '18'),
(246, 'Nombre_Videojuego_246', 32, '1990-11-23', 0, 'TODOS'),
(247, 'Nombre_Videojuego_247', 46, '2008-06-24', 1, '3'),
(248, 'Nombre_Videojuego_248', 18, '1987-10-01', 2, '7'),
(249, 'Nombre_Videojuego_249', 18, '1982-06-25', 3, '12'),
(250, 'Nombre_Videojuego_250', 18, '1989-05-10', 4, '16'),
(251, 'Nombre_Videojuego_251', 37, '2010-03-09', 5, '18'),
(252, 'Nombre_Videojuego_252', 41, '1999-02-06', 0, 'TODOS'),
(253, 'Nombre_Videojuego_253', 28, '2015-10-10', 1, '3'),
(254, 'Nombre_Videojuego_254', 50, '2015-09-06', 2, '7'),
(255, 'Nombre_Videojuego_255', 25, '2018-03-26', 3, '12'),
(256, 'Nombre_Videojuego_256', 40, '1999-01-19', 4, '16'),
(257, 'Nombre_Videojuego_257', 21, '2013-08-21', 5, '18'),
(258, 'Nombre_Videojuego_258', 28, '1999-12-06', 0, 'TODOS'),
(259, 'Nombre_Videojuego_259', 46, '2011-06-06', 1, '3'),
(260, 'Nombre_Videojuego_260', 20, '1982-03-07', 2, '7'),
(261, 'Nombre_Videojuego_261', 8, '2008-01-01', 3, '12'),
(262, 'Nombre_Videojuego_262', 25, '1995-12-11', 4, '16'),
(263, 'Nombre_Videojuego_263', 23, '2012-12-21', 5, '18'),
(264, 'Nombre_Videojuego_264', 33, '2002-10-14', 0, 'TODOS'),
(265, 'Nombre_Videojuego_265', 3, '2006-03-19', 1, '3'),
(266, 'Nombre_Videojuego_266', 29, '2001-05-17', 2, '7'),
(267, 'Nombre_Videojuego_267', 34, '1987-04-04', 3, '12'),
(268, 'Nombre_Videojuego_268', 31, '2014-10-25', 4, '16'),
(269, 'Nombre_Videojuego_269', 31, '2006-01-25', 5, '18'),
(270, 'Nombre_Videojuego_270', 23, '2000-10-11', 0, 'TODOS'),
(271, 'Nombre_Videojuego_271', 19, '1985-08-26', 1, '3'),
(272, 'Nombre_Videojuego_272', 33, '2000-02-23', 2, '7'),
(273, 'Nombre_Videojuego_273', 7, '2003-06-09', 3, '12'),
(274, 'Nombre_Videojuego_274', 30, '1993-04-18', 4, '16'),
(275, 'Nombre_Videojuego_275', 26, '2010-01-23', 5, '18'),
(276, 'Nombre_Videojuego_276', 14, '1997-10-18', 0, 'TODOS'),
(277, 'Nombre_Videojuego_277', 39, '1997-11-02', 1, '3'),
(278, 'Nombre_Videojuego_278', 10, '2003-01-11', 2, '7'),
(279, 'Nombre_Videojuego_279', 44, '1994-08-01', 3, '12'),
(280, 'Nombre_Videojuego_280', 6, '1996-07-07', 4, '16'),
(281, 'Nombre_Videojuego_281', 11, '1984-06-13', 5, '18'),
(282, 'Nombre_Videojuego_282', 21, '1984-11-03', 0, 'TODOS'),
(283, 'Nombre_Videojuego_283', 21, '1994-12-04', 1, '3'),
(284, 'Nombre_Videojuego_284', 27, '1996-08-21', 2, '7'),
(285, 'Nombre_Videojuego_285', 38, '2005-03-28', 3, '12'),
(286, 'Nombre_Videojuego_286', 25, '1997-07-14', 4, '16'),
(287, 'Nombre_Videojuego_287', 30, '2003-09-23', 5, '18'),
(288, 'Nombre_Videojuego_288', 24, '2006-07-02', 0, 'TODOS'),
(289, 'Nombre_Videojuego_289', 42, '2001-01-27', 1, '3'),
(290, 'Nombre_Videojuego_290', 13, '1995-09-25', 2, '7'),
(291, 'Nombre_Videojuego_291', 4, '1988-09-26', 3, '12'),
(292, 'Nombre_Videojuego_292', 33, '2005-01-28', 4, '16'),
(293, 'Nombre_Videojuego_293', 13, '1977-11-13', 5, '18'),
(294, 'Nombre_Videojuego_294', 23, '2001-05-11', 0, 'TODOS'),
(295, 'Nombre_Videojuego_295', 32, '2016-12-25', 1, '3'),
(296, 'Nombre_Videojuego_296', 13, '2002-11-15', 2, '7'),
(297, 'Nombre_Videojuego_297', 37, '1984-03-25', 3, '12'),
(298, 'Nombre_Videojuego_298', 29, '1982-07-09', 4, '16'),
(299, 'Nombre_Videojuego_299', 19, '2003-09-10', 5, '18'),
(300, 'Nombre_Videojuego_300', 47, '1982-06-20', 0, 'TODOS'),
(301, 'Nombre_Videojuego_301', 3, '2017-03-26', 1, '3'),
(302, 'Nombre_Videojuego_302', 25, '1988-10-21', 2, '7'),
(303, 'Nombre_Videojuego_303', 5, '1989-12-20', 3, '12'),
(304, 'Nombre_Videojuego_304', 6, '1993-07-19', 4, '16'),
(305, 'Nombre_Videojuego_305', 32, '1985-04-01', 5, '18'),
(306, 'Nombre_Videojuego_306', 20, '1986-03-26', 0, 'TODOS'),
(307, 'Nombre_Videojuego_307', 4, '1979-03-08', 1, '3'),
(308, 'Nombre_Videojuego_308', 48, '1980-11-04', 2, '7'),
(309, 'Nombre_Videojuego_309', 38, '1994-06-06', 3, '12'),
(310, 'Nombre_Videojuego_310', 37, '1999-10-05', 4, '16'),
(311, 'Nombre_Videojuego_311', 46, '1979-05-14', 5, '18'),
(312, 'Nombre_Videojuego_312', 13, '1989-07-01', 0, 'TODOS'),
(313, 'Nombre_Videojuego_313', 5, '2005-10-17', 1, '3'),
(314, 'Nombre_Videojuego_314', 27, '1990-06-12', 2, '7'),
(315, 'Nombre_Videojuego_315', 41, '1980-04-09', 3, '12'),
(316, 'Nombre_Videojuego_316', 9, '1983-11-24', 4, '16'),
(317, 'Nombre_Videojuego_317', 46, '1977-05-06', 5, '18'),
(318, 'Nombre_Videojuego_318', 24, '2003-09-09', 0, 'TODOS'),
(319, 'Nombre_Videojuego_319', 47, '2000-08-25', 1, '3'),
(320, 'Nombre_Videojuego_320', 49, '1979-05-01', 2, '7'),
(321, 'Nombre_Videojuego_321', 33, '1997-08-07', 3, '12'),
(322, 'Nombre_Videojuego_322', 24, '2005-06-27', 4, '16'),
(323, 'Nombre_Videojuego_323', 13, '2008-05-14', 5, '18'),
(324, 'Nombre_Videojuego_324', 26, '1977-04-21', 0, 'TODOS'),
(325, 'Nombre_Videojuego_325', 8, '1984-02-01', 1, '3'),
(326, 'Nombre_Videojuego_326', 3, '1991-07-06', 2, '7'),
(327, 'Nombre_Videojuego_327', 16, '2014-09-13', 3, '12'),
(328, 'Nombre_Videojuego_328', 33, '1997-03-05', 4, '16'),
(329, 'Nombre_Videojuego_329', 12, '1979-07-03', 5, '18'),
(330, 'Nombre_Videojuego_330', 10, '1995-04-19', 0, 'TODOS'),
(331, 'Nombre_Videojuego_331', 31, '2008-05-24', 1, '3'),
(332, 'Nombre_Videojuego_332', 25, '1981-09-26', 2, '7'),
(333, 'Nombre_Videojuego_333', 44, '2014-07-07', 3, '12'),
(334, 'Nombre_Videojuego_334', 46, '1989-06-27', 4, '16'),
(335, 'Nombre_Videojuego_335', 50, '1982-10-16', 5, '18'),
(336, 'Nombre_Videojuego_336', 36, '1991-02-01', 0, 'TODOS'),
(337, 'Nombre_Videojuego_337', 41, '2012-06-12', 1, '3'),
(338, 'Nombre_Videojuego_338', 19, '1979-11-06', 2, '7'),
(339, 'Nombre_Videojuego_339', 18, '2005-02-16', 3, '12'),
(340, 'Nombre_Videojuego_340', 21, '2004-04-02', 4, '16'),
(341, 'Nombre_Videojuego_341', 42, '1989-07-18', 5, '18'),
(342, 'Nombre_Videojuego_342', 41, '1997-12-11', 0, 'TODOS'),
(343, 'Nombre_Videojuego_343', 33, '2008-03-15', 1, '3'),
(344, 'Nombre_Videojuego_344', 9, '2003-10-22', 2, '7'),
(345, 'Nombre_Videojuego_345', 15, '1988-11-02', 3, '12'),
(346, 'Nombre_Videojuego_346', 40, '1981-10-28', 4, '16'),
(347, 'Nombre_Videojuego_347', 7, '1996-03-08', 5, '18'),
(348, 'Nombre_Videojuego_348', 40, '2017-12-27', 0, 'TODOS'),
(349, 'Nombre_Videojuego_349', 18, '2019-08-22', 1, '3'),
(350, 'Nombre_Videojuego_350', 25, '1985-12-13', 2, '7'),
(351, 'Nombre_Videojuego_351', 37, '1980-10-03', 3, '12'),
(352, 'Nombre_Videojuego_352', 4, '2016-10-22', 4, '16'),
(353, 'Nombre_Videojuego_353', 33, '1982-05-20', 5, '18'),
(354, 'Nombre_Videojuego_354', 6, '1981-12-07', 0, 'TODOS'),
(355, 'Nombre_Videojuego_355', 49, '1984-02-14', 1, '3'),
(356, 'Nombre_Videojuego_356', 12, '2019-10-09', 2, '7'),
(357, 'Nombre_Videojuego_357', 24, '1986-12-11', 3, '12'),
(358, 'Nombre_Videojuego_358', 22, '1980-05-10', 4, '16'),
(359, 'Nombre_Videojuego_359', 39, '1993-02-28', 5, '18'),
(360, 'Nombre_Videojuego_360', 26, '2018-12-15', 0, 'TODOS'),
(361, 'Nombre_Videojuego_361', 19, '2008-05-25', 1, '3'),
(362, 'Nombre_Videojuego_362', 32, '2013-11-16', 2, '7'),
(363, 'Nombre_Videojuego_363', 42, '2018-03-10', 3, '12'),
(364, 'Nombre_Videojuego_364', 16, '1981-07-21', 4, '16'),
(365, 'Nombre_Videojuego_365', 25, '1993-08-13', 5, '18'),
(366, 'Nombre_Videojuego_366', 46, '1996-08-06', 0, 'TODOS'),
(367, 'Nombre_Videojuego_367', 2, '2013-07-23', 1, '3'),
(368, 'Nombre_Videojuego_368', 32, '2008-08-27', 2, '7'),
(369, 'Nombre_Videojuego_369', 3, '2012-08-13', 3, '12'),
(370, 'Nombre_Videojuego_370', 33, '2014-08-18', 4, '16'),
(371, 'Nombre_Videojuego_371', 13, '1994-07-20', 5, '18'),
(372, 'Nombre_Videojuego_372', 45, '1979-11-05', 0, 'TODOS'),
(373, 'Nombre_Videojuego_373', 40, '2018-07-25', 1, '3'),
(374, 'Nombre_Videojuego_374', 17, '2018-09-02', 2, '7'),
(375, 'Nombre_Videojuego_375', 15, '2019-10-06', 3, '12'),
(376, 'Nombre_Videojuego_376', 5, '1993-02-17', 4, '16'),
(377, 'Nombre_Videojuego_377', 18, '1994-07-09', 5, '18'),
(378, 'Nombre_Videojuego_378', 41, '1982-12-07', 0, 'TODOS'),
(379, 'Nombre_Videojuego_379', 14, '2016-07-11', 1, '3'),
(380, 'Nombre_Videojuego_380', 27, '1993-12-10', 2, '7'),
(381, 'Nombre_Videojuego_381', 41, '2000-01-11', 3, '12'),
(382, 'Nombre_Videojuego_382', 35, '1992-05-21', 4, '16'),
(383, 'Nombre_Videojuego_383', 49, '1990-07-09', 5, '18'),
(384, 'Nombre_Videojuego_384', 31, '2015-04-15', 0, 'TODOS'),
(385, 'Nombre_Videojuego_385', 4, '2017-01-13', 1, '3'),
(386, 'Nombre_Videojuego_386', 38, '2018-07-14', 2, '7'),
(387, 'Nombre_Videojuego_387', 38, '2000-12-18', 3, '12'),
(388, 'Nombre_Videojuego_388', 18, '2012-05-16', 4, '16'),
(389, 'Nombre_Videojuego_389', 18, '1981-08-11', 5, '18'),
(390, 'Nombre_Videojuego_390', 26, '2005-07-13', 0, 'TODOS'),
(391, 'Nombre_Videojuego_391', 22, '1984-10-07', 1, '3'),
(392, 'Nombre_Videojuego_392', 45, '1998-11-01', 2, '7'),
(393, 'Nombre_Videojuego_393', 33, '2011-09-27', 3, '12'),
(394, 'Nombre_Videojuego_394', 4, '1994-05-08', 4, '16'),
(395, 'Nombre_Videojuego_395', 36, '2016-11-01', 5, '18'),
(396, 'Nombre_Videojuego_396', 44, '1983-05-21', 0, 'TODOS'),
(397, 'Nombre_Videojuego_397', 6, '2002-03-16', 1, '3'),
(398, 'Nombre_Videojuego_398', 42, '1997-01-06', 2, '7'),
(399, 'Nombre_Videojuego_399', 29, '2014-06-04', 3, '12'),
(400, 'Nombre_Videojuego_400', 34, '2010-06-02', 4, '16'),
(401, 'Nombre_Videojuego_401', 35, '2019-12-19', 5, '18'),
(402, 'Nombre_Videojuego_402', 29, '1997-02-28', 0, 'TODOS'),
(403, 'Nombre_Videojuego_403', 8, '2003-02-09', 1, '3'),
(404, 'Nombre_Videojuego_404', 22, '1986-01-24', 2, '7'),
(405, 'Nombre_Videojuego_405', 20, '2010-10-09', 3, '12'),
(406, 'Nombre_Videojuego_406', 26, '1999-06-23', 4, '16'),
(407, 'Nombre_Videojuego_407', 35, '1978-08-08', 5, '18'),
(408, 'Nombre_Videojuego_408', 9, '2006-03-12', 0, 'TODOS'),
(409, 'Nombre_Videojuego_409', 49, '1979-07-21', 1, '3'),
(410, 'Nombre_Videojuego_410', 30, '1982-06-16', 2, '7'),
(411, 'Nombre_Videojuego_411', 47, '2000-11-21', 3, '12'),
(412, 'Nombre_Videojuego_412', 27, '1987-01-07', 4, '16'),
(413, 'Nombre_Videojuego_413', 11, '1988-07-17', 5, '18'),
(414, 'Nombre_Videojuego_414', 39, '2002-08-26', 0, 'TODOS'),
(415, 'Nombre_Videojuego_415', 29, '1989-05-09', 1, '3'),
(416, 'Nombre_Videojuego_416', 33, '1978-06-14', 2, '7'),
(417, 'Nombre_Videojuego_417', 29, '1986-07-19', 3, '12'),
(418, 'Nombre_Videojuego_418', 35, '2019-03-21', 4, '16'),
(419, 'Nombre_Videojuego_419', 4, '2009-06-21', 5, '18'),
(420, 'Nombre_Videojuego_420', 32, '1989-06-17', 0, 'TODOS'),
(421, 'Nombre_Videojuego_421', 27, '2012-05-28', 1, '3'),
(422, 'Nombre_Videojuego_422', 3, '2001-07-12', 2, '7'),
(423, 'Nombre_Videojuego_423', 39, '1982-09-06', 3, '12'),
(424, 'Nombre_Videojuego_424', 14, '1980-12-09', 4, '16'),
(425, 'Nombre_Videojuego_425', 10, '2016-02-13', 5, '18'),
(426, 'Nombre_Videojuego_426', 33, '2011-01-13', 0, 'TODOS'),
(427, 'Nombre_Videojuego_427', 6, '1994-08-10', 1, '3'),
(428, 'Nombre_Videojuego_428', 11, '1979-04-28', 2, '7'),
(429, 'Nombre_Videojuego_429', 37, '2017-08-01', 3, '12'),
(430, 'Nombre_Videojuego_430', 2, '2012-08-27', 4, '16'),
(431, 'Nombre_Videojuego_431', 14, '2019-11-23', 5, '18'),
(432, 'Nombre_Videojuego_432', 17, '2001-08-14', 0, 'TODOS'),
(433, 'Nombre_Videojuego_433', 46, '1996-02-04', 1, '3'),
(434, 'Nombre_Videojuego_434', 33, '2006-01-17', 2, '7'),
(435, 'Nombre_Videojuego_435', 45, '1979-06-16', 3, '12'),
(436, 'Nombre_Videojuego_436', 43, '1978-01-01', 4, '16'),
(437, 'Nombre_Videojuego_437', 27, '2005-09-24', 5, '18'),
(438, 'Nombre_Videojuego_438', 46, '2009-03-28', 0, 'TODOS'),
(439, 'Nombre_Videojuego_439', 13, '2003-08-06', 1, '3'),
(440, 'Nombre_Videojuego_440', 22, '2007-10-24', 2, '7'),
(441, 'Nombre_Videojuego_441', 2, '2013-04-11', 3, '12'),
(442, 'Nombre_Videojuego_442', 30, '1977-05-02', 4, '16'),
(443, 'Nombre_Videojuego_443', 25, '1983-09-13', 5, '18'),
(444, 'Nombre_Videojuego_444', 47, '2001-04-18', 0, 'TODOS'),
(445, 'Nombre_Videojuego_445', 44, '2004-10-28', 1, '3'),
(446, 'Nombre_Videojuego_446', 3, '2004-02-19', 2, '7'),
(447, 'Nombre_Videojuego_447', 13, '2012-06-01', 3, '12'),
(448, 'Nombre_Videojuego_448', 15, '2006-03-28', 4, '16'),
(449, 'Nombre_Videojuego_449', 10, '1985-06-15', 5, '18'),
(450, 'Nombre_Videojuego_450', 47, '1989-10-26', 0, 'TODOS'),
(451, 'Nombre_Videojuego_451', 23, '2007-10-18', 1, '3'),
(452, 'Nombre_Videojuego_452', 10, '2003-08-17', 2, '7'),
(453, 'Nombre_Videojuego_453', 12, '1996-07-10', 3, '12'),
(454, 'Nombre_Videojuego_454', 34, '2010-10-09', 4, '16'),
(455, 'Nombre_Videojuego_455', 22, '1985-09-04', 5, '18'),
(456, 'Nombre_Videojuego_456', 26, '1992-09-07', 0, 'TODOS'),
(457, 'Nombre_Videojuego_457', 44, '2018-02-20', 1, '3'),
(458, 'Nombre_Videojuego_458', 23, '1995-11-27', 2, '7'),
(459, 'Nombre_Videojuego_459', 12, '1996-08-04', 3, '12'),
(460, 'Nombre_Videojuego_460', 42, '1992-10-22', 4, '16'),
(461, 'Nombre_Videojuego_461', 9, '1982-04-19', 5, '18'),
(462, 'Nombre_Videojuego_462', 49, '2012-04-02', 0, 'TODOS'),
(463, 'Nombre_Videojuego_463', 10, '1990-10-14', 1, '3'),
(464, 'Nombre_Videojuego_464', 34, '1978-12-24', 2, '7'),
(465, 'Nombre_Videojuego_465', 46, '2008-02-12', 3, '12'),
(466, 'Nombre_Videojuego_466', 30, '1985-07-10', 4, '16'),
(467, 'Nombre_Videojuego_467', 44, '2018-05-10', 5, '18'),
(468, 'Nombre_Videojuego_468', 36, '1990-02-12', 0, 'TODOS'),
(469, 'Nombre_Videojuego_469', 6, '1978-10-04', 1, '3'),
(470, 'Nombre_Videojuego_470', 22, '1990-12-19', 2, '7'),
(471, 'Nombre_Videojuego_471', 2, '1983-10-07', 3, '12'),
(472, 'Nombre_Videojuego_472', 41, '2009-04-09', 4, '16'),
(473, 'Nombre_Videojuego_473', 28, '1982-11-04', 5, '18'),
(474, 'Nombre_Videojuego_474', 40, '2015-02-19', 0, 'TODOS'),
(475, 'Nombre_Videojuego_475', 5, '1985-11-10', 1, '3'),
(476, 'Nombre_Videojuego_476', 45, '2004-11-15', 2, '7'),
(477, 'Nombre_Videojuego_477', 17, '2014-05-27', 3, '12'),
(478, 'Nombre_Videojuego_478', 20, '2002-09-17', 4, '16'),
(479, 'Nombre_Videojuego_479', 32, '2001-01-06', 5, '18'),
(480, 'Nombre_Videojuego_480', 45, '2004-05-07', 0, 'TODOS'),
(481, 'Nombre_Videojuego_481', 23, '1978-06-08', 1, '3'),
(482, 'Nombre_Videojuego_482', 9, '1995-10-04', 2, '7'),
(483, 'Nombre_Videojuego_483', 18, '1986-05-11', 3, '12'),
(484, 'Nombre_Videojuego_484', 15, '2001-08-25', 4, '16'),
(485, 'Nombre_Videojuego_485', 13, '1977-06-23', 5, '18'),
(486, 'Nombre_Videojuego_486', 38, '2013-07-12', 0, 'TODOS'),
(487, 'Nombre_Videojuego_487', 6, '1993-02-14', 1, '3'),
(488, 'Nombre_Videojuego_488', 42, '2000-01-01', 2, '7'),
(489, 'Nombre_Videojuego_489', 8, '2018-06-11', 3, '12'),
(490, 'Nombre_Videojuego_490', 25, '1993-02-03', 4, '16'),
(491, 'Nombre_Videojuego_491', 20, '1990-08-16', 5, '18'),
(492, 'Nombre_Videojuego_492', 40, '1989-12-27', 0, 'TODOS'),
(493, 'Nombre_Videojuego_493', 50, '1981-01-23', 1, '3'),
(494, 'Nombre_Videojuego_494', 9, '2000-04-13', 2, '7'),
(495, 'Nombre_Videojuego_495', 38, '1991-02-10', 3, '12'),
(496, 'Nombre_Videojuego_496', 25, '2019-11-07', 4, '16'),
(497, 'Nombre_Videojuego_497', 38, '2012-05-20', 5, '18'),
(498, 'Nombre_Videojuego_498', 18, '2005-09-22', 0, 'TODOS'),
(499, 'Nombre_Videojuego_499', 46, '1978-07-02', 1, '3'),
(500, 'Nombre_Videojuego_500', 18, '2018-01-06', 2, '7'),
(501, 'Nombre_Videojuego_501', 3, '2011-08-11', 3, '12'),
(502, 'Nombre_Videojuego_502', 14, '2016-04-16', 4, '16'),
(503, 'Nombre_Videojuego_503', 36, '1999-02-09', 5, '18'),
(504, 'Nombre_Videojuego_504', 5, '1989-05-28', 0, 'TODOS'),
(505, 'Nombre_Videojuego_505', 38, '2013-12-20', 1, '3'),
(506, 'Nombre_Videojuego_506', 27, '1980-09-06', 2, '7'),
(507, 'Nombre_Videojuego_507', 30, '2016-06-06', 3, '12'),
(508, 'Nombre_Videojuego_508', 31, '2018-02-20', 4, '16'),
(509, 'Nombre_Videojuego_509', 24, '2015-09-25', 5, '18'),
(510, 'Nombre_Videojuego_510', 12, '2012-12-08', 0, 'TODOS'),
(511, 'Nombre_Videojuego_511', 9, '1978-12-18', 1, '3'),
(512, 'Nombre_Videojuego_512', 44, '2019-02-13', 2, '7'),
(513, 'Nombre_Videojuego_513', 12, '2007-03-06', 3, '12'),
(514, 'Nombre_Videojuego_514', 41, '1993-06-14', 4, '16'),
(515, 'Nombre_Videojuego_515', 12, '1981-04-01', 5, '18'),
(516, 'Nombre_Videojuego_516', 30, '1993-09-26', 0, 'TODOS'),
(517, 'Nombre_Videojuego_517', 49, '2003-09-23', 1, '3'),
(518, 'Nombre_Videojuego_518', 30, '2016-11-06', 2, '7'),
(519, 'Nombre_Videojuego_519', 35, '2012-01-26', 3, '12'),
(520, 'Nombre_Videojuego_520', 44, '1999-04-02', 4, '16'),
(521, 'Nombre_Videojuego_521', 12, '1978-04-13', 5, '18'),
(522, 'Nombre_Videojuego_522', 39, '1994-10-11', 0, 'TODOS'),
(523, 'Nombre_Videojuego_523', 12, '1993-04-05', 1, '3'),
(524, 'Nombre_Videojuego_524', 34, '2016-05-17', 2, '7'),
(525, 'Nombre_Videojuego_525', 30, '1982-12-03', 3, '12'),
(526, 'Nombre_Videojuego_526', 15, '2017-09-16', 4, '16'),
(527, 'Nombre_Videojuego_527', 37, '2012-09-01', 5, '18'),
(528, 'Nombre_Videojuego_528', 7, '1981-05-11', 0, 'TODOS'),
(529, 'Nombre_Videojuego_529', 22, '1979-01-18', 1, '3'),
(530, 'Nombre_Videojuego_530', 2, '2006-03-25', 2, '7'),
(531, 'Nombre_Videojuego_531', 17, '1994-08-20', 3, '12'),
(532, 'Nombre_Videojuego_532', 43, '2013-06-10', 4, '16'),
(533, 'Nombre_Videojuego_533', 19, '1997-09-17', 5, '18'),
(534, 'Nombre_Videojuego_534', 50, '1990-03-04', 0, 'TODOS'),
(535, 'Nombre_Videojuego_535', 27, '1990-11-03', 1, '3'),
(536, 'Nombre_Videojuego_536', 1, '2013-05-22', 2, '7'),
(537, 'Nombre_Videojuego_537', 2, '2002-01-17', 3, '12'),
(538, 'Nombre_Videojuego_538', 35, '1978-07-06', 4, '16'),
(539, 'Nombre_Videojuego_539', 30, '1987-11-16', 5, '18'),
(540, 'Nombre_Videojuego_540', 14, '1989-03-27', 0, 'TODOS'),
(541, 'Nombre_Videojuego_541', 23, '1999-10-01', 1, '3'),
(542, 'Nombre_Videojuego_542', 32, '1977-01-08', 2, '7'),
(543, 'Nombre_Videojuego_543', 11, '2001-04-03', 3, '12'),
(544, 'Nombre_Videojuego_544', 41, '1987-08-28', 4, '16'),
(545, 'Nombre_Videojuego_545', 45, '1983-02-20', 5, '18'),
(546, 'Nombre_Videojuego_546', 50, '2001-09-07', 0, 'TODOS'),
(547, 'Nombre_Videojuego_547', 26, '1982-04-24', 1, '3'),
(548, 'Nombre_Videojuego_548', 46, '2010-03-08', 2, '7'),
(549, 'Nombre_Videojuego_549', 14, '1991-09-03', 3, '12'),
(550, 'Nombre_Videojuego_550', 13, '2003-09-09', 4, '16'),
(551, 'Nombre_Videojuego_551', 5, '2007-01-12', 5, '18'),
(552, 'Nombre_Videojuego_552', 34, '2011-02-28', 0, 'TODOS'),
(553, 'Nombre_Videojuego_553', 48, '1998-08-05', 1, '3'),
(554, 'Nombre_Videojuego_554', 12, '2017-11-21', 2, '7'),
(555, 'Nombre_Videojuego_555', 30, '1992-12-25', 3, '12'),
(556, 'Nombre_Videojuego_556', 28, '2018-04-08', 4, '16'),
(557, 'Nombre_Videojuego_557', 9, '2007-08-18', 5, '18'),
(558, 'Nombre_Videojuego_558', 50, '2006-12-08', 0, 'TODOS'),
(559, 'Nombre_Videojuego_559', 12, '2015-04-19', 1, '3'),
(560, 'Nombre_Videojuego_560', 34, '2017-03-10', 2, '7'),
(561, 'Nombre_Videojuego_561', 44, '1984-03-13', 3, '12'),
(562, 'Nombre_Videojuego_562', 1, '2009-07-08', 4, '16'),
(563, 'Nombre_Videojuego_563', 48, '2007-04-28', 5, '18'),
(564, 'Nombre_Videojuego_564', 6, '2011-10-10', 0, 'TODOS'),
(565, 'Nombre_Videojuego_565', 6, '1977-11-10', 1, '3'),
(566, 'Nombre_Videojuego_566', 22, '1992-09-14', 2, '7'),
(567, 'Nombre_Videojuego_567', 20, '2003-05-28', 3, '12'),
(568, 'Nombre_Videojuego_568', 8, '1981-06-10', 4, '16'),
(569, 'Nombre_Videojuego_569', 47, '2003-04-28', 5, '18'),
(570, 'Nombre_Videojuego_570', 28, '1993-07-05', 0, 'TODOS'),
(571, 'Nombre_Videojuego_571', 22, '2012-09-24', 1, '3'),
(572, 'Nombre_Videojuego_572', 7, '2005-05-23', 2, '7'),
(573, 'Nombre_Videojuego_573', 37, '1987-10-16', 3, '12'),
(574, 'Nombre_Videojuego_574', 10, '1984-07-28', 4, '16'),
(575, 'Nombre_Videojuego_575', 47, '1990-08-09', 5, '18'),
(576, 'Nombre_Videojuego_576', 23, '1987-06-02', 0, 'TODOS'),
(577, 'Nombre_Videojuego_577', 9, '1986-09-01', 1, '3'),
(578, 'Nombre_Videojuego_578', 26, '2013-03-17', 2, '7'),
(579, 'Nombre_Videojuego_579', 33, '2018-03-03', 3, '12'),
(580, 'Nombre_Videojuego_580', 19, '2019-11-20', 4, '16'),
(581, 'Nombre_Videojuego_581', 30, '1990-01-11', 5, '18'),
(582, 'Nombre_Videojuego_582', 33, '1985-09-18', 0, 'TODOS'),
(583, 'Nombre_Videojuego_583', 19, '1991-06-01', 1, '3'),
(584, 'Nombre_Videojuego_584', 33, '1997-09-23', 2, '7'),
(585, 'Nombre_Videojuego_585', 41, '2011-10-01', 3, '12'),
(586, 'Nombre_Videojuego_586', 40, '1979-05-10', 4, '16'),
(587, 'Nombre_Videojuego_587', 27, '1981-09-25', 5, '18'),
(588, 'Nombre_Videojuego_588', 2, '2018-04-26', 0, 'TODOS'),
(589, 'Nombre_Videojuego_589', 36, '2004-09-26', 1, '3'),
(590, 'Nombre_Videojuego_590', 3, '1990-03-25', 2, '7'),
(591, 'Nombre_Videojuego_591', 40, '1979-06-25', 3, '12'),
(592, 'Nombre_Videojuego_592', 38, '2015-09-23', 4, '16'),
(593, 'Nombre_Videojuego_593', 46, '1991-11-26', 5, '18'),
(594, 'Nombre_Videojuego_594', 41, '1990-09-06', 0, 'TODOS'),
(595, 'Nombre_Videojuego_595', 4, '1978-04-02', 1, '3'),
(596, 'Nombre_Videojuego_596', 39, '2006-05-11', 2, '7'),
(597, 'Nombre_Videojuego_597', 19, '2018-09-26', 3, '12'),
(598, 'Nombre_Videojuego_598', 42, '2015-07-15', 4, '16'),
(599, 'Nombre_Videojuego_599', 38, '1983-01-05', 5, '18'),
(600, 'Nombre_Videojuego_600', 2, '2013-12-06', 0, 'TODOS'),
(601, 'Nombre_Videojuego_601', 10, '2012-06-28', 1, '3'),
(602, 'Nombre_Videojuego_602', 44, '2019-12-08', 2, '7'),
(603, 'Nombre_Videojuego_603', 10, '2019-10-12', 3, '12'),
(604, 'Nombre_Videojuego_604', 19, '1990-01-21', 4, '16'),
(605, 'Nombre_Videojuego_605', 5, '1993-05-17', 5, '18'),
(606, 'Nombre_Videojuego_606', 5, '2002-11-26', 0, 'TODOS'),
(607, 'Nombre_Videojuego_607', 20, '1989-11-01', 1, '3'),
(608, 'Nombre_Videojuego_608', 33, '1987-02-27', 2, '7'),
(609, 'Nombre_Videojuego_609', 14, '2002-05-19', 3, '12'),
(610, 'Nombre_Videojuego_610', 44, '1999-06-28', 4, '16'),
(611, 'Nombre_Videojuego_611', 3, '1993-10-06', 5, '18'),
(612, 'Nombre_Videojuego_612', 21, '2007-09-01', 0, 'TODOS'),
(613, 'Nombre_Videojuego_613', 47, '2007-06-20', 1, '3'),
(614, 'Nombre_Videojuego_614', 26, '1995-08-07', 2, '7'),
(615, 'Nombre_Videojuego_615', 36, '1980-02-05', 3, '12'),
(616, 'Nombre_Videojuego_616', 31, '1988-07-20', 4, '16'),
(617, 'Nombre_Videojuego_617', 3, '2000-06-24', 5, '18'),
(618, 'Nombre_Videojuego_618', 14, '2003-05-20', 0, 'TODOS'),
(619, 'Nombre_Videojuego_619', 21, '2007-06-22', 1, '3'),
(620, 'Nombre_Videojuego_620', 11, '1982-07-22', 2, '7'),
(621, 'Nombre_Videojuego_621', 1, '2019-04-26', 3, '12'),
(622, 'Nombre_Videojuego_622', 17, '1983-03-05', 4, '16'),
(623, 'Nombre_Videojuego_623', 12, '1980-09-21', 5, '18'),
(624, 'Nombre_Videojuego_624', 35, '1989-01-27', 0, 'TODOS'),
(625, 'Nombre_Videojuego_625', 17, '1979-04-10', 1, '3'),
(626, 'Nombre_Videojuego_626', 9, '2009-10-11', 2, '7'),
(627, 'Nombre_Videojuego_627', 24, '2015-04-22', 3, '12'),
(628, 'Nombre_Videojuego_628', 10, '1990-01-08', 4, '16'),
(629, 'Nombre_Videojuego_629', 15, '1991-04-07', 5, '18'),
(630, 'Nombre_Videojuego_630', 34, '2015-07-20', 0, 'TODOS'),
(631, 'Nombre_Videojuego_631', 38, '1985-05-12', 1, '3'),
(632, 'Nombre_Videojuego_632', 49, '2019-12-14', 2, '7'),
(633, 'Nombre_Videojuego_633', 36, '2011-02-12', 3, '12'),
(634, 'Nombre_Videojuego_634', 42, '2013-10-18', 4, '16'),
(635, 'Nombre_Videojuego_635', 34, '2012-03-11', 5, '18'),
(636, 'Nombre_Videojuego_636', 14, '2009-07-06', 0, 'TODOS'),
(637, 'Nombre_Videojuego_637', 29, '1977-03-03', 1, '3'),
(638, 'Nombre_Videojuego_638', 6, '2014-11-10', 2, '7'),
(639, 'Nombre_Videojuego_639', 24, '1993-03-26', 3, '12'),
(640, 'Nombre_Videojuego_640', 22, '2011-04-28', 4, '16'),
(641, 'Nombre_Videojuego_641', 40, '2015-06-01', 5, '18'),
(642, 'Nombre_Videojuego_642', 17, '1988-05-23', 0, 'TODOS'),
(643, 'Nombre_Videojuego_643', 5, '2018-12-19', 1, '3'),
(644, 'Nombre_Videojuego_644', 33, '1985-11-09', 2, '7'),
(645, 'Nombre_Videojuego_645', 42, '2006-08-06', 3, '12'),
(646, 'Nombre_Videojuego_646', 22, '2004-11-09', 4, '16'),
(647, 'Nombre_Videojuego_647', 20, '1994-07-13', 5, '18'),
(648, 'Nombre_Videojuego_648', 38, '1998-06-03', 0, 'TODOS'),
(649, 'Nombre_Videojuego_649', 26, '1998-04-23', 1, '3'),
(650, 'Nombre_Videojuego_650', 25, '1979-09-21', 2, '7'),
(651, 'Nombre_Videojuego_651', 38, '1996-10-15', 3, '12'),
(652, 'Nombre_Videojuego_652', 38, '1997-12-16', 4, '16'),
(653, 'Nombre_Videojuego_653', 32, '1980-10-26', 5, '18'),
(654, 'Nombre_Videojuego_654', 39, '1991-04-09', 0, 'TODOS'),
(655, 'Nombre_Videojuego_655', 39, '1982-03-23', 1, '3'),
(656, 'Nombre_Videojuego_656', 23, '1987-09-13', 2, '7'),
(657, 'Nombre_Videojuego_657', 41, '1990-01-15', 3, '12'),
(658, 'Nombre_Videojuego_658', 3, '1991-03-05', 4, '16'),
(659, 'Nombre_Videojuego_659', 20, '1991-12-18', 5, '18'),
(660, 'Nombre_Videojuego_660', 30, '2000-09-12', 0, 'TODOS'),
(661, 'Nombre_Videojuego_661', 3, '2007-02-27', 1, '3'),
(662, 'Nombre_Videojuego_662', 44, '1990-12-09', 2, '7'),
(663, 'Nombre_Videojuego_663', 4, '2005-04-11', 3, '12'),
(664, 'Nombre_Videojuego_664', 16, '2000-05-05', 4, '16'),
(665, 'Nombre_Videojuego_665', 30, '2006-06-27', 5, '18'),
(666, 'Nombre_Videojuego_666', 6, '1982-03-02', 0, 'TODOS'),
(667, 'Nombre_Videojuego_667', 22, '1981-05-21', 1, '3'),
(668, 'Nombre_Videojuego_668', 6, '2006-03-10', 2, '7'),
(669, 'Nombre_Videojuego_669', 28, '2019-08-02', 3, '12'),
(670, 'Nombre_Videojuego_670', 30, '2016-02-18', 4, '16'),
(671, 'Nombre_Videojuego_671', 49, '1986-04-18', 5, '18'),
(672, 'Nombre_Videojuego_672', 47, '2014-12-14', 0, 'TODOS'),
(673, 'Nombre_Videojuego_673', 39, '2006-03-18', 1, '3'),
(674, 'Nombre_Videojuego_674', 41, '1987-12-15', 2, '7'),
(675, 'Nombre_Videojuego_675', 10, '1991-05-03', 3, '12'),
(676, 'Nombre_Videojuego_676', 2, '1981-12-17', 4, '16'),
(677, 'Nombre_Videojuego_677', 19, '1997-05-05', 5, '18'),
(678, 'Nombre_Videojuego_678', 40, '2009-09-11', 0, 'TODOS'),
(679, 'Nombre_Videojuego_679', 40, '2014-11-19', 1, '3'),
(680, 'Nombre_Videojuego_680', 34, '1984-12-21', 2, '7'),
(681, 'Nombre_Videojuego_681', 37, '2000-03-07', 3, '12'),
(682, 'Nombre_Videojuego_682', 12, '1999-04-15', 4, '16'),
(683, 'Nombre_Videojuego_683', 18, '2013-01-12', 5, '18'),
(684, 'Nombre_Videojuego_684', 40, '2008-08-10', 0, 'TODOS'),
(685, 'Nombre_Videojuego_685', 50, '2001-11-21', 1, '3'),
(686, 'Nombre_Videojuego_686', 20, '2011-03-01', 2, '7'),
(687, 'Nombre_Videojuego_687', 50, '2004-04-03', 3, '12'),
(688, 'Nombre_Videojuego_688', 32, '2010-03-15', 4, '16'),
(689, 'Nombre_Videojuego_689', 50, '1996-03-25', 5, '18'),
(690, 'Nombre_Videojuego_690', 32, '1991-06-14', 0, 'TODOS'),
(691, 'Nombre_Videojuego_691', 31, '2010-01-17', 1, '3'),
(692, 'Nombre_Videojuego_692', 44, '1984-11-26', 2, '7'),
(693, 'Nombre_Videojuego_693', 46, '1985-06-09', 3, '12'),
(694, 'Nombre_Videojuego_694', 29, '1985-05-06', 4, '16'),
(695, 'Nombre_Videojuego_695', 2, '1977-06-10', 5, '18'),
(696, 'Nombre_Videojuego_696', 9, '2006-03-28', 0, 'TODOS'),
(697, 'Nombre_Videojuego_697', 4, '1993-05-27', 1, '3'),
(698, 'Nombre_Videojuego_698', 42, '1987-01-10', 2, '7'),
(699, 'Nombre_Videojuego_699', 37, '1989-11-09', 3, '12'),
(700, 'Nombre_Videojuego_700', 7, '1981-06-10', 4, '16'),
(701, 'Nombre_Videojuego_701', 34, '2016-12-08', 5, '18'),
(702, 'Nombre_Videojuego_702', 23, '2018-08-28', 0, 'TODOS'),
(703, 'Nombre_Videojuego_703', 26, '1993-03-25', 1, '3'),
(704, 'Nombre_Videojuego_704', 24, '2012-03-21', 2, '7'),
(705, 'Nombre_Videojuego_705', 32, '1991-12-27', 3, '12'),
(706, 'Nombre_Videojuego_706', 46, '1978-08-22', 4, '16'),
(707, 'Nombre_Videojuego_707', 36, '1980-02-08', 5, '18'),
(708, 'Nombre_Videojuego_708', 37, '2005-11-06', 0, 'TODOS'),
(709, 'Nombre_Videojuego_709', 11, '1989-05-03', 1, '3'),
(710, 'Nombre_Videojuego_710', 42, '1985-05-01', 2, '7'),
(711, 'Nombre_Videojuego_711', 22, '1980-12-25', 3, '12'),
(712, 'Nombre_Videojuego_712', 18, '2012-09-17', 4, '16'),
(713, 'Nombre_Videojuego_713', 47, '2009-04-24', 5, '18'),
(714, 'Nombre_Videojuego_714', 9, '2015-01-18', 0, 'TODOS'),
(715, 'Nombre_Videojuego_715', 12, '2003-04-03', 1, '3'),
(716, 'Nombre_Videojuego_716', 1, '1992-06-17', 2, '7'),
(717, 'Nombre_Videojuego_717', 12, '1990-08-15', 3, '12'),
(718, 'Nombre_Videojuego_718', 13, '1989-10-10', 4, '16'),
(719, 'Nombre_Videojuego_719', 42, '1997-12-05', 5, '18'),
(720, 'Nombre_Videojuego_720', 23, '2011-07-22', 0, 'TODOS'),
(721, 'Nombre_Videojuego_721', 20, '1985-07-09', 1, '3'),
(722, 'Nombre_Videojuego_722', 12, '2015-04-22', 2, '7'),
(723, 'Nombre_Videojuego_723', 19, '1985-03-11', 3, '12'),
(724, 'Nombre_Videojuego_724', 37, '1979-11-13', 4, '16'),
(725, 'Nombre_Videojuego_725', 7, '1993-01-06', 5, '18'),
(726, 'Nombre_Videojuego_726', 16, '2005-10-02', 0, 'TODOS'),
(727, 'Nombre_Videojuego_727', 30, '1988-11-11', 1, '3'),
(728, 'Nombre_Videojuego_728', 32, '2004-04-12', 2, '7'),
(729, 'Nombre_Videojuego_729', 29, '1993-05-18', 3, '12'),
(730, 'Nombre_Videojuego_730', 27, '2008-07-27', 4, '16'),
(731, 'Nombre_Videojuego_731', 31, '2002-06-24', 5, '18'),
(732, 'Nombre_Videojuego_732', 34, '1986-10-07', 0, 'TODOS'),
(733, 'Nombre_Videojuego_733', 45, '1987-03-15', 1, '3'),
(734, 'Nombre_Videojuego_734', 11, '1999-01-18', 2, '7'),
(735, 'Nombre_Videojuego_735', 29, '1984-04-07', 3, '12'),
(736, 'Nombre_Videojuego_736', 22, '1991-02-02', 4, '16'),
(737, 'Nombre_Videojuego_737', 14, '1985-09-17', 5, '18'),
(738, 'Nombre_Videojuego_738', 1, '2003-09-03', 0, 'TODOS'),
(739, 'Nombre_Videojuego_739', 50, '2008-10-27', 1, '3'),
(740, 'Nombre_Videojuego_740', 13, '1999-08-14', 2, '7'),
(741, 'Nombre_Videojuego_741', 26, '1993-09-18', 3, '12'),
(742, 'Nombre_Videojuego_742', 31, '2018-09-04', 4, '16'),
(743, 'Nombre_Videojuego_743', 46, '2011-02-10', 5, '18'),
(744, 'Nombre_Videojuego_744', 9, '2005-11-25', 0, 'TODOS'),
(745, 'Nombre_Videojuego_745', 50, '1989-11-18', 1, '3'),
(746, 'Nombre_Videojuego_746', 50, '2005-10-24', 2, '7'),
(747, 'Nombre_Videojuego_747', 32, '2006-06-17', 3, '12'),
(748, 'Nombre_Videojuego_748', 29, '2001-09-03', 4, '16'),
(749, 'Nombre_Videojuego_749', 18, '1998-03-25', 5, '18'),
(750, 'Nombre_Videojuego_750', 28, '1991-10-24', 0, 'TODOS'),
(751, 'Nombre_Videojuego_751', 29, '2010-04-27', 1, '3'),
(752, 'Nombre_Videojuego_752', 42, '1979-03-14', 2, '7'),
(753, 'Nombre_Videojuego_753', 23, '2007-11-09', 3, '12'),
(754, 'Nombre_Videojuego_754', 22, '1981-09-03', 4, '16'),
(755, 'Nombre_Videojuego_755', 19, '2017-03-05', 5, '18'),
(756, 'Nombre_Videojuego_756', 34, '2018-10-11', 0, 'TODOS'),
(757, 'Nombre_Videojuego_757', 3, '1995-03-09', 1, '3'),
(758, 'Nombre_Videojuego_758', 47, '2013-05-05', 2, '7'),
(759, 'Nombre_Videojuego_759', 14, '1981-07-06', 3, '12'),
(760, 'Nombre_Videojuego_760', 31, '2012-04-19', 4, '16'),
(761, 'Nombre_Videojuego_761', 35, '2012-10-02', 5, '18'),
(762, 'Nombre_Videojuego_762', 13, '1990-05-08', 0, 'TODOS'),
(763, 'Nombre_Videojuego_763', 40, '2017-05-24', 1, '3'),
(764, 'Nombre_Videojuego_764', 2, '1999-08-26', 2, '7'),
(765, 'Nombre_Videojuego_765', 24, '1982-03-13', 3, '12'),
(766, 'Nombre_Videojuego_766', 49, '1994-09-21', 4, '16'),
(767, 'Nombre_Videojuego_767', 26, '2012-05-10', 5, '18'),
(768, 'Nombre_Videojuego_768', 23, '1998-01-23', 0, 'TODOS'),
(769, 'Nombre_Videojuego_769', 50, '1997-07-05', 1, '3'),
(770, 'Nombre_Videojuego_770', 7, '1996-03-09', 2, '7'),
(771, 'Nombre_Videojuego_771', 20, '2010-05-02', 3, '12'),
(772, 'Nombre_Videojuego_772', 14, '2016-08-01', 4, '16'),
(773, 'Nombre_Videojuego_773', 1, '1977-04-16', 5, '18'),
(774, 'Nombre_Videojuego_774', 50, '2003-08-21', 0, 'TODOS'),
(775, 'Nombre_Videojuego_775', 47, '2012-05-18', 1, '3'),
(776, 'Nombre_Videojuego_776', 45, '1999-01-03', 2, '7'),
(777, 'Nombre_Videojuego_777', 24, '2000-06-24', 3, '12'),
(778, 'Nombre_Videojuego_778', 17, '1977-06-08', 4, '16'),
(779, 'Nombre_Videojuego_779', 4, '1985-01-06', 5, '18'),
(780, 'Nombre_Videojuego_780', 9, '1992-05-03', 0, 'TODOS'),
(781, 'Nombre_Videojuego_781', 6, '2000-05-22', 1, '3'),
(782, 'Nombre_Videojuego_782', 27, '1990-03-15', 2, '7'),
(783, 'Nombre_Videojuego_783', 44, '1978-01-28', 3, '12'),
(784, 'Nombre_Videojuego_784', 13, '1984-09-10', 4, '16'),
(785, 'Nombre_Videojuego_785', 30, '2000-09-23', 5, '18'),
(786, 'Nombre_Videojuego_786', 50, '1977-01-02', 0, 'TODOS'),
(787, 'Nombre_Videojuego_787', 42, '2015-08-24', 1, '3'),
(788, 'Nombre_Videojuego_788', 46, '2007-09-19', 2, '7'),
(789, 'Nombre_Videojuego_789', 3, '2018-10-23', 3, '12'),
(790, 'Nombre_Videojuego_790', 32, '2019-12-16', 4, '16'),
(791, 'Nombre_Videojuego_791', 12, '2009-11-09', 5, '18'),
(792, 'Nombre_Videojuego_792', 49, '2007-11-21', 0, 'TODOS'),
(793, 'Nombre_Videojuego_793', 10, '1998-07-28', 1, '3'),
(794, 'Nombre_Videojuego_794', 24, '2015-10-12', 2, '7'),
(795, 'Nombre_Videojuego_795', 39, '2018-12-22', 3, '12'),
(796, 'Nombre_Videojuego_796', 28, '2007-07-04', 4, '16'),
(797, 'Nombre_Videojuego_797', 47, '1998-09-19', 5, '18'),
(798, 'Nombre_Videojuego_798', 19, '2009-07-11', 0, 'TODOS'),
(799, 'Nombre_Videojuego_799', 28, '1992-07-21', 1, '3'),
(800, 'Nombre_Videojuego_800', 11, '2006-08-09', 2, '7'),
(801, 'Nombre_Videojuego_801', 25, '1990-09-08', 3, '12'),
(802, 'Nombre_Videojuego_802', 1, '1994-10-03', 4, '16'),
(803, 'Nombre_Videojuego_803', 11, '2006-07-18', 5, '18'),
(804, 'Nombre_Videojuego_804', 42, '1997-07-13', 0, 'TODOS'),
(805, 'Nombre_Videojuego_805', 50, '1998-02-25', 1, '3'),
(806, 'Nombre_Videojuego_806', 36, '1989-11-02', 2, '7'),
(807, 'Nombre_Videojuego_807', 18, '1978-05-11', 3, '12'),
(808, 'Nombre_Videojuego_808', 35, '2011-02-27', 4, '16'),
(809, 'Nombre_Videojuego_809', 30, '1977-09-03', 5, '18'),
(810, 'Nombre_Videojuego_810', 39, '2013-09-11', 0, 'TODOS'),
(811, 'Nombre_Videojuego_811', 14, '1999-07-20', 1, '3'),
(812, 'Nombre_Videojuego_812', 3, '1995-09-05', 2, '7'),
(813, 'Nombre_Videojuego_813', 6, '1984-02-19', 3, '12'),
(814, 'Nombre_Videojuego_814', 26, '1993-02-24', 4, '16'),
(815, 'Nombre_Videojuego_815', 38, '1979-11-05', 5, '18'),
(816, 'Nombre_Videojuego_816', 46, '2005-12-16', 0, 'TODOS'),
(817, 'Nombre_Videojuego_817', 6, '2002-11-13', 1, '3'),
(818, 'Nombre_Videojuego_818', 46, '2001-08-25', 2, '7'),
(819, 'Nombre_Videojuego_819', 24, '1991-04-24', 3, '12'),
(820, 'Nombre_Videojuego_820', 23, '1982-02-25', 4, '16'),
(821, 'Nombre_Videojuego_821', 29, '1986-03-19', 5, '18'),
(822, 'Nombre_Videojuego_822', 44, '1992-04-26', 0, 'TODOS'),
(823, 'Nombre_Videojuego_823', 11, '1978-01-27', 1, '3'),
(824, 'Nombre_Videojuego_824', 23, '2015-08-12', 2, '7'),
(825, 'Nombre_Videojuego_825', 2, '2014-04-28', 3, '12'),
(826, 'Nombre_Videojuego_826', 5, '2002-06-13', 4, '16'),
(827, 'Nombre_Videojuego_827', 39, '2018-09-24', 5, '18'),
(828, 'Nombre_Videojuego_828', 30, '2008-12-17', 0, 'TODOS'),
(829, 'Nombre_Videojuego_829', 8, '1981-02-19', 1, '3'),
(830, 'Nombre_Videojuego_830', 33, '2019-12-16', 2, '7'),
(831, 'Nombre_Videojuego_831', 37, '2004-05-02', 3, '12'),
(832, 'Nombre_Videojuego_832', 29, '2009-07-26', 4, '16'),
(833, 'Nombre_Videojuego_833', 46, '2006-12-19', 5, '18'),
(834, 'Nombre_Videojuego_834', 5, '2009-12-11', 0, 'TODOS'),
(835, 'Nombre_Videojuego_835', 40, '2013-04-23', 1, '3'),
(836, 'Nombre_Videojuego_836', 8, '1994-06-15', 2, '7'),
(837, 'Nombre_Videojuego_837', 15, '1984-04-20', 3, '12'),
(838, 'Nombre_Videojuego_838', 16, '2004-11-15', 4, '16'),
(839, 'Nombre_Videojuego_839', 6, '1996-05-19', 5, '18'),
(840, 'Nombre_Videojuego_840', 6, '2002-06-15', 0, 'TODOS'),
(841, 'Nombre_Videojuego_841', 14, '1990-06-05', 1, '3'),
(842, 'Nombre_Videojuego_842', 41, '2008-04-28', 2, '7'),
(843, 'Nombre_Videojuego_843', 9, '1985-12-04', 3, '12'),
(844, 'Nombre_Videojuego_844', 47, '1985-10-10', 4, '16'),
(845, 'Nombre_Videojuego_845', 35, '1992-08-11', 5, '18'),
(846, 'Nombre_Videojuego_846', 46, '1998-08-18', 0, 'TODOS'),
(847, 'Nombre_Videojuego_847', 30, '1977-06-27', 1, '3'),
(848, 'Nombre_Videojuego_848', 31, '2013-07-25', 2, '7'),
(849, 'Nombre_Videojuego_849', 11, '1988-10-07', 3, '12'),
(850, 'Nombre_Videojuego_850', 17, '2004-02-10', 4, '16'),
(851, 'Nombre_Videojuego_851', 22, '1979-11-08', 5, '18'),
(852, 'Nombre_Videojuego_852', 3, '2018-07-09', 0, 'TODOS'),
(853, 'Nombre_Videojuego_853', 5, '2015-07-15', 1, '3'),
(854, 'Nombre_Videojuego_854', 27, '1987-11-18', 2, '7'),
(855, 'Nombre_Videojuego_855', 31, '1990-07-03', 3, '12'),
(856, 'Nombre_Videojuego_856', 33, '1983-12-05', 4, '16'),
(857, 'Nombre_Videojuego_857', 16, '1979-05-12', 5, '18'),
(858, 'Nombre_Videojuego_858', 27, '2006-05-04', 0, 'TODOS'),
(859, 'Nombre_Videojuego_859', 38, '2019-08-06', 1, '3'),
(860, 'Nombre_Videojuego_860', 25, '2010-08-23', 2, '7'),
(861, 'Nombre_Videojuego_861', 13, '1996-09-25', 3, '12'),
(862, 'Nombre_Videojuego_862', 33, '2015-12-09', 4, '16'),
(863, 'Nombre_Videojuego_863', 1, '1993-09-21', 5, '18'),
(864, 'Nombre_Videojuego_864', 28, '2014-07-28', 0, 'TODOS'),
(865, 'Nombre_Videojuego_865', 42, '1999-03-01', 1, '3'),
(866, 'Nombre_Videojuego_866', 29, '1987-09-01', 2, '7'),
(867, 'Nombre_Videojuego_867', 21, '2006-03-24', 3, '12'),
(868, 'Nombre_Videojuego_868', 39, '1991-06-07', 4, '16'),
(869, 'Nombre_Videojuego_869', 14, '1993-12-10', 5, '18'),
(870, 'Nombre_Videojuego_870', 8, '2015-12-22', 0, 'TODOS'),
(871, 'Nombre_Videojuego_871', 13, '1981-05-16', 1, '3'),
(872, 'Nombre_Videojuego_872', 5, '2000-12-02', 2, '7'),
(873, 'Nombre_Videojuego_873', 5, '1988-09-07', 3, '12'),
(874, 'Nombre_Videojuego_874', 48, '2014-01-04', 4, '16'),
(875, 'Nombre_Videojuego_875', 1, '1977-03-25', 5, '18'),
(876, 'Nombre_Videojuego_876', 3, '2013-12-28', 0, 'TODOS'),
(877, 'Nombre_Videojuego_877', 2, '1993-07-05', 1, '3'),
(878, 'Nombre_Videojuego_878', 12, '1995-01-08', 2, '7'),
(879, 'Nombre_Videojuego_879', 6, '1994-03-06', 3, '12');
INSERT INTO `videojuegos` (`ID_VIDEOJUEGO`, `NOMBRE`, `COMPAÑIA`, `FECHA_LANZAMIENTO`, `N_JUGADORES`, `RATING`) VALUES
(880, 'Nombre_Videojuego_880', 39, '2018-10-15', 4, '16'),
(881, 'Nombre_Videojuego_881', 3, '1987-02-23', 5, '18'),
(882, 'Nombre_Videojuego_882', 34, '1978-06-20', 0, 'TODOS'),
(883, 'Nombre_Videojuego_883', 19, '1990-02-20', 1, '3'),
(884, 'Nombre_Videojuego_884', 13, '1977-05-23', 2, '7'),
(885, 'Nombre_Videojuego_885', 7, '1986-04-16', 3, '12'),
(886, 'Nombre_Videojuego_886', 37, '1978-04-24', 4, '16'),
(887, 'Nombre_Videojuego_887', 21, '2004-12-11', 5, '18'),
(888, 'Nombre_Videojuego_888', 6, '1991-04-09', 0, 'TODOS'),
(889, 'Nombre_Videojuego_889', 17, '2009-10-14', 1, '3'),
(890, 'Nombre_Videojuego_890', 30, '2003-03-03', 2, '7'),
(891, 'Nombre_Videojuego_891', 21, '2012-09-22', 3, '12'),
(892, 'Nombre_Videojuego_892', 32, '1989-12-08', 4, '16'),
(893, 'Nombre_Videojuego_893', 35, '2010-09-17', 5, '18'),
(894, 'Nombre_Videojuego_894', 39, '1998-05-15', 0, 'TODOS'),
(895, 'Nombre_Videojuego_895', 9, '1982-10-11', 1, '3'),
(896, 'Nombre_Videojuego_896', 14, '2000-09-25', 2, '7'),
(897, 'Nombre_Videojuego_897', 13, '2006-06-03', 3, '12'),
(898, 'Nombre_Videojuego_898', 13, '1977-01-03', 4, '16'),
(899, 'Nombre_Videojuego_899', 18, '1999-06-01', 5, '18'),
(900, 'Nombre_Videojuego_900', 26, '1996-02-17', 0, 'TODOS'),
(901, 'Nombre_Videojuego_901', 43, '1998-06-07', 1, '3'),
(902, 'Nombre_Videojuego_902', 24, '2012-07-18', 2, '7'),
(903, 'Nombre_Videojuego_903', 48, '1985-10-16', 3, '12'),
(904, 'Nombre_Videojuego_904', 49, '2016-10-02', 4, '16'),
(905, 'Nombre_Videojuego_905', 15, '2012-10-22', 5, '18'),
(906, 'Nombre_Videojuego_906', 32, '1987-08-08', 0, 'TODOS'),
(907, 'Nombre_Videojuego_907', 10, '2018-11-20', 1, '3'),
(908, 'Nombre_Videojuego_908', 10, '1993-05-23', 2, '7'),
(909, 'Nombre_Videojuego_909', 6, '2010-09-18', 3, '12'),
(910, 'Nombre_Videojuego_910', 1, '2009-07-16', 4, '16'),
(911, 'Nombre_Videojuego_911', 22, '1980-06-09', 5, '18'),
(912, 'Nombre_Videojuego_912', 25, '1983-09-07', 0, 'TODOS'),
(913, 'Nombre_Videojuego_913', 37, '2007-01-10', 1, '3'),
(914, 'Nombre_Videojuego_914', 24, '2000-10-26', 2, '7'),
(915, 'Nombre_Videojuego_915', 25, '2010-08-13', 3, '12'),
(916, 'Nombre_Videojuego_916', 19, '1980-06-24', 4, '16'),
(917, 'Nombre_Videojuego_917', 12, '2017-08-21', 5, '18'),
(918, 'Nombre_Videojuego_918', 1, '1984-07-10', 0, 'TODOS'),
(919, 'Nombre_Videojuego_919', 9, '1999-01-07', 1, '3'),
(920, 'Nombre_Videojuego_920', 11, '1994-10-24', 2, '7'),
(921, 'Nombre_Videojuego_921', 28, '1994-03-04', 3, '12'),
(922, 'Nombre_Videojuego_922', 31, '1978-01-23', 4, '16'),
(923, 'Nombre_Videojuego_923', 9, '2017-05-11', 5, '18'),
(924, 'Nombre_Videojuego_924', 23, '2017-10-07', 0, 'TODOS'),
(925, 'Nombre_Videojuego_925', 11, '1984-01-04', 1, '3'),
(926, 'Nombre_Videojuego_926', 50, '1982-03-03', 2, '7'),
(927, 'Nombre_Videojuego_927', 43, '1988-05-13', 3, '12'),
(928, 'Nombre_Videojuego_928', 3, '2006-01-28', 4, '16'),
(929, 'Nombre_Videojuego_929', 28, '2012-05-21', 5, '18'),
(930, 'Nombre_Videojuego_930', 37, '2004-06-17', 0, 'TODOS'),
(931, 'Nombre_Videojuego_931', 45, '2004-07-22', 1, '3'),
(932, 'Nombre_Videojuego_932', 20, '1992-04-24', 2, '7'),
(933, 'Nombre_Videojuego_933', 26, '2015-11-03', 3, '12'),
(934, 'Nombre_Videojuego_934', 13, '2011-06-04', 4, '16'),
(935, 'Nombre_Videojuego_935', 24, '2017-10-08', 5, '18'),
(936, 'Nombre_Videojuego_936', 24, '2005-06-09', 0, 'TODOS'),
(937, 'Nombre_Videojuego_937', 40, '1980-02-13', 1, '3'),
(938, 'Nombre_Videojuego_938', 13, '1994-09-04', 2, '7'),
(939, 'Nombre_Videojuego_939', 21, '1988-04-22', 3, '12'),
(940, 'Nombre_Videojuego_940', 33, '1994-05-28', 4, '16'),
(941, 'Nombre_Videojuego_941', 35, '1992-05-27', 5, '18'),
(942, 'Nombre_Videojuego_942', 46, '2014-08-18', 0, 'TODOS'),
(943, 'Nombre_Videojuego_943', 49, '1985-06-05', 1, '3'),
(944, 'Nombre_Videojuego_944', 27, '1991-10-09', 2, '7'),
(945, 'Nombre_Videojuego_945', 12, '1984-03-15', 3, '12'),
(946, 'Nombre_Videojuego_946', 27, '2012-04-14', 4, '16'),
(947, 'Nombre_Videojuego_947', 19, '2004-02-11', 5, '18'),
(948, 'Nombre_Videojuego_948', 24, '2015-10-18', 0, 'TODOS'),
(949, 'Nombre_Videojuego_949', 4, '1993-03-19', 1, '3'),
(950, 'Nombre_Videojuego_950', 8, '1984-12-17', 2, '7'),
(951, 'Nombre_Videojuego_951', 8, '1985-07-22', 3, '12'),
(952, 'Nombre_Videojuego_952', 13, '1995-09-17', 4, '16'),
(953, 'Nombre_Videojuego_953', 30, '1978-02-02', 5, '18'),
(954, 'Nombre_Videojuego_954', 15, '2009-05-16', 0, 'TODOS'),
(955, 'Nombre_Videojuego_955', 9, '1999-04-21', 1, '3'),
(956, 'Nombre_Videojuego_956', 17, '2006-08-27', 2, '7'),
(957, 'Nombre_Videojuego_957', 42, '1995-04-16', 3, '12'),
(958, 'Nombre_Videojuego_958', 44, '1998-07-24', 4, '16'),
(959, 'Nombre_Videojuego_959', 30, '2019-06-12', 5, '18'),
(960, 'Nombre_Videojuego_960', 15, '2003-01-19', 0, 'TODOS'),
(961, 'Nombre_Videojuego_961', 29, '2002-10-22', 1, '3'),
(962, 'Nombre_Videojuego_962', 13, '1985-04-19', 2, '7'),
(963, 'Nombre_Videojuego_963', 14, '1992-07-20', 3, '12'),
(964, 'Nombre_Videojuego_964', 38, '1987-12-09', 4, '16'),
(965, 'Nombre_Videojuego_965', 14, '1978-10-18', 5, '18'),
(966, 'Nombre_Videojuego_966', 20, '2005-09-13', 0, 'TODOS'),
(967, 'Nombre_Videojuego_967', 10, '2005-03-17', 1, '3'),
(968, 'Nombre_Videojuego_968', 36, '1988-12-25', 2, '7'),
(969, 'Nombre_Videojuego_969', 10, '1987-03-08', 3, '12'),
(970, 'Nombre_Videojuego_970', 9, '2004-11-22', 4, '16'),
(971, 'Nombre_Videojuego_971', 28, '1990-09-15', 5, '18'),
(972, 'Nombre_Videojuego_972', 10, '1993-02-01', 0, 'TODOS'),
(973, 'Nombre_Videojuego_973', 16, '1985-01-16', 1, '3'),
(974, 'Nombre_Videojuego_974', 33, '2017-11-07', 2, '7'),
(975, 'Nombre_Videojuego_975', 30, '1989-04-03', 3, '12'),
(976, 'Nombre_Videojuego_976', 11, '1993-05-13', 4, '16'),
(977, 'Nombre_Videojuego_977', 24, '2003-10-18', 5, '18'),
(978, 'Nombre_Videojuego_978', 44, '1997-08-11', 0, 'TODOS'),
(979, 'Nombre_Videojuego_979', 8, '1998-05-26', 1, '3'),
(980, 'Nombre_Videojuego_980', 19, '1986-10-24', 2, '7'),
(981, 'Nombre_Videojuego_981', 14, '1990-04-15', 3, '12'),
(982, 'Nombre_Videojuego_982', 16, '1999-05-24', 4, '16'),
(983, 'Nombre_Videojuego_983', 6, '1992-07-25', 5, '18'),
(984, 'Nombre_Videojuego_984', 22, '2004-02-01', 0, 'TODOS'),
(985, 'Nombre_Videojuego_985', 14, '1992-07-24', 1, '3'),
(986, 'Nombre_Videojuego_986', 43, '2009-03-13', 2, '7'),
(987, 'Nombre_Videojuego_987', 17, '1995-03-09', 3, '12'),
(988, 'Nombre_Videojuego_988', 37, '2005-04-15', 4, '16'),
(989, 'Nombre_Videojuego_989', 46, '1984-02-01', 5, '18'),
(990, 'Nombre_Videojuego_990', 27, '1999-09-17', 0, 'TODOS'),
(991, 'Nombre_Videojuego_991', 38, '1993-06-20', 1, '3'),
(992, 'Nombre_Videojuego_992', 28, '2016-01-10', 2, '7'),
(993, 'Nombre_Videojuego_993', 30, '1998-03-02', 3, '12'),
(994, 'Nombre_Videojuego_994', 41, '1980-08-16', 4, '16'),
(995, 'Nombre_Videojuego_995', 37, '2014-01-11', 5, '18'),
(996, 'Nombre_Videojuego_996', 11, '2008-07-13', 0, 'TODOS'),
(997, 'Nombre_Videojuego_997', 36, '1991-06-24', 1, '3'),
(998, 'Nombre_Videojuego_998', 29, '2016-01-01', 2, '7'),
(999, 'Nombre_Videojuego_999', 31, '2012-06-18', 3, '12'),
(1000, 'Nombre_Videojuego_1000', 11, '2015-11-02', 4, '16'),
(1001, 'Nombre_Videojuego_1001', 39, '2010-01-17', 5, '18'),
(1002, 'Nombre_Videojuego_1002', 33, '2017-11-17', 0, 'TODOS'),
(1003, 'Nombre_Videojuego_1003', 39, '2008-10-22', 1, '3'),
(1004, 'Nombre_Videojuego_1004', 8, '1996-02-23', 2, '7'),
(1005, 'Nombre_Videojuego_1005', 18, '2005-07-10', 3, '12'),
(1006, 'Nombre_Videojuego_1006', 2, '2019-10-14', 4, '16'),
(1007, 'Nombre_Videojuego_1007', 23, '1984-12-25', 5, '18'),
(1008, 'Nombre_Videojuego_1008', 30, '2018-04-28', 0, 'TODOS'),
(1009, 'Nombre_Videojuego_1009', 15, '1991-02-11', 1, '3'),
(1010, 'Nombre_Videojuego_1010', 34, '1979-06-09', 2, '7'),
(1011, 'Nombre_Videojuego_1011', 23, '1995-01-04', 3, '12'),
(1012, 'Nombre_Videojuego_1012', 35, '2014-12-28', 4, '16'),
(1013, 'Nombre_Videojuego_1013', 29, '1980-10-10', 5, '18'),
(1014, 'Nombre_Videojuego_1014', 50, '2015-09-26', 0, 'TODOS'),
(1015, 'Nombre_Videojuego_1015', 26, '1992-02-04', 1, '3'),
(1016, 'Nombre_Videojuego_1016', 42, '1992-01-15', 2, '7'),
(1017, 'Nombre_Videojuego_1017', 30, '2006-04-23', 3, '12'),
(1018, 'Nombre_Videojuego_1018', 48, '1986-01-10', 4, '16'),
(1019, 'Nombre_Videojuego_1019', 15, '1989-04-14', 5, '18'),
(1020, 'Nombre_Videojuego_1020', 5, '1989-06-25', 0, 'TODOS'),
(1021, 'Nombre_Videojuego_1021', 4, '2009-11-15', 1, '3'),
(1022, 'Nombre_Videojuego_1022', 36, '1998-10-27', 2, '7'),
(1023, 'Nombre_Videojuego_1023', 28, '1990-01-22', 3, '12'),
(1024, 'Nombre_Videojuego_1024', 29, '2004-09-12', 4, '16'),
(1025, 'Nombre_Videojuego_1025', 14, '2018-04-17', 5, '18'),
(1026, 'Nombre_Videojuego_1026', 3, '1985-02-15', 0, 'TODOS'),
(1027, 'Nombre_Videojuego_1027', 25, '1992-03-16', 1, '3'),
(1028, 'Nombre_Videojuego_1028', 30, '2017-09-23', 2, '7'),
(1029, 'Nombre_Videojuego_1029', 46, '1989-05-24', 3, '12'),
(1030, 'Nombre_Videojuego_1030', 16, '1999-01-13', 4, '16'),
(1031, 'Nombre_Videojuego_1031', 18, '2015-06-18', 5, '18'),
(1032, 'Nombre_Videojuego_1032', 44, '1990-11-11', 0, 'TODOS'),
(1033, 'Nombre_Videojuego_1033', 23, '1984-06-27', 1, '3'),
(1034, 'Nombre_Videojuego_1034', 49, '2016-02-08', 2, '7'),
(1035, 'Nombre_Videojuego_1035', 22, '1992-04-20', 3, '12'),
(1036, 'Nombre_Videojuego_1036', 19, '2000-09-19', 4, '16'),
(1037, 'Nombre_Videojuego_1037', 49, '1993-12-20', 5, '18'),
(1038, 'Nombre_Videojuego_1038', 48, '2010-03-26', 0, 'TODOS'),
(1039, 'Nombre_Videojuego_1039', 5, '1979-03-23', 1, '3'),
(1040, 'Nombre_Videojuego_1040', 16, '2005-04-18', 2, '7'),
(1041, 'Nombre_Videojuego_1041', 23, '1980-04-04', 3, '12'),
(1042, 'Nombre_Videojuego_1042', 16, '1978-10-12', 4, '16'),
(1043, 'Nombre_Videojuego_1043', 18, '1977-11-21', 5, '18'),
(1044, 'Nombre_Videojuego_1044', 39, '1999-06-02', 0, 'TODOS'),
(1045, 'Nombre_Videojuego_1045', 36, '2001-12-17', 1, '3'),
(1046, 'Nombre_Videojuego_1046', 50, '2014-05-11', 2, '7'),
(1047, 'Nombre_Videojuego_1047', 18, '1983-05-23', 3, '12'),
(1048, 'Nombre_Videojuego_1048', 21, '1978-04-04', 4, '16'),
(1049, 'Nombre_Videojuego_1049', 33, '1979-10-02', 5, '18'),
(1050, 'Nombre_Videojuego_1050', 34, '2000-10-01', 0, 'TODOS'),
(1051, 'Nombre_Videojuego_1051', 21, '1995-11-15', 1, '3'),
(1052, 'Nombre_Videojuego_1052', 43, '1987-11-25', 2, '7'),
(1053, 'Nombre_Videojuego_1053', 13, '1991-10-26', 3, '12'),
(1054, 'Nombre_Videojuego_1054', 36, '1977-04-19', 4, '16'),
(1055, 'Nombre_Videojuego_1055', 6, '1999-06-01', 5, '18'),
(1056, 'Nombre_Videojuego_1056', 9, '1983-10-07', 0, 'TODOS'),
(1057, 'Nombre_Videojuego_1057', 36, '1988-09-08', 1, '3'),
(1058, 'Nombre_Videojuego_1058', 19, '2013-04-26', 2, '7'),
(1059, 'Nombre_Videojuego_1059', 39, '1977-07-04', 3, '12'),
(1060, 'Nombre_Videojuego_1060', 2, '1997-05-06', 4, '16'),
(1061, 'Nombre_Videojuego_1061', 29, '1993-02-26', 5, '18'),
(1062, 'Nombre_Videojuego_1062', 49, '1979-03-16', 0, 'TODOS'),
(1063, 'Nombre_Videojuego_1063', 5, '1998-12-07', 1, '3'),
(1064, 'Nombre_Videojuego_1064', 48, '2014-02-20', 2, '7'),
(1065, 'Nombre_Videojuego_1065', 43, '1982-08-08', 3, '12'),
(1066, 'Nombre_Videojuego_1066', 18, '2016-04-24', 4, '16'),
(1067, 'Nombre_Videojuego_1067', 7, '1988-07-23', 5, '18'),
(1068, 'Nombre_Videojuego_1068', 9, '1989-05-08', 0, 'TODOS'),
(1069, 'Nombre_Videojuego_1069', 7, '1989-11-09', 1, '3'),
(1070, 'Nombre_Videojuego_1070', 18, '2017-11-16', 2, '7'),
(1071, 'Nombre_Videojuego_1071', 21, '1996-10-20', 3, '12'),
(1072, 'Nombre_Videojuego_1072', 34, '2015-05-22', 4, '16'),
(1073, 'Nombre_Videojuego_1073', 33, '1977-07-21', 5, '18'),
(1074, 'Nombre_Videojuego_1074', 22, '2010-11-13', 0, 'TODOS'),
(1075, 'Nombre_Videojuego_1075', 22, '1987-07-28', 1, '3'),
(1076, 'Nombre_Videojuego_1076', 40, '2018-04-20', 2, '7'),
(1077, 'Nombre_Videojuego_1077', 27, '1983-09-18', 3, '12'),
(1078, 'Nombre_Videojuego_1078', 23, '1986-02-17', 4, '16'),
(1079, 'Nombre_Videojuego_1079', 16, '1985-09-01', 5, '18'),
(1080, 'Nombre_Videojuego_1080', 3, '1985-09-19', 0, 'TODOS'),
(1081, 'Nombre_Videojuego_1081', 42, '1980-03-13', 1, '3'),
(1082, 'Nombre_Videojuego_1082', 30, '1986-11-02', 2, '7'),
(1083, 'Nombre_Videojuego_1083', 40, '2015-09-14', 3, '12'),
(1084, 'Nombre_Videojuego_1084', 27, '1993-05-08', 4, '16'),
(1085, 'Nombre_Videojuego_1085', 34, '2012-10-01', 5, '18'),
(1086, 'Nombre_Videojuego_1086', 20, '2017-08-10', 0, 'TODOS'),
(1087, 'Nombre_Videojuego_1087', 18, '2000-04-23', 1, '3'),
(1088, 'Nombre_Videojuego_1088', 19, '1986-05-09', 2, '7'),
(1089, 'Nombre_Videojuego_1089', 23, '2005-09-05', 3, '12'),
(1090, 'Nombre_Videojuego_1090', 42, '2010-04-05', 4, '16'),
(1091, 'Nombre_Videojuego_1091', 39, '2016-02-01', 5, '18'),
(1092, 'Nombre_Videojuego_1092', 48, '1997-10-13', 0, 'TODOS'),
(1093, 'Nombre_Videojuego_1093', 44, '1983-03-16', 1, '3'),
(1094, 'Nombre_Videojuego_1094', 35, '2004-09-10', 2, '7'),
(1095, 'Nombre_Videojuego_1095', 35, '1989-03-06', 3, '12'),
(1096, 'Nombre_Videojuego_1096', 10, '2001-06-03', 4, '16'),
(1097, 'Nombre_Videojuego_1097', 14, '1999-01-20', 5, '18'),
(1098, 'Nombre_Videojuego_1098', 48, '2017-11-19', 0, 'TODOS'),
(1099, 'Nombre_Videojuego_1099', 38, '2006-09-02', 1, '3'),
(1100, 'Nombre_Videojuego_1100', 23, '1980-04-18', 2, '7'),
(1101, 'Nombre_Videojuego_1101', 28, '1999-01-11', 3, '12'),
(1102, 'Nombre_Videojuego_1102', 15, '2015-08-24', 4, '16'),
(1103, 'Nombre_Videojuego_1103', 33, '1987-05-21', 5, '18'),
(1104, 'Nombre_Videojuego_1104', 30, '1977-08-04', 0, 'TODOS'),
(1105, 'Nombre_Videojuego_1105', 26, '2004-11-18', 1, '3'),
(1106, 'Nombre_Videojuego_1106', 41, '2005-02-21', 2, '7'),
(1107, 'Nombre_Videojuego_1107', 38, '2001-11-22', 3, '12'),
(1108, 'Nombre_Videojuego_1108', 31, '2016-01-09', 4, '16'),
(1109, 'Nombre_Videojuego_1109', 44, '2007-09-08', 5, '18'),
(1110, 'Nombre_Videojuego_1110', 41, '2007-01-14', 0, 'TODOS'),
(1111, 'Nombre_Videojuego_1111', 32, '2004-09-14', 1, '3'),
(1112, 'Nombre_Videojuego_1112', 26, '2001-12-21', 2, '7'),
(1113, 'Nombre_Videojuego_1113', 30, '1980-05-22', 3, '12'),
(1114, 'Nombre_Videojuego_1114', 38, '2019-02-23', 4, '16'),
(1115, 'Nombre_Videojuego_1115', 15, '1993-06-08', 5, '18'),
(1116, 'Nombre_Videojuego_1116', 31, '2014-10-20', 0, 'TODOS'),
(1117, 'Nombre_Videojuego_1117', 44, '2016-09-18', 1, '3'),
(1118, 'Nombre_Videojuego_1118', 11, '1996-07-14', 2, '7'),
(1119, 'Nombre_Videojuego_1119', 6, '2012-04-15', 3, '12'),
(1120, 'Nombre_Videojuego_1120', 14, '2016-04-01', 4, '16'),
(1121, 'Nombre_Videojuego_1121', 21, '1987-11-07', 5, '18'),
(1122, 'Nombre_Videojuego_1122', 13, '1983-01-22', 0, 'TODOS'),
(1123, 'Nombre_Videojuego_1123', 33, '1983-07-07', 1, '3'),
(1124, 'Nombre_Videojuego_1124', 49, '2000-06-16', 2, '7'),
(1125, 'Nombre_Videojuego_1125', 30, '1981-06-11', 3, '12'),
(1126, 'Nombre_Videojuego_1126', 26, '2017-09-28', 4, '16'),
(1127, 'Nombre_Videojuego_1127', 4, '1978-01-16', 5, '18'),
(1128, 'Nombre_Videojuego_1128', 32, '1978-10-24', 0, 'TODOS'),
(1129, 'Nombre_Videojuego_1129', 34, '1991-03-20', 1, '3'),
(1130, 'Nombre_Videojuego_1130', 44, '2006-04-11', 2, '7'),
(1131, 'Nombre_Videojuego_1131', 18, '1981-07-17', 3, '12'),
(1132, 'Nombre_Videojuego_1132', 29, '1980-04-06', 4, '16'),
(1133, 'Nombre_Videojuego_1133', 42, '2001-06-12', 5, '18'),
(1134, 'Nombre_Videojuego_1134', 44, '2013-08-20', 0, 'TODOS'),
(1135, 'Nombre_Videojuego_1135', 23, '2001-04-19', 1, '3'),
(1136, 'Nombre_Videojuego_1136', 34, '1984-07-01', 2, '7'),
(1137, 'Nombre_Videojuego_1137', 28, '2016-05-20', 3, '12'),
(1138, 'Nombre_Videojuego_1138', 24, '2016-02-07', 4, '16'),
(1139, 'Nombre_Videojuego_1139', 43, '2018-05-15', 5, '18'),
(1140, 'Nombre_Videojuego_1140', 47, '1981-04-20', 0, 'TODOS'),
(1141, 'Nombre_Videojuego_1141', 34, '2006-12-05', 1, '3'),
(1142, 'Nombre_Videojuego_1142', 45, '1982-06-20', 2, '7'),
(1143, 'Nombre_Videojuego_1143', 10, '1983-10-20', 3, '12'),
(1144, 'Nombre_Videojuego_1144', 21, '2017-10-18', 4, '16'),
(1145, 'Nombre_Videojuego_1145', 32, '2018-10-12', 5, '18'),
(1146, 'Nombre_Videojuego_1146', 29, '2010-01-14', 0, 'TODOS'),
(1147, 'Nombre_Videojuego_1147', 23, '1993-05-20', 1, '3'),
(1148, 'Nombre_Videojuego_1148', 31, '1980-01-18', 2, '7'),
(1149, 'Nombre_Videojuego_1149', 33, '1980-02-10', 3, '12'),
(1150, 'Nombre_Videojuego_1150', 11, '1979-05-18', 4, '16'),
(1151, 'Nombre_Videojuego_1151', 4, '2002-11-14', 5, '18'),
(1152, 'Nombre_Videojuego_1152', 10, '2009-01-23', 0, 'TODOS'),
(1153, 'Nombre_Videojuego_1153', 50, '1978-07-19', 1, '3'),
(1154, 'Nombre_Videojuego_1154', 5, '2002-02-07', 2, '7'),
(1155, 'Nombre_Videojuego_1155', 30, '2009-12-01', 3, '12'),
(1156, 'Nombre_Videojuego_1156', 2, '2010-01-20', 4, '16'),
(1157, 'Nombre_Videojuego_1157', 3, '2013-07-04', 5, '18'),
(1158, 'Nombre_Videojuego_1158', 13, '1985-03-25', 0, 'TODOS'),
(1159, 'Nombre_Videojuego_1159', 14, '2003-02-14', 1, '3'),
(1160, 'Nombre_Videojuego_1160', 37, '1998-07-18', 2, '7'),
(1161, 'Nombre_Videojuego_1161', 34, '2006-11-02', 3, '12'),
(1162, 'Nombre_Videojuego_1162', 11, '1998-02-01', 4, '16'),
(1163, 'Nombre_Videojuego_1163', 14, '1985-10-02', 5, '18'),
(1164, 'Nombre_Videojuego_1164', 23, '1983-07-24', 0, 'TODOS'),
(1165, 'Nombre_Videojuego_1165', 15, '1983-08-13', 1, '3'),
(1166, 'Nombre_Videojuego_1166', 16, '2011-09-14', 2, '7'),
(1167, 'Nombre_Videojuego_1167', 40, '1977-01-20', 3, '12'),
(1168, 'Nombre_Videojuego_1168', 7, '1994-04-09', 4, '16'),
(1169, 'Nombre_Videojuego_1169', 12, '1984-11-13', 5, '18'),
(1170, 'Nombre_Videojuego_1170', 33, '2010-10-11', 0, 'TODOS'),
(1171, 'Nombre_Videojuego_1171', 39, '2010-11-09', 1, '3'),
(1172, 'Nombre_Videojuego_1172', 9, '1988-05-16', 2, '7'),
(1173, 'Nombre_Videojuego_1173', 42, '1979-02-15', 3, '12'),
(1174, 'Nombre_Videojuego_1174', 42, '1993-04-19', 4, '16'),
(1175, 'Nombre_Videojuego_1175', 22, '1977-09-27', 5, '18'),
(1176, 'Nombre_Videojuego_1176', 15, '1986-08-14', 0, 'TODOS'),
(1177, 'Nombre_Videojuego_1177', 39, '1991-09-20', 1, '3'),
(1178, 'Nombre_Videojuego_1178', 2, '2003-03-04', 2, '7'),
(1179, 'Nombre_Videojuego_1179', 30, '1979-11-12', 3, '12'),
(1180, 'Nombre_Videojuego_1180', 4, '2004-11-14', 4, '16'),
(1181, 'Nombre_Videojuego_1181', 9, '2001-07-21', 5, '18'),
(1182, 'Nombre_Videojuego_1182', 1, '2000-03-06', 0, 'TODOS'),
(1183, 'Nombre_Videojuego_1183', 37, '2016-08-01', 1, '3'),
(1184, 'Nombre_Videojuego_1184', 26, '2002-11-04', 2, '7'),
(1185, 'Nombre_Videojuego_1185', 49, '2017-01-15', 3, '12'),
(1186, 'Nombre_Videojuego_1186', 28, '1981-12-09', 4, '16'),
(1187, 'Nombre_Videojuego_1187', 37, '2009-11-16', 5, '18'),
(1188, 'Nombre_Videojuego_1188', 18, '2010-09-02', 0, 'TODOS'),
(1189, 'Nombre_Videojuego_1189', 3, '2017-02-23', 1, '3'),
(1190, 'Nombre_Videojuego_1190', 30, '1984-01-18', 2, '7'),
(1191, 'Nombre_Videojuego_1191', 23, '2017-08-13', 3, '12'),
(1192, 'Nombre_Videojuego_1192', 19, '2012-09-08', 4, '16'),
(1193, 'Nombre_Videojuego_1193', 29, '2015-11-22', 5, '18'),
(1194, 'Nombre_Videojuego_1194', 49, '1995-09-24', 0, 'TODOS'),
(1195, 'Nombre_Videojuego_1195', 2, '2015-09-11', 1, '3'),
(1196, 'Nombre_Videojuego_1196', 25, '2016-11-20', 2, '7'),
(1197, 'Nombre_Videojuego_1197', 4, '1989-03-24', 3, '12'),
(1198, 'Nombre_Videojuego_1198', 44, '2002-04-27', 4, '16'),
(1199, 'Nombre_Videojuego_1199', 1, '1994-09-15', 5, '18'),
(1200, 'Nombre_Videojuego_1200', 42, '2004-10-08', 0, 'TODOS'),
(1201, 'Nombre_Videojuego_1201', 47, '1982-05-26', 1, '3'),
(1202, 'Nombre_Videojuego_1202', 37, '1990-03-07', 2, '7'),
(1203, 'Nombre_Videojuego_1203', 1, '2016-02-25', 3, '12'),
(1204, 'Nombre_Videojuego_1204', 27, '1981-04-02', 4, '16'),
(1205, 'Nombre_Videojuego_1205', 21, '1989-05-07', 5, '18'),
(1206, 'Nombre_Videojuego_1206', 3, '1993-08-12', 0, 'TODOS'),
(1207, 'Nombre_Videojuego_1207', 24, '1979-06-04', 1, '3'),
(1208, 'Nombre_Videojuego_1208', 31, '1995-12-05', 2, '7'),
(1209, 'Nombre_Videojuego_1209', 3, '1997-01-19', 3, '12'),
(1210, 'Nombre_Videojuego_1210', 23, '2011-02-15', 4, '16'),
(1211, 'Nombre_Videojuego_1211', 39, '1988-05-25', 5, '18'),
(1212, 'Nombre_Videojuego_1212', 27, '1995-05-15', 0, 'TODOS'),
(1213, 'Nombre_Videojuego_1213', 42, '1994-03-10', 1, '3'),
(1214, 'Nombre_Videojuego_1214', 40, '1979-08-18', 2, '7'),
(1215, 'Nombre_Videojuego_1215', 27, '2006-08-11', 3, '12'),
(1216, 'Nombre_Videojuego_1216', 41, '2004-06-12', 4, '16'),
(1217, 'Nombre_Videojuego_1217', 30, '2009-06-27', 5, '18'),
(1218, 'Nombre_Videojuego_1218', 27, '1984-07-17', 0, 'TODOS'),
(1219, 'Nombre_Videojuego_1219', 10, '1980-06-06', 1, '3'),
(1220, 'Nombre_Videojuego_1220', 18, '2003-10-04', 2, '7'),
(1221, 'Nombre_Videojuego_1221', 3, '1979-03-14', 3, '12'),
(1222, 'Nombre_Videojuego_1222', 1, '1985-10-01', 4, '16'),
(1223, 'Nombre_Videojuego_1223', 44, '1979-02-07', 5, '18'),
(1224, 'Nombre_Videojuego_1224', 40, '1996-05-25', 0, 'TODOS'),
(1225, 'Nombre_Videojuego_1225', 19, '1993-07-06', 1, '3'),
(1226, 'Nombre_Videojuego_1226', 7, '1986-06-14', 2, '7'),
(1227, 'Nombre_Videojuego_1227', 22, '1988-06-23', 3, '12'),
(1228, 'Nombre_Videojuego_1228', 31, '2008-08-13', 4, '16'),
(1229, 'Nombre_Videojuego_1229', 8, '1987-04-13', 5, '18'),
(1230, 'Nombre_Videojuego_1230', 46, '2014-07-11', 0, 'TODOS'),
(1231, 'Nombre_Videojuego_1231', 40, '2019-06-07', 1, '3'),
(1232, 'Nombre_Videojuego_1232', 14, '2004-06-21', 2, '7'),
(1233, 'Nombre_Videojuego_1233', 48, '2018-08-18', 3, '12'),
(1234, 'Nombre_Videojuego_1234', 19, '2003-07-12', 4, '16'),
(1235, 'Nombre_Videojuego_1235', 31, '2005-10-15', 5, '18'),
(1236, 'Nombre_Videojuego_1236', 49, '1990-01-01', 0, 'TODOS'),
(1237, 'Nombre_Videojuego_1237', 21, '1994-05-27', 1, '3'),
(1238, 'Nombre_Videojuego_1238', 18, '1983-10-20', 2, '7'),
(1239, 'Nombre_Videojuego_1239', 50, '2009-11-26', 3, '12'),
(1240, 'Nombre_Videojuego_1240', 34, '2008-01-07', 4, '16'),
(1241, 'Nombre_Videojuego_1241', 32, '1986-05-05', 5, '18'),
(1242, 'Nombre_Videojuego_1242', 36, '2010-05-12', 0, 'TODOS'),
(1243, 'Nombre_Videojuego_1243', 39, '2003-12-13', 1, '3'),
(1244, 'Nombre_Videojuego_1244', 28, '2000-06-26', 2, '7'),
(1245, 'Nombre_Videojuego_1245', 19, '1992-02-14', 3, '12'),
(1246, 'Nombre_Videojuego_1246', 17, '2018-11-07', 4, '16'),
(1247, 'Nombre_Videojuego_1247', 35, '2006-04-25', 5, '18'),
(1248, 'Nombre_Videojuego_1248', 40, '1998-06-05', 0, 'TODOS'),
(1249, 'Nombre_Videojuego_1249', 23, '1985-01-07', 1, '3'),
(1250, 'Nombre_Videojuego_1250', 33, '2007-09-26', 2, '7'),
(1251, 'Nombre_Videojuego_1251', 7, '2006-03-14', 3, '12'),
(1252, 'Nombre_Videojuego_1252', 40, '2014-11-11', 4, '16'),
(1253, 'Nombre_Videojuego_1253', 49, '2010-09-14', 5, '18'),
(1254, 'Nombre_Videojuego_1254', 42, '1985-12-02', 0, 'TODOS'),
(1255, 'Nombre_Videojuego_1255', 47, '1980-04-19', 1, '3'),
(1256, 'Nombre_Videojuego_1256', 33, '1998-04-23', 2, '7'),
(1257, 'Nombre_Videojuego_1257', 35, '2009-12-27', 3, '12'),
(1258, 'Nombre_Videojuego_1258', 33, '1988-09-27', 4, '16'),
(1259, 'Nombre_Videojuego_1259', 26, '2004-12-01', 5, '18'),
(1260, 'Nombre_Videojuego_1260', 15, '2008-08-28', 0, 'TODOS'),
(1261, 'Nombre_Videojuego_1261', 13, '2002-02-14', 1, '3'),
(1262, 'Nombre_Videojuego_1262', 45, '1980-11-13', 2, '7'),
(1263, 'Nombre_Videojuego_1263', 11, '1989-04-16', 3, '12'),
(1264, 'Nombre_Videojuego_1264', 30, '1979-07-03', 4, '16'),
(1265, 'Nombre_Videojuego_1265', 27, '1984-07-21', 5, '18'),
(1266, 'Nombre_Videojuego_1266', 20, '2005-06-03', 0, 'TODOS'),
(1267, 'Nombre_Videojuego_1267', 2, '2011-07-01', 1, '3'),
(1268, 'Nombre_Videojuego_1268', 13, '2003-02-27', 2, '7'),
(1269, 'Nombre_Videojuego_1269', 49, '2015-08-24', 3, '12'),
(1270, 'Nombre_Videojuego_1270', 43, '2007-09-27', 4, '16'),
(1271, 'Nombre_Videojuego_1271', 16, '1982-01-21', 5, '18'),
(1272, 'Nombre_Videojuego_1272', 35, '1994-03-05', 0, 'TODOS'),
(1273, 'Nombre_Videojuego_1273', 45, '1982-12-25', 1, '3'),
(1274, 'Nombre_Videojuego_1274', 4, '1983-05-07', 2, '7'),
(1275, 'Nombre_Videojuego_1275', 5, '1994-08-09', 3, '12'),
(1276, 'Nombre_Videojuego_1276', 37, '1992-02-20', 4, '16'),
(1277, 'Nombre_Videojuego_1277', 39, '1978-02-15', 5, '18'),
(1278, 'Nombre_Videojuego_1278', 50, '2019-09-09', 0, 'TODOS'),
(1279, 'Nombre_Videojuego_1279', 17, '1997-05-21', 1, '3'),
(1280, 'Nombre_Videojuego_1280', 15, '1981-09-24', 2, '7'),
(1281, 'Nombre_Videojuego_1281', 32, '2015-12-16', 3, '12'),
(1282, 'Nombre_Videojuego_1282', 9, '2019-11-04', 4, '16'),
(1283, 'Nombre_Videojuego_1283', 32, '1994-04-25', 5, '18'),
(1284, 'Nombre_Videojuego_1284', 32, '2004-11-14', 0, 'TODOS'),
(1285, 'Nombre_Videojuego_1285', 16, '2011-07-07', 1, '3'),
(1286, 'Nombre_Videojuego_1286', 12, '2002-01-25', 2, '7'),
(1287, 'Nombre_Videojuego_1287', 5, '1985-12-26', 3, '12'),
(1288, 'Nombre_Videojuego_1288', 49, '2004-08-20', 4, '16'),
(1289, 'Nombre_Videojuego_1289', 45, '2009-10-27', 5, '18'),
(1290, 'Nombre_Videojuego_1290', 21, '2005-11-14', 0, 'TODOS'),
(1291, 'Nombre_Videojuego_1291', 26, '2001-09-01', 1, '3'),
(1292, 'Nombre_Videojuego_1292', 25, '2009-04-20', 2, '7'),
(1293, 'Nombre_Videojuego_1293', 45, '1982-06-16', 3, '12'),
(1294, 'Nombre_Videojuego_1294', 16, '1995-08-09', 4, '16'),
(1295, 'Nombre_Videojuego_1295', 35, '1984-01-15', 5, '18'),
(1296, 'Nombre_Videojuego_1296', 31, '1994-12-05', 0, 'TODOS'),
(1297, 'Nombre_Videojuego_1297', 41, '2007-07-24', 1, '3'),
(1298, 'Nombre_Videojuego_1298', 41, '1992-08-01', 2, '7'),
(1299, 'Nombre_Videojuego_1299', 13, '2002-03-28', 3, '12'),
(1300, 'Nombre_Videojuego_1300', 42, '2007-12-27', 4, '16'),
(1301, 'Nombre_Videojuego_1301', 12, '2013-12-23', 5, '18'),
(1302, 'Nombre_Videojuego_1302', 50, '1985-07-11', 0, 'TODOS'),
(1303, 'Nombre_Videojuego_1303', 17, '2011-04-21', 1, '3'),
(1304, 'Nombre_Videojuego_1304', 39, '2013-07-28', 2, '7'),
(1305, 'Nombre_Videojuego_1305', 19, '1994-10-06', 3, '12'),
(1306, 'Nombre_Videojuego_1306', 15, '2009-09-10', 4, '16'),
(1307, 'Nombre_Videojuego_1307', 1, '2004-10-14', 5, '18'),
(1308, 'Nombre_Videojuego_1308', 34, '1997-05-22', 0, 'TODOS'),
(1309, 'Nombre_Videojuego_1309', 19, '2008-01-19', 1, '3'),
(1310, 'Nombre_Videojuego_1310', 34, '1984-07-02', 2, '7'),
(1311, 'Nombre_Videojuego_1311', 22, '1999-01-05', 3, '12'),
(1312, 'Nombre_Videojuego_1312', 14, '2010-05-25', 4, '16'),
(1313, 'Nombre_Videojuego_1313', 31, '1991-02-06', 5, '18'),
(1314, 'Nombre_Videojuego_1314', 8, '2011-05-04', 0, 'TODOS'),
(1315, 'Nombre_Videojuego_1315', 40, '1983-04-04', 1, '3'),
(1316, 'Nombre_Videojuego_1316', 8, '1996-01-08', 2, '7'),
(1317, 'Nombre_Videojuego_1317', 6, '2011-10-10', 3, '12'),
(1318, 'Nombre_Videojuego_1318', 8, '1994-01-24', 4, '16'),
(1319, 'Nombre_Videojuego_1319', 49, '2007-11-10', 5, '18'),
(1320, 'Nombre_Videojuego_1320', 9, '1986-09-13', 0, 'TODOS'),
(1321, 'Nombre_Videojuego_1321', 48, '1988-08-11', 1, '3'),
(1322, 'Nombre_Videojuego_1322', 12, '1984-03-19', 2, '7'),
(1323, 'Nombre_Videojuego_1323', 47, '2011-04-04', 3, '12'),
(1324, 'Nombre_Videojuego_1324', 34, '1993-06-10', 4, '16'),
(1325, 'Nombre_Videojuego_1325', 23, '1977-02-22', 5, '18'),
(1326, 'Nombre_Videojuego_1326', 38, '1977-07-15', 0, 'TODOS'),
(1327, 'Nombre_Videojuego_1327', 1, '2015-05-21', 1, '3'),
(1328, 'Nombre_Videojuego_1328', 37, '1980-01-10', 2, '7'),
(1329, 'Nombre_Videojuego_1329', 43, '2015-07-04', 3, '12'),
(1330, 'Nombre_Videojuego_1330', 45, '2002-01-17', 4, '16'),
(1331, 'Nombre_Videojuego_1331', 36, '2007-05-13', 5, '18'),
(1332, 'Nombre_Videojuego_1332', 2, '1988-11-22', 0, 'TODOS'),
(1333, 'Nombre_Videojuego_1333', 18, '2013-10-14', 1, '3'),
(1334, 'Nombre_Videojuego_1334', 27, '2008-09-23', 2, '7'),
(1335, 'Nombre_Videojuego_1335', 30, '2019-11-22', 3, '12'),
(1336, 'Nombre_Videojuego_1336', 45, '1999-03-20', 4, '16'),
(1337, 'Nombre_Videojuego_1337', 40, '2015-06-11', 5, '18'),
(1338, 'Nombre_Videojuego_1338', 27, '2000-07-24', 0, 'TODOS'),
(1339, 'Nombre_Videojuego_1339', 24, '1979-01-27', 1, '3'),
(1340, 'Nombre_Videojuego_1340', 48, '2007-03-28', 2, '7'),
(1341, 'Nombre_Videojuego_1341', 39, '2002-04-03', 3, '12'),
(1342, 'Nombre_Videojuego_1342', 46, '2012-05-20', 4, '16'),
(1343, 'Nombre_Videojuego_1343', 43, '1978-10-12', 5, '18'),
(1344, 'Nombre_Videojuego_1344', 45, '1987-08-24', 0, 'TODOS'),
(1345, 'Nombre_Videojuego_1345', 16, '2017-08-16', 1, '3'),
(1346, 'Nombre_Videojuego_1346', 15, '1991-01-26', 2, '7'),
(1347, 'Nombre_Videojuego_1347', 35, '2007-03-27', 3, '12'),
(1348, 'Nombre_Videojuego_1348', 44, '1994-10-20', 4, '16'),
(1349, 'Nombre_Videojuego_1349', 50, '1999-07-16', 5, '18'),
(1350, 'Nombre_Videojuego_1350', 23, '1985-02-17', 0, 'TODOS'),
(1351, 'Nombre_Videojuego_1351', 14, '2019-05-17', 1, '3'),
(1352, 'Nombre_Videojuego_1352', 4, '1983-06-06', 2, '7'),
(1353, 'Nombre_Videojuego_1353', 27, '1990-05-22', 3, '12'),
(1354, 'Nombre_Videojuego_1354', 47, '1988-01-12', 4, '16'),
(1355, 'Nombre_Videojuego_1355', 25, '1988-08-02', 5, '18'),
(1356, 'Nombre_Videojuego_1356', 43, '2019-09-01', 0, 'TODOS'),
(1357, 'Nombre_Videojuego_1357', 3, '2001-08-17', 1, '3'),
(1358, 'Nombre_Videojuego_1358', 46, '2004-03-03', 2, '7'),
(1359, 'Nombre_Videojuego_1359', 15, '2018-12-08', 3, '12'),
(1360, 'Nombre_Videojuego_1360', 2, '1991-01-12', 4, '16'),
(1361, 'Nombre_Videojuego_1361', 33, '1997-11-10', 5, '18'),
(1362, 'Nombre_Videojuego_1362', 3, '1980-10-18', 0, 'TODOS'),
(1363, 'Nombre_Videojuego_1363', 21, '1992-11-03', 1, '3'),
(1364, 'Nombre_Videojuego_1364', 43, '2019-10-22', 2, '7'),
(1365, 'Nombre_Videojuego_1365', 31, '2018-02-01', 3, '12'),
(1366, 'Nombre_Videojuego_1366', 29, '1999-01-22', 4, '16'),
(1367, 'Nombre_Videojuego_1367', 12, '1997-04-13', 5, '18'),
(1368, 'Nombre_Videojuego_1368', 50, '1981-02-24', 0, 'TODOS'),
(1369, 'Nombre_Videojuego_1369', 50, '1979-06-12', 1, '3'),
(1370, 'Nombre_Videojuego_1370', 25, '2006-06-19', 2, '7'),
(1371, 'Nombre_Videojuego_1371', 12, '1981-05-11', 3, '12'),
(1372, 'Nombre_Videojuego_1372', 13, '1984-10-28', 4, '16'),
(1373, 'Nombre_Videojuego_1373', 46, '1998-03-22', 5, '18'),
(1374, 'Nombre_Videojuego_1374', 39, '2002-09-09', 0, 'TODOS'),
(1375, 'Nombre_Videojuego_1375', 13, '1982-08-18', 1, '3'),
(1376, 'Nombre_Videojuego_1376', 21, '2000-09-06', 2, '7'),
(1377, 'Nombre_Videojuego_1377', 4, '1977-06-27', 3, '12'),
(1378, 'Nombre_Videojuego_1378', 1, '1985-08-17', 4, '16'),
(1379, 'Nombre_Videojuego_1379', 19, '2012-10-07', 5, '18'),
(1380, 'Nombre_Videojuego_1380', 30, '1978-11-22', 0, 'TODOS'),
(1381, 'Nombre_Videojuego_1381', 4, '2007-01-26', 1, '3'),
(1382, 'Nombre_Videojuego_1382', 36, '1980-03-24', 2, '7'),
(1383, 'Nombre_Videojuego_1383', 40, '1999-04-14', 3, '12'),
(1384, 'Nombre_Videojuego_1384', 45, '1978-04-11', 4, '16'),
(1385, 'Nombre_Videojuego_1385', 50, '1981-02-25', 5, '18'),
(1386, 'Nombre_Videojuego_1386', 14, '1979-08-28', 0, 'TODOS'),
(1387, 'Nombre_Videojuego_1387', 9, '1983-09-25', 1, '3'),
(1388, 'Nombre_Videojuego_1388', 27, '2004-11-08', 2, '7'),
(1389, 'Nombre_Videojuego_1389', 32, '1997-04-26', 3, '12'),
(1390, 'Nombre_Videojuego_1390', 27, '1977-05-15', 4, '16'),
(1391, 'Nombre_Videojuego_1391', 4, '1990-04-19', 5, '18'),
(1392, 'Nombre_Videojuego_1392', 11, '1988-09-25', 0, 'TODOS'),
(1393, 'Nombre_Videojuego_1393', 7, '2001-05-21', 1, '3'),
(1394, 'Nombre_Videojuego_1394', 48, '2000-05-19', 2, '7'),
(1395, 'Nombre_Videojuego_1395', 36, '1982-05-08', 3, '12'),
(1396, 'Nombre_Videojuego_1396', 5, '1999-06-28', 4, '16'),
(1397, 'Nombre_Videojuego_1397', 15, '2013-08-11', 5, '18'),
(1398, 'Nombre_Videojuego_1398', 28, '2015-10-15', 0, 'TODOS'),
(1399, 'Nombre_Videojuego_1399', 50, '2004-03-01', 1, '3'),
(1400, 'Nombre_Videojuego_1400', 40, '1990-02-26', 2, '7'),
(1401, 'Nombre_Videojuego_1401', 4, '1978-08-03', 3, '12'),
(1402, 'Nombre_Videojuego_1402', 12, '2000-09-17', 4, '16'),
(1403, 'Nombre_Videojuego_1403', 38, '2015-09-12', 5, '18'),
(1404, 'Nombre_Videojuego_1404', 10, '1984-04-12', 0, 'TODOS'),
(1405, 'Nombre_Videojuego_1405', 49, '1981-11-22', 1, '3'),
(1406, 'Nombre_Videojuego_1406', 48, '1995-09-01', 2, '7'),
(1407, 'Nombre_Videojuego_1407', 12, '2008-11-27', 3, '12'),
(1408, 'Nombre_Videojuego_1408', 12, '1981-03-12', 4, '16'),
(1409, 'Nombre_Videojuego_1409', 31, '2009-04-22', 5, '18'),
(1410, 'Nombre_Videojuego_1410', 21, '1996-06-07', 0, 'TODOS'),
(1411, 'Nombre_Videojuego_1411', 46, '1988-01-28', 1, '3'),
(1412, 'Nombre_Videojuego_1412', 19, '1993-05-21', 2, '7'),
(1413, 'Nombre_Videojuego_1413', 3, '1980-06-12', 3, '12'),
(1414, 'Nombre_Videojuego_1414', 23, '2008-11-16', 4, '16'),
(1415, 'Nombre_Videojuego_1415', 25, '2011-03-02', 5, '18'),
(1416, 'Nombre_Videojuego_1416', 11, '1978-10-18', 0, 'TODOS'),
(1417, 'Nombre_Videojuego_1417', 17, '2019-02-23', 1, '3'),
(1418, 'Nombre_Videojuego_1418', 46, '1992-01-27', 2, '7'),
(1419, 'Nombre_Videojuego_1419', 9, '2012-02-28', 3, '12'),
(1420, 'Nombre_Videojuego_1420', 38, '1982-07-27', 4, '16'),
(1421, 'Nombre_Videojuego_1421', 46, '2004-04-01', 5, '18'),
(1422, 'Nombre_Videojuego_1422', 22, '2002-11-21', 0, 'TODOS'),
(1423, 'Nombre_Videojuego_1423', 10, '1982-08-27', 1, '3'),
(1424, 'Nombre_Videojuego_1424', 33, '2015-07-15', 2, '7'),
(1425, 'Nombre_Videojuego_1425', 8, '2008-03-03', 3, '12'),
(1426, 'Nombre_Videojuego_1426', 22, '2005-05-21', 4, '16'),
(1427, 'Nombre_Videojuego_1427', 30, '1983-08-23', 5, '18'),
(1428, 'Nombre_Videojuego_1428', 17, '2001-06-01', 0, 'TODOS'),
(1429, 'Nombre_Videojuego_1429', 37, '2004-05-04', 1, '3'),
(1430, 'Nombre_Videojuego_1430', 12, '1981-05-01', 2, '7'),
(1431, 'Nombre_Videojuego_1431', 12, '1996-04-18', 3, '12'),
(1432, 'Nombre_Videojuego_1432', 50, '1977-12-02', 4, '16'),
(1433, 'Nombre_Videojuego_1433', 11, '2004-11-02', 5, '18'),
(1434, 'Nombre_Videojuego_1434', 16, '2005-10-08', 0, 'TODOS'),
(1435, 'Nombre_Videojuego_1435', 11, '1991-08-14', 1, '3'),
(1436, 'Nombre_Videojuego_1436', 23, '1990-10-19', 2, '7'),
(1437, 'Nombre_Videojuego_1437', 23, '2015-04-26', 3, '12'),
(1438, 'Nombre_Videojuego_1438', 34, '2000-04-23', 4, '16'),
(1439, 'Nombre_Videojuego_1439', 8, '2004-01-16', 5, '18'),
(1440, 'Nombre_Videojuego_1440', 45, '2008-09-02', 0, 'TODOS'),
(1441, 'Nombre_Videojuego_1441', 7, '1988-01-14', 1, '3'),
(1442, 'Nombre_Videojuego_1442', 17, '2000-09-03', 2, '7'),
(1443, 'Nombre_Videojuego_1443', 16, '2007-07-07', 3, '12'),
(1444, 'Nombre_Videojuego_1444', 27, '1977-07-27', 4, '16'),
(1445, 'Nombre_Videojuego_1445', 8, '1996-02-12', 5, '18'),
(1446, 'Nombre_Videojuego_1446', 47, '1992-10-26', 0, 'TODOS'),
(1447, 'Nombre_Videojuego_1447', 19, '1999-04-16', 1, '3'),
(1448, 'Nombre_Videojuego_1448', 3, '2016-02-25', 2, '7'),
(1449, 'Nombre_Videojuego_1449', 13, '1994-10-24', 3, '12'),
(1450, 'Nombre_Videojuego_1450', 29, '2005-08-04', 4, '16'),
(1451, 'Nombre_Videojuego_1451', 47, '2014-04-04', 5, '18'),
(1452, 'Nombre_Videojuego_1452', 4, '1980-09-10', 0, 'TODOS'),
(1453, 'Nombre_Videojuego_1453', 22, '1989-09-19', 1, '3'),
(1454, 'Nombre_Videojuego_1454', 27, '2003-08-03', 2, '7'),
(1455, 'Nombre_Videojuego_1455', 44, '2019-03-18', 3, '12'),
(1456, 'Nombre_Videojuego_1456', 17, '1979-08-22', 4, '16'),
(1457, 'Nombre_Videojuego_1457', 22, '2013-12-22', 5, '18'),
(1458, 'Nombre_Videojuego_1458', 28, '2018-08-12', 0, 'TODOS'),
(1459, 'Nombre_Videojuego_1459', 21, '2017-04-08', 1, '3'),
(1460, 'Nombre_Videojuego_1460', 46, '2009-02-06', 2, '7'),
(1461, 'Nombre_Videojuego_1461', 16, '1978-02-13', 3, '12'),
(1462, 'Nombre_Videojuego_1462', 34, '2002-10-24', 4, '16'),
(1463, 'Nombre_Videojuego_1463', 47, '1997-05-27', 5, '18'),
(1464, 'Nombre_Videojuego_1464', 9, '1985-06-07', 0, 'TODOS'),
(1465, 'Nombre_Videojuego_1465', 44, '1990-07-18', 1, '3'),
(1466, 'Nombre_Videojuego_1466', 39, '2007-10-02', 2, '7'),
(1467, 'Nombre_Videojuego_1467', 27, '2018-08-27', 3, '12'),
(1468, 'Nombre_Videojuego_1468', 35, '1993-06-04', 4, '16'),
(1469, 'Nombre_Videojuego_1469', 10, '1978-02-02', 5, '18'),
(1470, 'Nombre_Videojuego_1470', 39, '1998-08-19', 0, 'TODOS'),
(1471, 'Nombre_Videojuego_1471', 18, '1996-03-15', 1, '3'),
(1472, 'Nombre_Videojuego_1472', 6, '2002-03-19', 2, '7'),
(1473, 'Nombre_Videojuego_1473', 12, '2002-06-16', 3, '12'),
(1474, 'Nombre_Videojuego_1474', 17, '1994-01-12', 4, '16'),
(1475, 'Nombre_Videojuego_1475', 32, '2012-06-05', 5, '18'),
(1476, 'Nombre_Videojuego_1476', 33, '2016-02-23', 0, 'TODOS'),
(1477, 'Nombre_Videojuego_1477', 9, '2004-05-08', 1, '3'),
(1478, 'Nombre_Videojuego_1478', 16, '2009-05-09', 2, '7'),
(1479, 'Nombre_Videojuego_1479', 32, '1992-04-17', 3, '12'),
(1480, 'Nombre_Videojuego_1480', 39, '1983-09-09', 4, '16'),
(1481, 'Nombre_Videojuego_1481', 6, '1979-10-21', 5, '18'),
(1482, 'Nombre_Videojuego_1482', 41, '1983-06-23', 0, 'TODOS'),
(1483, 'Nombre_Videojuego_1483', 5, '1982-03-12', 1, '3'),
(1484, 'Nombre_Videojuego_1484', 27, '2009-01-05', 2, '7'),
(1485, 'Nombre_Videojuego_1485', 26, '2015-01-27', 3, '12'),
(1486, 'Nombre_Videojuego_1486', 42, '1986-10-11', 4, '16'),
(1487, 'Nombre_Videojuego_1487', 35, '2012-03-19', 5, '18'),
(1488, 'Nombre_Videojuego_1488', 46, '1997-10-16', 0, 'TODOS'),
(1489, 'Nombre_Videojuego_1489', 35, '1990-10-19', 1, '3'),
(1490, 'Nombre_Videojuego_1490', 29, '2018-02-27', 2, '7'),
(1491, 'Nombre_Videojuego_1491', 3, '1999-02-21', 3, '12'),
(1492, 'Nombre_Videojuego_1492', 46, '2009-07-13', 4, '16'),
(1493, 'Nombre_Videojuego_1493', 23, '1986-02-08', 5, '18'),
(1494, 'Nombre_Videojuego_1494', 16, '2009-03-11', 0, 'TODOS'),
(1495, 'Nombre_Videojuego_1495', 33, '2013-07-16', 1, '3'),
(1496, 'Nombre_Videojuego_1496', 38, '2017-02-02', 2, '7'),
(1497, 'Nombre_Videojuego_1497', 29, '1981-08-01', 3, '12'),
(1498, 'Nombre_Videojuego_1498', 3, '2002-03-06', 4, '16'),
(1499, 'Nombre_Videojuego_1499', 19, '1980-08-26', 5, '18'),
(1500, 'Nombre_Videojuego_1500', 32, '1995-08-01', 0, 'TODOS'),
(1501, 'Nombre_Videojuego_1501', 13, '1999-01-24', 1, '3'),
(1502, 'Nombre_Videojuego_1502', 33, '1984-10-13', 2, '7'),
(1503, 'Nombre_Videojuego_1503', 46, '2002-11-27', 3, '12'),
(1504, 'Nombre_Videojuego_1504', 36, '1985-07-20', 4, '16'),
(1505, 'Nombre_Videojuego_1505', 46, '2002-03-17', 5, '18'),
(1506, 'Nombre_Videojuego_1506', 30, '1993-03-17', 0, 'TODOS'),
(1507, 'Nombre_Videojuego_1507', 42, '1986-04-02', 1, '3'),
(1508, 'Nombre_Videojuego_1508', 31, '2004-10-01', 2, '7'),
(1509, 'Nombre_Videojuego_1509', 22, '1998-08-19', 3, '12'),
(1510, 'Nombre_Videojuego_1510', 27, '1989-10-06', 4, '16'),
(1511, 'Nombre_Videojuego_1511', 25, '1984-09-24', 5, '18'),
(1512, 'Nombre_Videojuego_1512', 9, '2007-08-11', 0, 'TODOS'),
(1513, 'Nombre_Videojuego_1513', 48, '2006-11-11', 1, '3'),
(1514, 'Nombre_Videojuego_1514', 12, '2006-10-13', 2, '7'),
(1515, 'Nombre_Videojuego_1515', 30, '2002-12-09', 3, '12'),
(1516, 'Nombre_Videojuego_1516', 37, '1987-08-11', 4, '16'),
(1517, 'Nombre_Videojuego_1517', 14, '1986-03-12', 5, '18'),
(1518, 'Nombre_Videojuego_1518', 21, '1987-04-26', 0, 'TODOS'),
(1519, 'Nombre_Videojuego_1519', 31, '2013-08-14', 1, '3'),
(1520, 'Nombre_Videojuego_1520', 32, '2008-06-07', 2, '7'),
(1521, 'Nombre_Videojuego_1521', 27, '2011-03-05', 3, '12'),
(1522, 'Nombre_Videojuego_1522', 47, '1981-04-03', 4, '16'),
(1523, 'Nombre_Videojuego_1523', 46, '1992-11-26', 5, '18'),
(1524, 'Nombre_Videojuego_1524', 11, '1985-09-08', 0, 'TODOS'),
(1525, 'Nombre_Videojuego_1525', 34, '2016-02-04', 1, '3'),
(1526, 'Nombre_Videojuego_1526', 46, '1980-03-17', 2, '7'),
(1527, 'Nombre_Videojuego_1527', 31, '1989-10-19', 3, '12'),
(1528, 'Nombre_Videojuego_1528', 5, '1997-06-01', 4, '16'),
(1529, 'Nombre_Videojuego_1529', 4, '2010-02-06', 5, '18'),
(1530, 'Nombre_Videojuego_1530', 5, '1993-12-22', 0, 'TODOS'),
(1531, 'Nombre_Videojuego_1531', 8, '2006-10-13', 1, '3'),
(1532, 'Nombre_Videojuego_1532', 50, '2010-06-13', 2, '7'),
(1533, 'Nombre_Videojuego_1533', 4, '1982-06-28', 3, '12'),
(1534, 'Nombre_Videojuego_1534', 16, '2007-05-03', 4, '16'),
(1535, 'Nombre_Videojuego_1535', 44, '1992-11-26', 5, '18'),
(1536, 'Nombre_Videojuego_1536', 33, '1997-12-22', 0, 'TODOS'),
(1537, 'Nombre_Videojuego_1537', 32, '1980-11-02', 1, '3'),
(1538, 'Nombre_Videojuego_1538', 5, '1987-04-28', 2, '7'),
(1539, 'Nombre_Videojuego_1539', 46, '1998-03-10', 3, '12'),
(1540, 'Nombre_Videojuego_1540', 26, '1985-11-07', 4, '16'),
(1541, 'Nombre_Videojuego_1541', 42, '2013-05-09', 5, '18'),
(1542, 'Nombre_Videojuego_1542', 19, '2012-04-12', 0, 'TODOS'),
(1543, 'Nombre_Videojuego_1543', 17, '2012-07-07', 1, '3'),
(1544, 'Nombre_Videojuego_1544', 20, '1989-03-23', 2, '7'),
(1545, 'Nombre_Videojuego_1545', 24, '1986-02-28', 3, '12'),
(1546, 'Nombre_Videojuego_1546', 17, '2010-07-26', 4, '16'),
(1547, 'Nombre_Videojuego_1547', 28, '1998-12-19', 5, '18'),
(1548, 'Nombre_Videojuego_1548', 39, '1991-02-14', 0, 'TODOS'),
(1549, 'Nombre_Videojuego_1549', 33, '1987-06-02', 1, '3'),
(1550, 'Nombre_Videojuego_1550', 20, '1993-07-10', 2, '7'),
(1551, 'Nombre_Videojuego_1551', 47, '2003-04-02', 3, '12'),
(1552, 'Nombre_Videojuego_1552', 22, '1991-09-23', 4, '16'),
(1553, 'Nombre_Videojuego_1553', 25, '1996-02-07', 5, '18'),
(1554, 'Nombre_Videojuego_1554', 17, '2008-06-04', 0, 'TODOS'),
(1555, 'Nombre_Videojuego_1555', 42, '1995-04-04', 1, '3'),
(1556, 'Nombre_Videojuego_1556', 23, '2008-03-24', 2, '7'),
(1557, 'Nombre_Videojuego_1557', 23, '1994-09-09', 3, '12'),
(1558, 'Nombre_Videojuego_1558', 26, '1983-07-08', 4, '16'),
(1559, 'Nombre_Videojuego_1559', 29, '1982-05-06', 5, '18'),
(1560, 'Nombre_Videojuego_1560', 22, '1983-12-10', 0, 'TODOS'),
(1561, 'Nombre_Videojuego_1561', 15, '2007-04-25', 1, '3'),
(1562, 'Nombre_Videojuego_1562', 13, '1990-07-19', 2, '7'),
(1563, 'Nombre_Videojuego_1563', 1, '1997-06-11', 3, '12'),
(1564, 'Nombre_Videojuego_1564', 24, '2018-03-11', 4, '16'),
(1565, 'Nombre_Videojuego_1565', 16, '1993-05-28', 5, '18'),
(1566, 'Nombre_Videojuego_1566', 14, '2001-06-10', 0, 'TODOS'),
(1567, 'Nombre_Videojuego_1567', 4, '2013-03-13', 1, '3'),
(1568, 'Nombre_Videojuego_1568', 4, '2007-08-12', 2, '7'),
(1569, 'Nombre_Videojuego_1569', 14, '2010-01-17', 3, '12'),
(1570, 'Nombre_Videojuego_1570', 24, '1985-05-04', 4, '16'),
(1571, 'Nombre_Videojuego_1571', 44, '1984-10-13', 5, '18'),
(1572, 'Nombre_Videojuego_1572', 40, '1982-10-11', 0, 'TODOS'),
(1573, 'Nombre_Videojuego_1573', 39, '2003-04-05', 1, '3'),
(1574, 'Nombre_Videojuego_1574', 23, '2011-10-25', 2, '7'),
(1575, 'Nombre_Videojuego_1575', 32, '1990-05-02', 3, '12'),
(1576, 'Nombre_Videojuego_1576', 50, '1982-01-14', 4, '16'),
(1577, 'Nombre_Videojuego_1577', 2, '2010-09-04', 5, '18'),
(1578, 'Nombre_Videojuego_1578', 31, '2005-10-11', 0, 'TODOS'),
(1579, 'Nombre_Videojuego_1579', 18, '1989-10-17', 1, '3'),
(1580, 'Nombre_Videojuego_1580', 14, '2001-08-07', 2, '7'),
(1581, 'Nombre_Videojuego_1581', 19, '1989-02-08', 3, '12'),
(1582, 'Nombre_Videojuego_1582', 1, '1983-09-24', 4, '16'),
(1583, 'Nombre_Videojuego_1583', 16, '1980-11-22', 5, '18'),
(1584, 'Nombre_Videojuego_1584', 45, '2001-04-18', 0, 'TODOS'),
(1585, 'Nombre_Videojuego_1585', 50, '2012-01-12', 1, '3'),
(1586, 'Nombre_Videojuego_1586', 32, '1982-05-28', 2, '7'),
(1587, 'Nombre_Videojuego_1587', 9, '1980-12-08', 3, '12'),
(1588, 'Nombre_Videojuego_1588', 1, '1977-06-01', 4, '16'),
(1589, 'Nombre_Videojuego_1589', 22, '1994-09-17', 5, '18'),
(1590, 'Nombre_Videojuego_1590', 27, '2000-09-22', 0, 'TODOS'),
(1591, 'Nombre_Videojuego_1591', 49, '1988-09-25', 1, '3'),
(1592, 'Nombre_Videojuego_1592', 46, '1993-11-27', 2, '7'),
(1593, 'Nombre_Videojuego_1593', 17, '2017-06-18', 3, '12'),
(1594, 'Nombre_Videojuego_1594', 18, '2013-12-15', 4, '16'),
(1595, 'Nombre_Videojuego_1595', 40, '2015-04-12', 5, '18'),
(1596, 'Nombre_Videojuego_1596', 43, '2011-03-22', 0, 'TODOS'),
(1597, 'Nombre_Videojuego_1597', 50, '2003-01-09', 1, '3'),
(1598, 'Nombre_Videojuego_1598', 37, '2000-10-28', 2, '7'),
(1599, 'Nombre_Videojuego_1599', 13, '1979-07-16', 3, '12'),
(1600, 'Nombre_Videojuego_1600', 11, '1998-01-05', 4, '16'),
(1601, 'Nombre_Videojuego_1601', 6, '1989-03-25', 5, '18'),
(1602, 'Nombre_Videojuego_1602', 4, '2013-01-16', 0, 'TODOS'),
(1603, 'Nombre_Videojuego_1603', 33, '2010-03-28', 1, '3'),
(1604, 'Nombre_Videojuego_1604', 3, '1993-03-12', 2, '7'),
(1605, 'Nombre_Videojuego_1605', 14, '2006-11-09', 3, '12'),
(1606, 'Nombre_Videojuego_1606', 11, '1988-01-21', 4, '16'),
(1607, 'Nombre_Videojuego_1607', 50, '2006-08-19', 5, '18'),
(1608, 'Nombre_Videojuego_1608', 47, '1982-05-20', 0, 'TODOS'),
(1609, 'Nombre_Videojuego_1609', 36, '2002-01-16', 1, '3'),
(1610, 'Nombre_Videojuego_1610', 24, '1986-09-09', 2, '7'),
(1611, 'Nombre_Videojuego_1611', 31, '2002-06-18', 3, '12'),
(1612, 'Nombre_Videojuego_1612', 17, '1986-11-25', 4, '16'),
(1613, 'Nombre_Videojuego_1613', 48, '2018-01-23', 5, '18'),
(1614, 'Nombre_Videojuego_1614', 29, '2012-05-28', 0, 'TODOS'),
(1615, 'Nombre_Videojuego_1615', 40, '1996-01-15', 1, '3'),
(1616, 'Nombre_Videojuego_1616', 10, '2005-08-20', 2, '7'),
(1617, 'Nombre_Videojuego_1617', 23, '2012-09-21', 3, '12'),
(1618, 'Nombre_Videojuego_1618', 45, '1999-02-05', 4, '16'),
(1619, 'Nombre_Videojuego_1619', 37, '1986-10-25', 5, '18'),
(1620, 'Nombre_Videojuego_1620', 5, '2004-11-07', 0, 'TODOS'),
(1621, 'Nombre_Videojuego_1621', 9, '1988-08-18', 1, '3'),
(1622, 'Nombre_Videojuego_1622', 36, '2017-02-08', 2, '7'),
(1623, 'Nombre_Videojuego_1623', 41, '1984-04-02', 3, '12'),
(1624, 'Nombre_Videojuego_1624', 27, '2009-06-17', 4, '16'),
(1625, 'Nombre_Videojuego_1625', 23, '1982-05-23', 5, '18'),
(1626, 'Nombre_Videojuego_1626', 35, '2001-06-27', 0, 'TODOS'),
(1627, 'Nombre_Videojuego_1627', 6, '1979-02-05', 1, '3'),
(1628, 'Nombre_Videojuego_1628', 45, '1988-11-09', 2, '7'),
(1629, 'Nombre_Videojuego_1629', 21, '2015-02-10', 3, '12'),
(1630, 'Nombre_Videojuego_1630', 19, '2007-09-19', 4, '16'),
(1631, 'Nombre_Videojuego_1631', 49, '2009-10-08', 5, '18'),
(1632, 'Nombre_Videojuego_1632', 25, '2014-11-18', 0, 'TODOS'),
(1633, 'Nombre_Videojuego_1633', 44, '1980-10-17', 1, '3'),
(1634, 'Nombre_Videojuego_1634', 47, '1988-11-27', 2, '7'),
(1635, 'Nombre_Videojuego_1635', 10, '2010-12-18', 3, '12'),
(1636, 'Nombre_Videojuego_1636', 14, '1999-02-15', 4, '16'),
(1637, 'Nombre_Videojuego_1637', 41, '2019-10-01', 5, '18'),
(1638, 'Nombre_Videojuego_1638', 46, '2009-09-09', 0, 'TODOS'),
(1639, 'Nombre_Videojuego_1639', 5, '1982-03-21', 1, '3'),
(1640, 'Nombre_Videojuego_1640', 29, '2011-10-25', 2, '7'),
(1641, 'Nombre_Videojuego_1641', 12, '1977-08-13', 3, '12'),
(1642, 'Nombre_Videojuego_1642', 16, '1978-04-15', 4, '16'),
(1643, 'Nombre_Videojuego_1643', 10, '1990-11-19', 5, '18'),
(1644, 'Nombre_Videojuego_1644', 32, '1990-02-28', 0, 'TODOS'),
(1645, 'Nombre_Videojuego_1645', 36, '1979-04-25', 1, '3'),
(1646, 'Nombre_Videojuego_1646', 24, '2000-11-25', 2, '7'),
(1647, 'Nombre_Videojuego_1647', 36, '1992-04-19', 3, '12'),
(1648, 'Nombre_Videojuego_1648', 10, '2004-10-12', 4, '16'),
(1649, 'Nombre_Videojuego_1649', 7, '2010-05-21', 5, '18'),
(1650, 'Nombre_Videojuego_1650', 21, '1981-08-19', 0, 'TODOS'),
(1651, 'Nombre_Videojuego_1651', 43, '1983-05-01', 1, '3'),
(1652, 'Nombre_Videojuego_1652', 30, '1987-05-16', 2, '7'),
(1653, 'Nombre_Videojuego_1653', 20, '2010-08-18', 3, '12'),
(1654, 'Nombre_Videojuego_1654', 5, '1978-09-16', 4, '16'),
(1655, 'Nombre_Videojuego_1655', 38, '2017-08-27', 5, '18'),
(1656, 'Nombre_Videojuego_1656', 11, '2018-10-21', 0, 'TODOS'),
(1657, 'Nombre_Videojuego_1657', 4, '2005-09-14', 1, '3'),
(1658, 'Nombre_Videojuego_1658', 50, '1988-01-07', 2, '7'),
(1659, 'Nombre_Videojuego_1659', 16, '2011-02-02', 3, '12'),
(1660, 'Nombre_Videojuego_1660', 19, '2006-07-19', 4, '16'),
(1661, 'Nombre_Videojuego_1661', 7, '1980-04-11', 5, '18'),
(1662, 'Nombre_Videojuego_1662', 25, '1996-02-02', 0, 'TODOS'),
(1663, 'Nombre_Videojuego_1663', 34, '2001-03-16', 1, '3'),
(1664, 'Nombre_Videojuego_1664', 23, '1985-10-10', 2, '7'),
(1665, 'Nombre_Videojuego_1665', 34, '2002-02-12', 3, '12'),
(1666, 'Nombre_Videojuego_1666', 41, '2018-11-28', 4, '16'),
(1667, 'Nombre_Videojuego_1667', 22, '2001-03-07', 5, '18'),
(1668, 'Nombre_Videojuego_1668', 30, '1997-12-28', 0, 'TODOS'),
(1669, 'Nombre_Videojuego_1669', 24, '1999-11-21', 1, '3'),
(1670, 'Nombre_Videojuego_1670', 35, '1993-04-04', 2, '7'),
(1671, 'Nombre_Videojuego_1671', 39, '2015-08-04', 3, '12'),
(1672, 'Nombre_Videojuego_1672', 31, '1987-03-22', 4, '16'),
(1673, 'Nombre_Videojuego_1673', 50, '2002-03-05', 5, '18'),
(1674, 'Nombre_Videojuego_1674', 24, '1993-05-04', 0, 'TODOS'),
(1675, 'Nombre_Videojuego_1675', 8, '1997-08-27', 1, '3'),
(1676, 'Nombre_Videojuego_1676', 17, '2004-03-14', 2, '7'),
(1677, 'Nombre_Videojuego_1677', 37, '2008-05-04', 3, '12'),
(1678, 'Nombre_Videojuego_1678', 8, '1986-12-26', 4, '16'),
(1679, 'Nombre_Videojuego_1679', 44, '2006-11-02', 5, '18'),
(1680, 'Nombre_Videojuego_1680', 19, '1997-05-22', 0, 'TODOS'),
(1681, 'Nombre_Videojuego_1681', 15, '1994-11-16', 1, '3'),
(1682, 'Nombre_Videojuego_1682', 33, '2015-06-04', 2, '7'),
(1683, 'Nombre_Videojuego_1683', 15, '2005-07-14', 3, '12'),
(1684, 'Nombre_Videojuego_1684', 12, '1995-10-20', 4, '16'),
(1685, 'Nombre_Videojuego_1685', 40, '1989-04-12', 5, '18'),
(1686, 'Nombre_Videojuego_1686', 5, '2003-11-03', 0, 'TODOS'),
(1687, 'Nombre_Videojuego_1687', 1, '1987-07-11', 1, '3'),
(1688, 'Nombre_Videojuego_1688', 38, '2012-12-18', 2, '7'),
(1689, 'Nombre_Videojuego_1689', 42, '1997-07-17', 3, '12'),
(1690, 'Nombre_Videojuego_1690', 23, '2017-01-16', 4, '16'),
(1691, 'Nombre_Videojuego_1691', 24, '2007-09-09', 5, '18'),
(1692, 'Nombre_Videojuego_1692', 4, '2000-08-11', 0, 'TODOS'),
(1693, 'Nombre_Videojuego_1693', 4, '2012-01-17', 1, '3'),
(1694, 'Nombre_Videojuego_1694', 50, '1996-07-22', 2, '7'),
(1695, 'Nombre_Videojuego_1695', 33, '2018-06-10', 3, '12'),
(1696, 'Nombre_Videojuego_1696', 38, '1986-11-26', 4, '16'),
(1697, 'Nombre_Videojuego_1697', 4, '1982-08-05', 5, '18'),
(1698, 'Nombre_Videojuego_1698', 10, '2014-12-12', 0, 'TODOS'),
(1699, 'Nombre_Videojuego_1699', 14, '2001-07-18', 1, '3'),
(1700, 'Nombre_Videojuego_1700', 26, '2010-03-05', 2, '7'),
(1701, 'Nombre_Videojuego_1701', 46, '1987-11-01', 3, '12'),
(1702, 'Nombre_Videojuego_1702', 23, '2012-01-27', 4, '16'),
(1703, 'Nombre_Videojuego_1703', 47, '1989-01-28', 5, '18'),
(1704, 'Nombre_Videojuego_1704', 10, '1986-01-12', 0, 'TODOS'),
(1705, 'Nombre_Videojuego_1705', 3, '1978-11-11', 1, '3'),
(1706, 'Nombre_Videojuego_1706', 13, '1983-12-18', 2, '7'),
(1707, 'Nombre_Videojuego_1707', 41, '1995-03-28', 3, '12'),
(1708, 'Nombre_Videojuego_1708', 6, '2007-04-21', 4, '16'),
(1709, 'Nombre_Videojuego_1709', 49, '1992-11-18', 5, '18'),
(1710, 'Nombre_Videojuego_1710', 10, '1999-03-04', 0, 'TODOS'),
(1711, 'Nombre_Videojuego_1711', 17, '2007-03-28', 1, '3'),
(1712, 'Nombre_Videojuego_1712', 43, '2018-12-07', 2, '7'),
(1713, 'Nombre_Videojuego_1713', 3, '2013-03-26', 3, '12'),
(1714, 'Nombre_Videojuego_1714', 16, '2017-02-21', 4, '16'),
(1715, 'Nombre_Videojuego_1715', 19, '2019-11-16', 5, '18'),
(1716, 'Nombre_Videojuego_1716', 24, '2011-09-01', 0, 'TODOS'),
(1717, 'Nombre_Videojuego_1717', 7, '2007-12-17', 1, '3'),
(1718, 'Nombre_Videojuego_1718', 21, '1997-03-05', 2, '7'),
(1719, 'Nombre_Videojuego_1719', 23, '1990-10-27', 3, '12'),
(1720, 'Nombre_Videojuego_1720', 43, '1987-11-09', 4, '16'),
(1721, 'Nombre_Videojuego_1721', 25, '1986-11-25', 5, '18'),
(1722, 'Nombre_Videojuego_1722', 36, '2008-02-25', 0, 'TODOS'),
(1723, 'Nombre_Videojuego_1723', 20, '1978-06-04', 1, '3'),
(1724, 'Nombre_Videojuego_1724', 41, '2002-07-24', 2, '7'),
(1725, 'Nombre_Videojuego_1725', 20, '1999-07-05', 3, '12'),
(1726, 'Nombre_Videojuego_1726', 16, '2007-03-09', 4, '16'),
(1727, 'Nombre_Videojuego_1727', 4, '1988-09-17', 5, '18'),
(1728, 'Nombre_Videojuego_1728', 12, '1979-01-28', 0, 'TODOS');
INSERT INTO `videojuegos` (`ID_VIDEOJUEGO`, `NOMBRE`, `COMPAÑIA`, `FECHA_LANZAMIENTO`, `N_JUGADORES`, `RATING`) VALUES
(1729, 'Nombre_Videojuego_1729', 4, '2014-06-18', 1, '3'),
(1730, 'Nombre_Videojuego_1730', 11, '1990-09-04', 2, '7'),
(1731, 'Nombre_Videojuego_1731', 32, '1982-01-24', 3, '12'),
(1732, 'Nombre_Videojuego_1732', 38, '1992-09-18', 4, '16'),
(1733, 'Nombre_Videojuego_1733', 13, '1984-09-18', 5, '18'),
(1734, 'Nombre_Videojuego_1734', 48, '1991-04-20', 0, 'TODOS'),
(1735, 'Nombre_Videojuego_1735', 31, '2008-04-17', 1, '3'),
(1736, 'Nombre_Videojuego_1736', 42, '1980-12-01', 2, '7'),
(1737, 'Nombre_Videojuego_1737', 8, '1983-08-02', 3, '12'),
(1738, 'Nombre_Videojuego_1738', 44, '1977-01-22', 4, '16'),
(1739, 'Nombre_Videojuego_1739', 37, '2003-09-22', 5, '18'),
(1740, 'Nombre_Videojuego_1740', 8, '2009-04-14', 0, 'TODOS'),
(1741, 'Nombre_Videojuego_1741', 7, '2004-01-22', 1, '3'),
(1742, 'Nombre_Videojuego_1742', 9, '1978-06-24', 2, '7'),
(1743, 'Nombre_Videojuego_1743', 30, '1978-04-08', 3, '12'),
(1744, 'Nombre_Videojuego_1744', 22, '2009-06-22', 4, '16'),
(1745, 'Nombre_Videojuego_1745', 25, '2004-02-27', 5, '18'),
(1746, 'Nombre_Videojuego_1746', 14, '1986-05-07', 0, 'TODOS'),
(1747, 'Nombre_Videojuego_1747', 43, '2013-04-05', 1, '3'),
(1748, 'Nombre_Videojuego_1748', 27, '2018-06-15', 2, '7'),
(1749, 'Nombre_Videojuego_1749', 13, '1993-04-11', 3, '12'),
(1750, 'Nombre_Videojuego_1750', 5, '2000-09-17', 4, '16'),
(1751, 'Nombre_Videojuego_1751', 26, '2019-07-28', 5, '18'),
(1752, 'Nombre_Videojuego_1752', 6, '1989-07-13', 0, 'TODOS'),
(1753, 'Nombre_Videojuego_1753', 1, '1984-04-22', 1, '3'),
(1754, 'Nombre_Videojuego_1754', 44, '2018-09-02', 2, '7'),
(1755, 'Nombre_Videojuego_1755', 31, '2010-03-13', 3, '12'),
(1756, 'Nombre_Videojuego_1756', 23, '2015-11-12', 4, '16'),
(1757, 'Nombre_Videojuego_1757', 31, '1992-12-03', 5, '18'),
(1758, 'Nombre_Videojuego_1758', 26, '1999-09-05', 0, 'TODOS'),
(1759, 'Nombre_Videojuego_1759', 49, '2001-04-07', 1, '3'),
(1760, 'Nombre_Videojuego_1760', 43, '1984-08-02', 2, '7'),
(1761, 'Nombre_Videojuego_1761', 3, '2016-10-19', 3, '12'),
(1762, 'Nombre_Videojuego_1762', 38, '1980-06-28', 4, '16'),
(1763, 'Nombre_Videojuego_1763', 20, '2001-04-27', 5, '18'),
(1764, 'Nombre_Videojuego_1764', 14, '2008-09-02', 0, 'TODOS'),
(1765, 'Nombre_Videojuego_1765', 11, '1991-03-14', 1, '3'),
(1766, 'Nombre_Videojuego_1766', 40, '2005-11-14', 2, '7'),
(1767, 'Nombre_Videojuego_1767', 48, '2008-11-15', 3, '12'),
(1768, 'Nombre_Videojuego_1768', 22, '2011-03-03', 4, '16'),
(1769, 'Nombre_Videojuego_1769', 37, '2016-11-14', 5, '18'),
(1770, 'Nombre_Videojuego_1770', 29, '1987-05-18', 0, 'TODOS'),
(1771, 'Nombre_Videojuego_1771', 36, '2010-01-17', 1, '3'),
(1772, 'Nombre_Videojuego_1772', 10, '2012-08-25', 2, '7'),
(1773, 'Nombre_Videojuego_1773', 35, '1998-01-13', 3, '12'),
(1774, 'Nombre_Videojuego_1774', 43, '1979-08-26', 4, '16'),
(1775, 'Nombre_Videojuego_1775', 24, '2001-02-06', 5, '18'),
(1776, 'Nombre_Videojuego_1776', 25, '1994-07-23', 0, 'TODOS'),
(1777, 'Nombre_Videojuego_1777', 30, '2007-07-12', 1, '3'),
(1778, 'Nombre_Videojuego_1778', 32, '2000-05-28', 2, '7'),
(1779, 'Nombre_Videojuego_1779', 49, '1994-05-24', 3, '12'),
(1780, 'Nombre_Videojuego_1780', 23, '1999-04-24', 4, '16'),
(1781, 'Nombre_Videojuego_1781', 1, '1988-08-17', 5, '18'),
(1782, 'Nombre_Videojuego_1782', 28, '2007-07-01', 0, 'TODOS'),
(1783, 'Nombre_Videojuego_1783', 15, '2007-09-15', 1, '3'),
(1784, 'Nombre_Videojuego_1784', 50, '1980-06-19', 2, '7'),
(1785, 'Nombre_Videojuego_1785', 27, '1988-02-18', 3, '12'),
(1786, 'Nombre_Videojuego_1786', 24, '1984-06-20', 4, '16'),
(1787, 'Nombre_Videojuego_1787', 23, '2002-04-04', 5, '18'),
(1788, 'Nombre_Videojuego_1788', 41, '2003-01-06', 0, 'TODOS'),
(1789, 'Nombre_Videojuego_1789', 24, '1989-03-10', 1, '3'),
(1790, 'Nombre_Videojuego_1790', 10, '1998-06-21', 2, '7'),
(1791, 'Nombre_Videojuego_1791', 11, '2015-12-03', 3, '12'),
(1792, 'Nombre_Videojuego_1792', 37, '1995-12-24', 4, '16'),
(1793, 'Nombre_Videojuego_1793', 44, '1989-10-04', 5, '18'),
(1794, 'Nombre_Videojuego_1794', 20, '1994-02-02', 0, 'TODOS'),
(1795, 'Nombre_Videojuego_1795', 22, '1984-07-06', 1, '3'),
(1796, 'Nombre_Videojuego_1796', 19, '2013-07-08', 2, '7'),
(1797, 'Nombre_Videojuego_1797', 5, '2010-07-21', 3, '12'),
(1798, 'Nombre_Videojuego_1798', 19, '1984-10-18', 4, '16'),
(1799, 'Nombre_Videojuego_1799', 11, '2015-08-17', 5, '18'),
(1800, 'Nombre_Videojuego_1800', 15, '1977-06-13', 0, 'TODOS'),
(1801, 'Nombre_Videojuego_1801', 44, '1997-02-06', 1, '3'),
(1802, 'Nombre_Videojuego_1802', 23, '2012-12-18', 2, '7'),
(1803, 'Nombre_Videojuego_1803', 39, '2012-09-01', 3, '12'),
(1804, 'Nombre_Videojuego_1804', 24, '2003-01-10', 4, '16'),
(1805, 'Nombre_Videojuego_1805', 50, '1984-09-27', 5, '18'),
(1806, 'Nombre_Videojuego_1806', 48, '2007-09-17', 0, 'TODOS'),
(1807, 'Nombre_Videojuego_1807', 7, '2003-08-14', 1, '3'),
(1808, 'Nombre_Videojuego_1808', 6, '1990-08-13', 2, '7'),
(1809, 'Nombre_Videojuego_1809', 15, '1991-12-18', 3, '12'),
(1810, 'Nombre_Videojuego_1810', 36, '2009-04-25', 4, '16'),
(1811, 'Nombre_Videojuego_1811', 25, '1990-12-21', 5, '18'),
(1812, 'Nombre_Videojuego_1812', 49, '1978-02-05', 0, 'TODOS'),
(1813, 'Nombre_Videojuego_1813', 16, '2011-12-25', 1, '3'),
(1814, 'Nombre_Videojuego_1814', 23, '1977-07-21', 2, '7'),
(1815, 'Nombre_Videojuego_1815', 24, '1997-09-09', 3, '12'),
(1816, 'Nombre_Videojuego_1816', 44, '2017-07-04', 4, '16'),
(1817, 'Nombre_Videojuego_1817', 17, '1981-04-13', 5, '18'),
(1818, 'Nombre_Videojuego_1818', 27, '1978-08-07', 0, 'TODOS'),
(1819, 'Nombre_Videojuego_1819', 45, '2015-11-24', 1, '3'),
(1820, 'Nombre_Videojuego_1820', 39, '1990-07-09', 2, '7'),
(1821, 'Nombre_Videojuego_1821', 5, '1978-11-22', 3, '12'),
(1822, 'Nombre_Videojuego_1822', 28, '2001-03-13', 4, '16'),
(1823, 'Nombre_Videojuego_1823', 28, '1978-12-02', 5, '18'),
(1824, 'Nombre_Videojuego_1824', 6, '1978-09-26', 0, 'TODOS'),
(1825, 'Nombre_Videojuego_1825', 38, '2014-06-28', 1, '3'),
(1826, 'Nombre_Videojuego_1826', 19, '2016-07-10', 2, '7'),
(1827, 'Nombre_Videojuego_1827', 30, '1983-03-25', 3, '12'),
(1828, 'Nombre_Videojuego_1828', 28, '1983-11-05', 4, '16'),
(1829, 'Nombre_Videojuego_1829', 34, '2003-08-16', 5, '18'),
(1830, 'Nombre_Videojuego_1830', 48, '2008-09-18', 0, 'TODOS'),
(1831, 'Nombre_Videojuego_1831', 38, '2015-06-22', 1, '3'),
(1832, 'Nombre_Videojuego_1832', 6, '2014-08-03', 2, '7'),
(1833, 'Nombre_Videojuego_1833', 17, '1981-01-03', 3, '12'),
(1834, 'Nombre_Videojuego_1834', 34, '1994-06-15', 4, '16'),
(1835, 'Nombre_Videojuego_1835', 8, '2016-04-04', 5, '18'),
(1836, 'Nombre_Videojuego_1836', 35, '2003-02-23', 0, 'TODOS'),
(1837, 'Nombre_Videojuego_1837', 7, '1982-11-28', 1, '3'),
(1838, 'Nombre_Videojuego_1838', 19, '2018-10-18', 2, '7'),
(1839, 'Nombre_Videojuego_1839', 8, '2009-06-10', 3, '12'),
(1840, 'Nombre_Videojuego_1840', 48, '2009-10-03', 4, '16'),
(1841, 'Nombre_Videojuego_1841', 21, '1989-05-10', 5, '18'),
(1842, 'Nombre_Videojuego_1842', 49, '2002-08-10', 0, 'TODOS'),
(1843, 'Nombre_Videojuego_1843', 32, '2005-09-15', 1, '3'),
(1844, 'Nombre_Videojuego_1844', 31, '1981-08-11', 2, '7'),
(1845, 'Nombre_Videojuego_1845', 6, '2017-09-10', 3, '12'),
(1846, 'Nombre_Videojuego_1846', 43, '1996-08-21', 4, '16'),
(1847, 'Nombre_Videojuego_1847', 18, '2014-09-26', 5, '18'),
(1848, 'Nombre_Videojuego_1848', 50, '1988-04-27', 0, 'TODOS'),
(1849, 'Nombre_Videojuego_1849', 46, '2014-07-04', 1, '3'),
(1850, 'Nombre_Videojuego_1850', 26, '1995-11-27', 2, '7'),
(1851, 'Nombre_Videojuego_1851', 35, '2012-10-03', 3, '12'),
(1852, 'Nombre_Videojuego_1852', 11, '2006-01-20', 4, '16'),
(1853, 'Nombre_Videojuego_1853', 42, '1982-07-05', 5, '18'),
(1854, 'Nombre_Videojuego_1854', 19, '2017-08-16', 0, 'TODOS'),
(1855, 'Nombre_Videojuego_1855', 30, '2005-11-01', 1, '3'),
(1856, 'Nombre_Videojuego_1856', 20, '2002-06-26', 2, '7'),
(1857, 'Nombre_Videojuego_1857', 20, '1996-12-06', 3, '12'),
(1858, 'Nombre_Videojuego_1858', 36, '2008-01-01', 4, '16'),
(1859, 'Nombre_Videojuego_1859', 37, '2007-07-11', 5, '18'),
(1860, 'Nombre_Videojuego_1860', 31, '2003-10-25', 0, 'TODOS'),
(1861, 'Nombre_Videojuego_1861', 16, '2016-08-12', 1, '3'),
(1862, 'Nombre_Videojuego_1862', 31, '2012-03-08', 2, '7'),
(1863, 'Nombre_Videojuego_1863', 2, '1997-07-09', 3, '12'),
(1864, 'Nombre_Videojuego_1864', 48, '1986-02-09', 4, '16'),
(1865, 'Nombre_Videojuego_1865', 27, '1986-07-06', 5, '18'),
(1866, 'Nombre_Videojuego_1866', 13, '1992-10-10', 0, 'TODOS'),
(1867, 'Nombre_Videojuego_1867', 18, '1993-10-05', 1, '3'),
(1868, 'Nombre_Videojuego_1868', 8, '1980-11-15', 2, '7'),
(1869, 'Nombre_Videojuego_1869', 50, '1983-12-19', 3, '12'),
(1870, 'Nombre_Videojuego_1870', 2, '2001-12-05', 4, '16'),
(1871, 'Nombre_Videojuego_1871', 21, '2017-04-15', 5, '18'),
(1872, 'Nombre_Videojuego_1872', 20, '2014-07-23', 0, 'TODOS'),
(1873, 'Nombre_Videojuego_1873', 35, '2005-12-28', 1, '3'),
(1874, 'Nombre_Videojuego_1874', 9, '2007-01-14', 2, '7'),
(1875, 'Nombre_Videojuego_1875', 5, '2019-05-17', 3, '12'),
(1876, 'Nombre_Videojuego_1876', 35, '1989-05-03', 4, '16'),
(1877, 'Nombre_Videojuego_1877', 22, '1984-12-27', 5, '18'),
(1878, 'Nombre_Videojuego_1878', 6, '1984-03-20', 0, 'TODOS'),
(1879, 'Nombre_Videojuego_1879', 41, '1981-06-15', 1, '3'),
(1880, 'Nombre_Videojuego_1880', 28, '1999-02-26', 2, '7'),
(1881, 'Nombre_Videojuego_1881', 45, '1997-03-09', 3, '12'),
(1882, 'Nombre_Videojuego_1882', 17, '1994-05-27', 4, '16'),
(1883, 'Nombre_Videojuego_1883', 18, '1985-09-10', 5, '18'),
(1884, 'Nombre_Videojuego_1884', 1, '2008-02-05', 0, 'TODOS'),
(1885, 'Nombre_Videojuego_1885', 18, '2013-07-07', 1, '3'),
(1886, 'Nombre_Videojuego_1886', 50, '1982-09-11', 2, '7'),
(1887, 'Nombre_Videojuego_1887', 39, '1986-08-21', 3, '12'),
(1888, 'Nombre_Videojuego_1888', 5, '1977-02-13', 4, '16'),
(1889, 'Nombre_Videojuego_1889', 44, '2009-01-21', 5, '18'),
(1890, 'Nombre_Videojuego_1890', 5, '1990-12-08', 0, 'TODOS'),
(1891, 'Nombre_Videojuego_1891', 34, '1978-02-07', 1, '3'),
(1892, 'Nombre_Videojuego_1892', 30, '2005-07-16', 2, '7'),
(1893, 'Nombre_Videojuego_1893', 47, '2013-10-24', 3, '12'),
(1894, 'Nombre_Videojuego_1894', 14, '1996-08-11', 4, '16'),
(1895, 'Nombre_Videojuego_1895', 33, '2000-11-21', 5, '18'),
(1896, 'Nombre_Videojuego_1896', 17, '2000-10-18', 0, 'TODOS'),
(1897, 'Nombre_Videojuego_1897', 31, '1995-09-02', 1, '3'),
(1898, 'Nombre_Videojuego_1898', 12, '2006-09-13', 2, '7'),
(1899, 'Nombre_Videojuego_1899', 7, '2010-02-26', 3, '12'),
(1900, 'Nombre_Videojuego_1900', 33, '2018-07-05', 4, '16'),
(1901, 'Nombre_Videojuego_1901', 15, '1989-07-15', 5, '18'),
(1902, 'Nombre_Videojuego_1902', 48, '1979-06-23', 0, 'TODOS'),
(1903, 'Nombre_Videojuego_1903', 10, '1997-07-06', 1, '3'),
(1904, 'Nombre_Videojuego_1904', 20, '2006-03-04', 2, '7'),
(1905, 'Nombre_Videojuego_1905', 43, '1977-08-13', 3, '12'),
(1906, 'Nombre_Videojuego_1906', 9, '2007-07-25', 4, '16'),
(1907, 'Nombre_Videojuego_1907', 4, '1990-09-25', 5, '18'),
(1908, 'Nombre_Videojuego_1908', 15, '1984-08-10', 0, 'TODOS'),
(1909, 'Nombre_Videojuego_1909', 17, '2000-03-05', 1, '3'),
(1910, 'Nombre_Videojuego_1910', 47, '1990-12-28', 2, '7'),
(1911, 'Nombre_Videojuego_1911', 19, '2017-05-04', 3, '12'),
(1912, 'Nombre_Videojuego_1912', 28, '1994-06-16', 4, '16'),
(1913, 'Nombre_Videojuego_1913', 5, '1996-04-13', 5, '18'),
(1914, 'Nombre_Videojuego_1914', 17, '1986-09-05', 0, 'TODOS'),
(1915, 'Nombre_Videojuego_1915', 5, '2000-01-23', 1, '3'),
(1916, 'Nombre_Videojuego_1916', 6, '2004-05-13', 2, '7'),
(1917, 'Nombre_Videojuego_1917', 34, '1986-12-17', 3, '12'),
(1918, 'Nombre_Videojuego_1918', 19, '2018-03-04', 4, '16'),
(1919, 'Nombre_Videojuego_1919', 22, '1980-06-01', 5, '18'),
(1920, 'Nombre_Videojuego_1920', 45, '2005-09-07', 0, 'TODOS'),
(1921, 'Nombre_Videojuego_1921', 36, '1992-08-20', 1, '3'),
(1922, 'Nombre_Videojuego_1922', 44, '2002-02-11', 2, '7'),
(1923, 'Nombre_Videojuego_1923', 11, '1987-01-02', 3, '12'),
(1924, 'Nombre_Videojuego_1924', 43, '1986-08-17', 4, '16'),
(1925, 'Nombre_Videojuego_1925', 50, '1999-04-18', 5, '18'),
(1926, 'Nombre_Videojuego_1926', 31, '1983-04-03', 0, 'TODOS'),
(1927, 'Nombre_Videojuego_1927', 15, '2019-12-19', 1, '3'),
(1928, 'Nombre_Videojuego_1928', 4, '2015-10-25', 2, '7'),
(1929, 'Nombre_Videojuego_1929', 16, '1996-10-09', 3, '12'),
(1930, 'Nombre_Videojuego_1930', 30, '1980-11-18', 4, '16'),
(1931, 'Nombre_Videojuego_1931', 21, '2015-01-10', 5, '18'),
(1932, 'Nombre_Videojuego_1932', 22, '1977-06-21', 0, 'TODOS'),
(1933, 'Nombre_Videojuego_1933', 27, '2014-06-14', 1, '3'),
(1934, 'Nombre_Videojuego_1934', 13, '2010-10-19', 2, '7'),
(1935, 'Nombre_Videojuego_1935', 7, '2017-09-01', 3, '12'),
(1936, 'Nombre_Videojuego_1936', 29, '1979-11-01', 4, '16'),
(1937, 'Nombre_Videojuego_1937', 24, '1987-07-05', 5, '18'),
(1938, 'Nombre_Videojuego_1938', 7, '1982-02-21', 0, 'TODOS'),
(1939, 'Nombre_Videojuego_1939', 12, '1982-06-26', 1, '3'),
(1940, 'Nombre_Videojuego_1940', 11, '1988-05-01', 2, '7'),
(1941, 'Nombre_Videojuego_1941', 45, '2002-08-07', 3, '12'),
(1942, 'Nombre_Videojuego_1942', 17, '1981-11-19', 4, '16'),
(1943, 'Nombre_Videojuego_1943', 8, '2008-04-11', 5, '18'),
(1944, 'Nombre_Videojuego_1944', 49, '2004-09-06', 0, 'TODOS'),
(1945, 'Nombre_Videojuego_1945', 27, '2018-07-22', 1, '3'),
(1946, 'Nombre_Videojuego_1946', 19, '1989-12-08', 2, '7'),
(1947, 'Nombre_Videojuego_1947', 43, '1983-12-17', 3, '12'),
(1948, 'Nombre_Videojuego_1948', 21, '2015-07-05', 4, '16'),
(1949, 'Nombre_Videojuego_1949', 1, '1981-11-21', 5, '18'),
(1950, 'Nombre_Videojuego_1950', 50, '2003-05-27', 0, 'TODOS'),
(1951, 'Nombre_Videojuego_1951', 38, '1993-01-18', 1, '3'),
(1952, 'Nombre_Videojuego_1952', 31, '1985-06-25', 2, '7'),
(1953, 'Nombre_Videojuego_1953', 43, '2009-08-04', 3, '12'),
(1954, 'Nombre_Videojuego_1954', 9, '2019-02-19', 4, '16'),
(1955, 'Nombre_Videojuego_1955', 9, '1994-11-16', 5, '18'),
(1956, 'Nombre_Videojuego_1956', 48, '2009-12-13', 0, 'TODOS'),
(1957, 'Nombre_Videojuego_1957', 24, '1984-07-20', 1, '3'),
(1958, 'Nombre_Videojuego_1958', 13, '1980-03-20', 2, '7'),
(1959, 'Nombre_Videojuego_1959', 39, '2013-12-02', 3, '12'),
(1960, 'Nombre_Videojuego_1960', 23, '2018-10-04', 4, '16'),
(1961, 'Nombre_Videojuego_1961', 7, '1983-04-27', 5, '18'),
(1962, 'Nombre_Videojuego_1962', 12, '2017-01-23', 0, 'TODOS'),
(1963, 'Nombre_Videojuego_1963', 22, '2006-10-26', 1, '3'),
(1964, 'Nombre_Videojuego_1964', 19, '2004-12-20', 2, '7'),
(1965, 'Nombre_Videojuego_1965', 50, '1996-02-26', 3, '12'),
(1966, 'Nombre_Videojuego_1966', 4, '2016-05-06', 4, '16'),
(1967, 'Nombre_Videojuego_1967', 11, '1989-12-04', 5, '18'),
(1968, 'Nombre_Videojuego_1968', 9, '2009-03-02', 0, 'TODOS'),
(1969, 'Nombre_Videojuego_1969', 5, '2005-06-03', 1, '3'),
(1970, 'Nombre_Videojuego_1970', 17, '1995-03-23', 2, '7'),
(1971, 'Nombre_Videojuego_1971', 40, '1993-04-23', 3, '12'),
(1972, 'Nombre_Videojuego_1972', 4, '1984-08-13', 4, '16'),
(1973, 'Nombre_Videojuego_1973', 15, '1992-01-01', 5, '18'),
(1974, 'Nombre_Videojuego_1974', 33, '2011-06-16', 0, 'TODOS'),
(1975, 'Nombre_Videojuego_1975', 46, '1995-12-20', 1, '3'),
(1976, 'Nombre_Videojuego_1976', 30, '1980-11-26', 2, '7'),
(1977, 'Nombre_Videojuego_1977', 19, '2013-07-09', 3, '12'),
(1978, 'Nombre_Videojuego_1978', 36, '1985-10-25', 4, '16'),
(1979, 'Nombre_Videojuego_1979', 17, '2017-03-18', 5, '18'),
(1980, 'Nombre_Videojuego_1980', 45, '1985-04-22', 0, 'TODOS'),
(1981, 'Nombre_Videojuego_1981', 49, '1981-12-05', 1, '3'),
(1982, 'Nombre_Videojuego_1982', 48, '1998-01-26', 2, '7'),
(1983, 'Nombre_Videojuego_1983', 39, '1982-07-11', 3, '12'),
(1984, 'Nombre_Videojuego_1984', 10, '2006-09-02', 4, '16'),
(1985, 'Nombre_Videojuego_1985', 34, '1993-10-06', 5, '18'),
(1986, 'Nombre_Videojuego_1986', 39, '1988-04-16', 0, 'TODOS'),
(1987, 'Nombre_Videojuego_1987', 17, '2001-10-16', 1, '3'),
(1988, 'Nombre_Videojuego_1988', 39, '1983-07-22', 2, '7'),
(1989, 'Nombre_Videojuego_1989', 47, '2018-10-03', 3, '12'),
(1990, 'Nombre_Videojuego_1990', 28, '2015-05-21', 4, '16'),
(1991, 'Nombre_Videojuego_1991', 1, '1987-10-03', 5, '18'),
(1992, 'Nombre_Videojuego_1992', 6, '1978-11-21', 0, 'TODOS'),
(1993, 'Nombre_Videojuego_1993', 9, '2001-10-09', 1, '3'),
(1994, 'Nombre_Videojuego_1994', 3, '1990-11-11', 2, '7'),
(1995, 'Nombre_Videojuego_1995', 31, '1993-07-10', 3, '12'),
(1996, 'Nombre_Videojuego_1996', 38, '1980-03-23', 4, '16'),
(1997, 'Nombre_Videojuego_1997', 39, '2016-12-18', 5, '18'),
(1998, 'Nombre_Videojuego_1998', 36, '1996-09-11', 0, 'TODOS'),
(1999, 'Nombre_Videojuego_1999', 39, '2013-05-05', 1, '3'),
(2000, 'Nombre_Videojuego_2000', 7, '1992-04-08', 2, '7');

--
-- Índices para tablas volcadas
--

--
-- Indices de la tabla `compañia`
--
ALTER TABLE `compañia`
  ADD PRIMARY KEY (`ID_COMPAÑIA`);

--
-- Indices de la tabla `genero`
--
ALTER TABLE `genero`
  ADD PRIMARY KEY (`ID_GENERO`);

--
-- Indices de la tabla `genero_videojuego`
--
ALTER TABLE `genero_videojuego`
  ADD PRIMARY KEY (`ID_VIDEOJUEGO`,`ID_GENERO`);

--
-- Indices de la tabla `lista_jugados`
--
ALTER TABLE `lista_jugados`
  ADD PRIMARY KEY (`ID_VIDEOJUEGO`,`ID_USUARIO`);

--
-- Indices de la tabla `lista_pendientes`
--
ALTER TABLE `lista_pendientes`
  ADD PRIMARY KEY (`ID_VIDEOJUEGO`,`ID_USUARIO`);

--
-- Indices de la tabla `plataforma`
--
ALTER TABLE `plataforma`
  ADD PRIMARY KEY (`ID_PLATAFORMA`);

--
-- Indices de la tabla `plataforma_videojuego`
--
ALTER TABLE `plataforma_videojuego`
  ADD PRIMARY KEY (`ID_VIDEOJUEGO`,`ID_PLATAFORMA`);

--
-- Indices de la tabla `textos`
--
ALTER TABLE `textos`
  ADD PRIMARY KEY (`ID_TEXTO`);

--
-- Indices de la tabla `usuario`
--
ALTER TABLE `usuario`
  ADD PRIMARY KEY (`ID_USUARIO`);

--
-- Indices de la tabla `videojuegos`
--
ALTER TABLE `videojuegos`
  ADD PRIMARY KEY (`ID_VIDEOJUEGO`),
  ADD KEY `COMPAÑIA` (`COMPAÑIA`);

--
-- AUTO_INCREMENT de las tablas volcadas
--

--
-- AUTO_INCREMENT de la tabla `compañia`
--
ALTER TABLE `compañia`
  MODIFY `ID_COMPAÑIA` int(11) NOT NULL AUTO_INCREMENT, AUTO_INCREMENT=51;

--
-- AUTO_INCREMENT de la tabla `genero`
--
ALTER TABLE `genero`
  MODIFY `ID_GENERO` int(11) NOT NULL AUTO_INCREMENT, AUTO_INCREMENT=21;

--
-- AUTO_INCREMENT de la tabla `plataforma`
--
ALTER TABLE `plataforma`
  MODIFY `ID_PLATAFORMA` int(11) NOT NULL AUTO_INCREMENT, AUTO_INCREMENT=35;

--
-- AUTO_INCREMENT de la tabla `textos`
--
ALTER TABLE `textos`
  MODIFY `ID_TEXTO` int(11) NOT NULL AUTO_INCREMENT;

--
-- AUTO_INCREMENT de la tabla `usuario`
--
ALTER TABLE `usuario`
  MODIFY `ID_USUARIO` int(11) NOT NULL AUTO_INCREMENT, AUTO_INCREMENT=501;

--
-- AUTO_INCREMENT de la tabla `videojuegos`
--
ALTER TABLE `videojuegos`
  MODIFY `ID_VIDEOJUEGO` int(11) NOT NULL AUTO_INCREMENT, AUTO_INCREMENT=2001;

--
-- Restricciones para tablas volcadas
--

--
-- Filtros para la tabla `videojuegos`
--
ALTER TABLE `videojuegos`
  ADD CONSTRAINT `videojuegos_ibfk_1` FOREIGN KEY (`COMPAÑIA`) REFERENCES `compañia` (`ID_COMPAÑIA`);
COMMIT;

/*!40101 SET CHARACTER_SET_CLIENT=@OLD_CHARACTER_SET_CLIENT */;
/*!40101 SET CHARACTER_SET_RESULTS=@OLD_CHARACTER_SET_RESULTS */;
/*!40101 SET COLLATION_CONNECTION=@OLD_COLLATION_CONNECTION */;
